{"10001":{"id":10001,"name":"Cloud_Name-10001","desc":"Cloud_Desc-10001","icon":"10001","cost":"0","primAttack":"0","resourceType":1,"type":1},"10002":{"id":10002,"name":"Cloud_Name-10002","desc":"Cloud_Desc-10002","icon":"10002","cost":"100000=480","primAttack":"16","resourceType":0,"type":1},"10003":{"id":10003,"name":"Cloud_Name-10003","desc":"Cloud_Desc-10003","icon":"10003","cost":"100000=480","primAttack":"14","resourceType":2,"type":1},"10004":{"id":10004,"name":"Cloud_Name-10004","desc":"Cloud_Desc-10004","icon":"10004","cost":"100000=480","primAttack":"12","resourceType":2,"type":1},"10005":{"id":10005,"name":"Cloud_Name-10005","desc":"Cloud_Desc-10005","icon":"10005","cost":"100000=480","primAttack":"11","resourceType":2,"type":1},"10006":{"id":10006,"name":"Cloud_Name-10006","desc":"Cloud_Desc-10006","icon":"10006","cost":"100000=480","primAttack":"15","resourceType":2,"type":1},"10007":{"id":10007,"name":"Cloud_Name-10007","desc":"Cloud_Desc-10007","icon":"10007","cost":"100000=480","primAttack":"13","resourceType":2,"type":1},"10008":{"id":10008,"name":"Cloud_Name-10008","desc":"Cloud_Desc-10008","icon":"10008","cost":"202001=1","primAttack":"200001","resourceType":0,"type":2},"10009":{"id":10009,"name":"Cloud_Name-10009","desc":"Cloud_Desc-10009","icon":"10009","cost":"202002=1","primAttack":"200001","resourceType":2,"type":2},"10010":{"id":10010,"name":"Cloud_Name-10010","desc":"Cloud_Desc-10010","icon":"10010","cost":"202003=1","primAttack":"200001","resourceType":2,"type":2},"10011":{"id":10011,"name":"Cloud_Name-10011","desc":"Cloud_Desc-10011","icon":"10011","cost":"202004=1","primAttack":"200001","resourceType":2,"type":2},"10012":{"id":10012,"name":"Cloud_Name-10012","desc":"Cloud_Desc-10012","icon":"10012","cost":"202005=1","primAttack":"200001","resourceType":2,"type":2},"10013":{"id":10013,"name":"Cloud_Name-10013","desc":"Cloud_Desc-10013","icon":"10013","cost":"202006=1","primAttack":"200001","resourceType":2,"type":2},"10014":{"id":10014,"name":"Cloud_Name-10014","desc":"Cloud_Desc-10014","icon":"10014","cost":"202007=1","primAttack":"200001","resourceType":2,"type":2},"10015":{"id":10015,"name":"Cloud_Name-10015","desc":"Cloud_Desc-10015","icon":"10015","cost":"202008=1","primAttack":"200001","resourceType":2,"type":2},"10016":{"id":10016,"name":"Cloud_Name-10016","desc":"Cloud_Desc-10016","icon":"10016","cost":"202009=1","primAttack":"200001","resourceType":0,"type":2}}