{"1000101":{"id":1000101,"background":10011,"name":"Destiny_Level-1000101","unlockLevel":0,"unlockLike":0,"charaId":10001,"monsterId":103001,"monsterLevel":5,"rewards":"100000=20|100004=10"},"1000102":{"id":1000102,"background":10011,"name":"Destiny_Level-1000102","unlockLevel":0,"unlockLike":0,"charaId":10001,"monsterId":103001,"monsterLevel":11,"rewards":"100000=30|100004=15"},"1000103":{"id":1000103,"background":10011,"name":"Destiny_Level-1000103","unlockLevel":0,"unlockLike":0,"charaId":10001,"monsterId":103001,"monsterLevel":13,"rewards":"100000=40|100004=20"},"1000104":{"id":1000104,"background":10011,"name":"Destiny_Level-1000104","unlockLevel":16,"unlockLike":0,"charaId":10001,"monsterId":103001,"monsterLevel":17,"rewards":"100000=20|100005=20"},"1000105":{"id":1000105,"background":10011,"name":"Destiny_Level-1000105","unlockLevel":16,"unlockLike":0,"charaId":10001,"monsterId":103001,"monsterLevel":20,"rewards":"100000=30|100005=20"},"1000106":{"id":1000106,"background":10011,"name":"Destiny_Level-1000106","unlockLevel":16,"unlockLike":0,"charaId":10001,"monsterId":103001,"monsterLevel":24,"rewards":"100000=40|100005=20"},"1000107":{"id":1000107,"background":10011,"name":"Destiny_Level-1000107","unlockLevel":36,"unlockLike":5,"charaId":10001,"monsterId":103001,"monsterLevel":30,"rewards":"100000=35|100010=20"},"1000108":{"id":1000108,"background":10011,"name":"Destiny_Level-1000108","unlockLevel":36,"unlockLike":5,"charaId":10001,"monsterId":103001,"monsterLevel":36,"rewards":"100000=45|100010=30"},"1000109":{"id":1000109,"background":10011,"name":"Destiny_Level-1000109","unlockLevel":36,"unlockLike":10,"charaId":10001,"monsterId":103001,"monsterLevel":43,"rewards":"100000=55|100010=40"},"1000110":{"id":1000110,"background":10011,"name":"Destiny_Level-1000110","unlockLevel":56,"unlockLike":10,"charaId":10001,"monsterId":103001,"monsterLevel":50,"rewards":"100000=35|100007=20"},"1000111":{"id":1000111,"background":10011,"name":"Destiny_Level-1000111","unlockLevel":56,"unlockLike":20,"charaId":10001,"monsterId":103001,"monsterLevel":56,"rewards":"100000=45|100007=30"},"1000112":{"id":1000112,"background":10011,"name":"Destiny_Level-1000112","unlockLevel":56,"unlockLike":20,"charaId":10001,"monsterId":103001,"monsterLevel":62,"rewards":"100000=55|100007=40"},"1000113":{"id":1000113,"background":10011,"name":"Destiny_Level-1000113","unlockLevel":96,"unlockLike":20,"charaId":10001,"monsterId":103001,"monsterLevel":70,"rewards":"100000=50|100029=10"},"1000114":{"id":1000114,"background":10011,"name":"Destiny_Level-1000114","unlockLevel":96,"unlockLike":20,"charaId":10001,"monsterId":103001,"monsterLevel":76,"rewards":"100000=60|100029=15"},"1000115":{"id":1000115,"background":10011,"name":"Destiny_Level-1000115","unlockLevel":96,"unlockLike":20,"charaId":10001,"monsterId":103001,"monsterLevel":81,"rewards":"100000=70|100029=20"},"1000116":{"id":1000116,"background":10011,"name":"Destiny_Level-1000116","unlockLevel":156,"unlockLike":40,"charaId":10001,"monsterId":103001,"monsterLevel":93,"rewards":"100000=50|100008=2"},"1000117":{"id":1000117,"background":10011,"name":"Destiny_Level-1000117","unlockLevel":156,"unlockLike":40,"charaId":10001,"monsterId":103001,"monsterLevel":102,"rewards":"100000=60|100008=3"},"1000118":{"id":1000118,"background":10011,"name":"Destiny_Level-1000118","unlockLevel":156,"unlockLike":40,"charaId":10001,"monsterId":103001,"monsterLevel":111,"rewards":"100000=70|100008=5"},"1000119":{"id":1000119,"background":10011,"name":"Destiny_Level-1000119","unlockLevel":236,"unlockLike":40,"charaId":10001,"monsterId":103001,"monsterLevel":123,"rewards":"100000=65|150018=1"},"1000120":{"id":1000120,"background":10011,"name":"Destiny_Level-1000120","unlockLevel":236,"unlockLike":40,"charaId":10001,"monsterId":103001,"monsterLevel":132,"rewards":"100000=75|150018=1"},"1000121":{"id":1000121,"background":10011,"name":"Destiny_Level-1000121","unlockLevel":236,"unlockLike":40,"charaId":10001,"monsterId":103001,"monsterLevel":140,"rewards":"100000=85|150016=1"},"1000122":{"id":1000122,"background":10011,"name":"Destiny_Level-1000122","unlockLevel":336,"unlockLike":60,"charaId":10001,"monsterId":103001,"monsterLevel":156,"rewards":"100000=65|100023=4"},"1000123":{"id":1000123,"background":10011,"name":"Destiny_Level-1000123","unlockLevel":336,"unlockLike":60,"charaId":10001,"monsterId":103001,"monsterLevel":168,"rewards":"100000=75|100023=6"},"1000124":{"id":1000124,"background":10011,"name":"Destiny_Level-1000124","unlockLevel":336,"unlockLike":60,"charaId":10001,"monsterId":103001,"monsterLevel":180,"rewards":"100000=85|100023=10"},"1000125":{"id":1000125,"background":10011,"name":"Destiny_Level-1000125","unlockLevel":456,"unlockLike":60,"charaId":10001,"monsterId":103001,"monsterLevel":199,"rewards":"100000=80|150006=1"},"1000126":{"id":1000126,"background":10011,"name":"Destiny_Level-1000126","unlockLevel":456,"unlockLike":60,"charaId":10001,"monsterId":103001,"monsterLevel":214,"rewards":"100000=90|150006=1"},"1000127":{"id":1000127,"background":10011,"name":"Destiny_Level-1000127","unlockLevel":456,"unlockLike":60,"charaId":10001,"monsterId":103001,"monsterLevel":229,"rewards":"100000=100|150004=1"},"1000128":{"id":1000128,"background":10011,"name":"Destiny_Level-1000128","unlockLevel":596,"unlockLike":80,"charaId":10001,"monsterId":103001,"monsterLevel":252,"rewards":"100000=80|100006=1"},"1000129":{"id":1000129,"background":10011,"name":"Destiny_Level-1000129","unlockLevel":596,"unlockLike":80,"charaId":10001,"monsterId":103001,"monsterLevel":270,"rewards":"100000=90|100006=1"},"1000130":{"id":1000130,"background":10011,"name":"Destiny_Level-1000130","unlockLevel":596,"unlockLike":80,"charaId":10001,"monsterId":103001,"monsterLevel":284,"rewards":"100000=100|100006=1"},"1000201":{"id":1000201,"background":10011,"name":"Destiny_Level-1000101","unlockLevel":0,"unlockLike":0,"charaId":10002,"monsterId":103002,"monsterLevel":5,"rewards":"100000=20|100004=10"},"1000202":{"id":1000202,"background":10011,"name":"Destiny_Level-1000102","unlockLevel":0,"unlockLike":0,"charaId":10002,"monsterId":103002,"monsterLevel":11,"rewards":"100000=30|100004=15"},"1000203":{"id":1000203,"background":10011,"name":"Destiny_Level-1000103","unlockLevel":0,"unlockLike":0,"charaId":10002,"monsterId":103002,"monsterLevel":13,"rewards":"100000=40|100004=20"},"1000204":{"id":1000204,"background":10011,"name":"Destiny_Level-1000104","unlockLevel":16,"unlockLike":0,"charaId":10002,"monsterId":103002,"monsterLevel":17,"rewards":"100000=20|100005=20"},"1000205":{"id":1000205,"background":10011,"name":"Destiny_Level-1000105","unlockLevel":16,"unlockLike":0,"charaId":10002,"monsterId":103002,"monsterLevel":20,"rewards":"100000=30|100005=20"},"1000206":{"id":1000206,"background":10011,"name":"Destiny_Level-1000106","unlockLevel":16,"unlockLike":0,"charaId":10002,"monsterId":103002,"monsterLevel":24,"rewards":"100000=40|100005=20"},"1000207":{"id":1000207,"background":10011,"name":"Destiny_Level-1000107","unlockLevel":36,"unlockLike":5,"charaId":10002,"monsterId":103002,"monsterLevel":30,"rewards":"100000=35|100010=20"},"1000208":{"id":1000208,"background":10011,"name":"Destiny_Level-1000108","unlockLevel":36,"unlockLike":5,"charaId":10002,"monsterId":103002,"monsterLevel":36,"rewards":"100000=45|100010=30"},"1000209":{"id":1000209,"background":10011,"name":"Destiny_Level-1000109","unlockLevel":36,"unlockLike":10,"charaId":10002,"monsterId":103002,"monsterLevel":43,"rewards":"100000=55|100010=40"},"1000210":{"id":1000210,"background":10011,"name":"Destiny_Level-1000110","unlockLevel":56,"unlockLike":10,"charaId":10002,"monsterId":103002,"monsterLevel":50,"rewards":"100000=35|100007=20"},"1000211":{"id":1000211,"background":10011,"name":"Destiny_Level-1000111","unlockLevel":56,"unlockLike":20,"charaId":10002,"monsterId":103002,"monsterLevel":56,"rewards":"100000=45|100007=30"},"1000212":{"id":1000212,"background":10011,"name":"Destiny_Level-1000112","unlockLevel":56,"unlockLike":20,"charaId":10002,"monsterId":103002,"monsterLevel":62,"rewards":"100000=55|100007=40"},"1000213":{"id":1000213,"background":10011,"name":"Destiny_Level-1000113","unlockLevel":96,"unlockLike":20,"charaId":10002,"monsterId":103002,"monsterLevel":70,"rewards":"100000=50|100029=10"},"1000214":{"id":1000214,"background":10011,"name":"Destiny_Level-1000114","unlockLevel":96,"unlockLike":20,"charaId":10002,"monsterId":103002,"monsterLevel":76,"rewards":"100000=60|100029=15"},"1000215":{"id":1000215,"background":10011,"name":"Destiny_Level-1000115","unlockLevel":96,"unlockLike":20,"charaId":10002,"monsterId":103002,"monsterLevel":81,"rewards":"100000=70|100029=20"},"1000216":{"id":1000216,"background":10011,"name":"Destiny_Level-1000116","unlockLevel":156,"unlockLike":40,"charaId":10002,"monsterId":103002,"monsterLevel":93,"rewards":"100000=50|100008=2"},"1000217":{"id":1000217,"background":10011,"name":"Destiny_Level-1000117","unlockLevel":156,"unlockLike":40,"charaId":10002,"monsterId":103002,"monsterLevel":102,"rewards":"100000=60|100008=3"},"1000218":{"id":1000218,"background":10011,"name":"Destiny_Level-1000118","unlockLevel":156,"unlockLike":40,"charaId":10002,"monsterId":103002,"monsterLevel":111,"rewards":"100000=70|100008=5"},"1000219":{"id":1000219,"background":10011,"name":"Destiny_Level-1000119","unlockLevel":236,"unlockLike":40,"charaId":10002,"monsterId":103002,"monsterLevel":123,"rewards":"100000=65|150018=1"},"1000220":{"id":1000220,"background":10011,"name":"Destiny_Level-1000120","unlockLevel":236,"unlockLike":40,"charaId":10002,"monsterId":103002,"monsterLevel":132,"rewards":"100000=75|150018=1"},"1000221":{"id":1000221,"background":10011,"name":"Destiny_Level-1000121","unlockLevel":236,"unlockLike":40,"charaId":10002,"monsterId":103002,"monsterLevel":140,"rewards":"100000=85|150016=1"},"1000222":{"id":1000222,"background":10011,"name":"Destiny_Level-1000122","unlockLevel":336,"unlockLike":60,"charaId":10002,"monsterId":103002,"monsterLevel":156,"rewards":"100000=65|100023=4"},"1000223":{"id":1000223,"background":10011,"name":"Destiny_Level-1000123","unlockLevel":336,"unlockLike":60,"charaId":10002,"monsterId":103002,"monsterLevel":168,"rewards":"100000=75|100023=6"},"1000224":{"id":1000224,"background":10011,"name":"Destiny_Level-1000124","unlockLevel":336,"unlockLike":60,"charaId":10002,"monsterId":103002,"monsterLevel":180,"rewards":"100000=85|100023=10"},"1000225":{"id":1000225,"background":10011,"name":"Destiny_Level-1000125","unlockLevel":456,"unlockLike":60,"charaId":10002,"monsterId":103002,"monsterLevel":199,"rewards":"100000=80|150006=1"},"1000226":{"id":1000226,"background":10011,"name":"Destiny_Level-1000126","unlockLevel":456,"unlockLike":60,"charaId":10002,"monsterId":103002,"monsterLevel":214,"rewards":"100000=90|150006=1"},"1000227":{"id":1000227,"background":10011,"name":"Destiny_Level-1000127","unlockLevel":456,"unlockLike":60,"charaId":10002,"monsterId":103002,"monsterLevel":229,"rewards":"100000=100|150004=1"},"1000228":{"id":1000228,"background":10011,"name":"Destiny_Level-1000128","unlockLevel":596,"unlockLike":80,"charaId":10002,"monsterId":103002,"monsterLevel":252,"rewards":"100000=80|100006=1"},"1000229":{"id":1000229,"background":10011,"name":"Destiny_Level-1000129","unlockLevel":596,"unlockLike":80,"charaId":10002,"monsterId":103002,"monsterLevel":270,"rewards":"100000=90|100006=1"},"1000230":{"id":1000230,"background":10011,"name":"Destiny_Level-1000130","unlockLevel":596,"unlockLike":80,"charaId":10002,"monsterId":103002,"monsterLevel":284,"rewards":"100000=100|100006=1"},"1000301":{"id":1000301,"background":10011,"name":"Destiny_Level-1000101","unlockLevel":0,"unlockLike":0,"charaId":10003,"monsterId":103003,"monsterLevel":5,"rewards":"100000=20|100004=10"},"1000302":{"id":1000302,"background":10011,"name":"Destiny_Level-1000102","unlockLevel":0,"unlockLike":0,"charaId":10003,"monsterId":103003,"monsterLevel":11,"rewards":"100000=30|100004=15"},"1000303":{"id":1000303,"background":10011,"name":"Destiny_Level-1000103","unlockLevel":0,"unlockLike":0,"charaId":10003,"monsterId":103003,"monsterLevel":13,"rewards":"100000=40|100004=20"},"1000304":{"id":1000304,"background":10011,"name":"Destiny_Level-1000104","unlockLevel":16,"unlockLike":0,"charaId":10003,"monsterId":103003,"monsterLevel":17,"rewards":"100000=20|100005=20"},"1000305":{"id":1000305,"background":10011,"name":"Destiny_Level-1000105","unlockLevel":16,"unlockLike":0,"charaId":10003,"monsterId":103003,"monsterLevel":20,"rewards":"100000=30|100005=20"},"1000306":{"id":1000306,"background":10011,"name":"Destiny_Level-1000106","unlockLevel":16,"unlockLike":0,"charaId":10003,"monsterId":103003,"monsterLevel":24,"rewards":"100000=40|100005=20"},"1000307":{"id":1000307,"background":10011,"name":"Destiny_Level-1000107","unlockLevel":36,"unlockLike":5,"charaId":10003,"monsterId":103003,"monsterLevel":30,"rewards":"100000=35|100010=20"},"1000308":{"id":1000308,"background":10011,"name":"Destiny_Level-1000108","unlockLevel":36,"unlockLike":5,"charaId":10003,"monsterId":103003,"monsterLevel":36,"rewards":"100000=45|100010=30"},"1000309":{"id":1000309,"background":10011,"name":"Destiny_Level-1000109","unlockLevel":36,"unlockLike":10,"charaId":10003,"monsterId":103003,"monsterLevel":43,"rewards":"100000=55|100010=40"},"1000310":{"id":1000310,"background":10011,"name":"Destiny_Level-1000110","unlockLevel":56,"unlockLike":10,"charaId":10003,"monsterId":103003,"monsterLevel":50,"rewards":"100000=35|100007=20"},"1000311":{"id":1000311,"background":10011,"name":"Destiny_Level-1000111","unlockLevel":56,"unlockLike":20,"charaId":10003,"monsterId":103003,"monsterLevel":56,"rewards":"100000=45|100007=30"},"1000312":{"id":1000312,"background":10011,"name":"Destiny_Level-1000112","unlockLevel":56,"unlockLike":20,"charaId":10003,"monsterId":103003,"monsterLevel":62,"rewards":"100000=55|100007=40"},"1000313":{"id":1000313,"background":10011,"name":"Destiny_Level-1000113","unlockLevel":96,"unlockLike":20,"charaId":10003,"monsterId":103003,"monsterLevel":70,"rewards":"100000=50|100029=10"},"1000314":{"id":1000314,"background":10011,"name":"Destiny_Level-1000114","unlockLevel":96,"unlockLike":20,"charaId":10003,"monsterId":103003,"monsterLevel":76,"rewards":"100000=60|100029=15"},"1000315":{"id":1000315,"background":10011,"name":"Destiny_Level-1000115","unlockLevel":96,"unlockLike":20,"charaId":10003,"monsterId":103003,"monsterLevel":81,"rewards":"100000=70|100029=20"},"1000316":{"id":1000316,"background":10011,"name":"Destiny_Level-1000116","unlockLevel":156,"unlockLike":40,"charaId":10003,"monsterId":103003,"monsterLevel":93,"rewards":"100000=50|100008=2"},"1000317":{"id":1000317,"background":10011,"name":"Destiny_Level-1000117","unlockLevel":156,"unlockLike":40,"charaId":10003,"monsterId":103003,"monsterLevel":102,"rewards":"100000=60|100008=3"},"1000318":{"id":1000318,"background":10011,"name":"Destiny_Level-1000118","unlockLevel":156,"unlockLike":40,"charaId":10003,"monsterId":103003,"monsterLevel":111,"rewards":"100000=70|100008=5"},"1000319":{"id":1000319,"background":10011,"name":"Destiny_Level-1000119","unlockLevel":236,"unlockLike":40,"charaId":10003,"monsterId":103003,"monsterLevel":123,"rewards":"100000=65|150018=1"},"1000320":{"id":1000320,"background":10011,"name":"Destiny_Level-1000120","unlockLevel":236,"unlockLike":40,"charaId":10003,"monsterId":103003,"monsterLevel":132,"rewards":"100000=75|150018=1"},"1000321":{"id":1000321,"background":10011,"name":"Destiny_Level-1000121","unlockLevel":236,"unlockLike":40,"charaId":10003,"monsterId":103003,"monsterLevel":140,"rewards":"100000=85|150016=1"},"1000322":{"id":1000322,"background":10011,"name":"Destiny_Level-1000122","unlockLevel":336,"unlockLike":60,"charaId":10003,"monsterId":103003,"monsterLevel":156,"rewards":"100000=65|100023=4"},"1000323":{"id":1000323,"background":10011,"name":"Destiny_Level-1000123","unlockLevel":336,"unlockLike":60,"charaId":10003,"monsterId":103003,"monsterLevel":168,"rewards":"100000=75|100023=6"},"1000324":{"id":1000324,"background":10011,"name":"Destiny_Level-1000124","unlockLevel":336,"unlockLike":60,"charaId":10003,"monsterId":103003,"monsterLevel":180,"rewards":"100000=85|100023=10"},"1000325":{"id":1000325,"background":10011,"name":"Destiny_Level-1000125","unlockLevel":456,"unlockLike":60,"charaId":10003,"monsterId":103003,"monsterLevel":199,"rewards":"100000=80|150006=1"},"1000326":{"id":1000326,"background":10011,"name":"Destiny_Level-1000126","unlockLevel":456,"unlockLike":60,"charaId":10003,"monsterId":103003,"monsterLevel":214,"rewards":"100000=90|150006=1"},"1000327":{"id":1000327,"background":10011,"name":"Destiny_Level-1000127","unlockLevel":456,"unlockLike":60,"charaId":10003,"monsterId":103003,"monsterLevel":229,"rewards":"100000=100|150004=1"},"1000328":{"id":1000328,"background":10011,"name":"Destiny_Level-1000128","unlockLevel":596,"unlockLike":80,"charaId":10003,"monsterId":103003,"monsterLevel":252,"rewards":"100000=80|100006=1"},"1000329":{"id":1000329,"background":10011,"name":"Destiny_Level-1000129","unlockLevel":596,"unlockLike":80,"charaId":10003,"monsterId":103003,"monsterLevel":270,"rewards":"100000=90|100006=1"},"1000330":{"id":1000330,"background":10011,"name":"Destiny_Level-1000130","unlockLevel":596,"unlockLike":80,"charaId":10003,"monsterId":103003,"monsterLevel":284,"rewards":"100000=100|100006=1"},"1000401":{"id":1000401,"background":10011,"name":"Destiny_Level-1000101","unlockLevel":0,"unlockLike":0,"charaId":10004,"monsterId":103004,"monsterLevel":5,"rewards":"100000=20|100004=10"},"1000402":{"id":1000402,"background":10011,"name":"Destiny_Level-1000102","unlockLevel":0,"unlockLike":0,"charaId":10004,"monsterId":103004,"monsterLevel":11,"rewards":"100000=30|100004=15"},"1000403":{"id":1000403,"background":10011,"name":"Destiny_Level-1000103","unlockLevel":0,"unlockLike":0,"charaId":10004,"monsterId":103004,"monsterLevel":13,"rewards":"100000=40|100004=20"},"1000404":{"id":1000404,"background":10011,"name":"Destiny_Level-1000104","unlockLevel":16,"unlockLike":0,"charaId":10004,"monsterId":103004,"monsterLevel":17,"rewards":"100000=20|100005=20"},"1000405":{"id":1000405,"background":10011,"name":"Destiny_Level-1000105","unlockLevel":16,"unlockLike":0,"charaId":10004,"monsterId":103004,"monsterLevel":20,"rewards":"100000=30|100005=20"},"1000406":{"id":1000406,"background":10011,"name":"Destiny_Level-1000106","unlockLevel":16,"unlockLike":0,"charaId":10004,"monsterId":103004,"monsterLevel":24,"rewards":"100000=40|100005=20"},"1000407":{"id":1000407,"background":10011,"name":"Destiny_Level-1000107","unlockLevel":36,"unlockLike":5,"charaId":10004,"monsterId":103004,"monsterLevel":30,"rewards":"100000=35|100010=20"},"1000408":{"id":1000408,"background":10011,"name":"Destiny_Level-1000108","unlockLevel":36,"unlockLike":5,"charaId":10004,"monsterId":103004,"monsterLevel":36,"rewards":"100000=45|100010=30"},"1000409":{"id":1000409,"background":10011,"name":"Destiny_Level-1000109","unlockLevel":36,"unlockLike":10,"charaId":10004,"monsterId":103004,"monsterLevel":43,"rewards":"100000=55|100010=40"},"1000410":{"id":1000410,"background":10011,"name":"Destiny_Level-1000110","unlockLevel":56,"unlockLike":10,"charaId":10004,"monsterId":103004,"monsterLevel":50,"rewards":"100000=35|100007=20"},"1000411":{"id":1000411,"background":10011,"name":"Destiny_Level-1000111","unlockLevel":56,"unlockLike":20,"charaId":10004,"monsterId":103004,"monsterLevel":56,"rewards":"100000=45|100007=30"},"1000412":{"id":1000412,"background":10011,"name":"Destiny_Level-1000112","unlockLevel":56,"unlockLike":20,"charaId":10004,"monsterId":103004,"monsterLevel":62,"rewards":"100000=55|100007=40"},"1000413":{"id":1000413,"background":10011,"name":"Destiny_Level-1000113","unlockLevel":96,"unlockLike":20,"charaId":10004,"monsterId":103004,"monsterLevel":70,"rewards":"100000=50|100029=10"},"1000414":{"id":1000414,"background":10011,"name":"Destiny_Level-1000114","unlockLevel":96,"unlockLike":20,"charaId":10004,"monsterId":103004,"monsterLevel":76,"rewards":"100000=60|100029=15"},"1000415":{"id":1000415,"background":10011,"name":"Destiny_Level-1000115","unlockLevel":96,"unlockLike":20,"charaId":10004,"monsterId":103004,"monsterLevel":81,"rewards":"100000=70|100029=20"},"1000416":{"id":1000416,"background":10011,"name":"Destiny_Level-1000116","unlockLevel":156,"unlockLike":40,"charaId":10004,"monsterId":103004,"monsterLevel":93,"rewards":"100000=50|100008=2"},"1000417":{"id":1000417,"background":10011,"name":"Destiny_Level-1000117","unlockLevel":156,"unlockLike":40,"charaId":10004,"monsterId":103004,"monsterLevel":102,"rewards":"100000=60|100008=3"},"1000418":{"id":1000418,"background":10011,"name":"Destiny_Level-1000118","unlockLevel":156,"unlockLike":40,"charaId":10004,"monsterId":103004,"monsterLevel":111,"rewards":"100000=70|100008=5"},"1000419":{"id":1000419,"background":10011,"name":"Destiny_Level-1000119","unlockLevel":236,"unlockLike":40,"charaId":10004,"monsterId":103004,"monsterLevel":123,"rewards":"100000=65|150018=1"},"1000420":{"id":1000420,"background":10011,"name":"Destiny_Level-1000120","unlockLevel":236,"unlockLike":40,"charaId":10004,"monsterId":103004,"monsterLevel":132,"rewards":"100000=75|150018=1"},"1000421":{"id":1000421,"background":10011,"name":"Destiny_Level-1000121","unlockLevel":236,"unlockLike":40,"charaId":10004,"monsterId":103004,"monsterLevel":140,"rewards":"100000=85|150016=1"},"1000422":{"id":1000422,"background":10011,"name":"Destiny_Level-1000122","unlockLevel":336,"unlockLike":60,"charaId":10004,"monsterId":103004,"monsterLevel":156,"rewards":"100000=65|100023=4"},"1000423":{"id":1000423,"background":10011,"name":"Destiny_Level-1000123","unlockLevel":336,"unlockLike":60,"charaId":10004,"monsterId":103004,"monsterLevel":168,"rewards":"100000=75|100023=6"},"1000424":{"id":1000424,"background":10011,"name":"Destiny_Level-1000124","unlockLevel":336,"unlockLike":60,"charaId":10004,"monsterId":103004,"monsterLevel":180,"rewards":"100000=85|100023=10"},"1000425":{"id":1000425,"background":10011,"name":"Destiny_Level-1000125","unlockLevel":456,"unlockLike":60,"charaId":10004,"monsterId":103004,"monsterLevel":199,"rewards":"100000=80|150006=1"},"1000426":{"id":1000426,"background":10011,"name":"Destiny_Level-1000126","unlockLevel":456,"unlockLike":60,"charaId":10004,"monsterId":103004,"monsterLevel":214,"rewards":"100000=90|150006=1"},"1000427":{"id":1000427,"background":10011,"name":"Destiny_Level-1000127","unlockLevel":456,"unlockLike":60,"charaId":10004,"monsterId":103004,"monsterLevel":229,"rewards":"100000=100|150004=1"},"1000428":{"id":1000428,"background":10011,"name":"Destiny_Level-1000128","unlockLevel":596,"unlockLike":80,"charaId":10004,"monsterId":103004,"monsterLevel":252,"rewards":"100000=80|100006=1"},"1000429":{"id":1000429,"background":10011,"name":"Destiny_Level-1000129","unlockLevel":596,"unlockLike":80,"charaId":10004,"monsterId":103004,"monsterLevel":270,"rewards":"100000=90|100006=1"},"1000430":{"id":1000430,"background":10011,"name":"Destiny_Level-1000130","unlockLevel":596,"unlockLike":80,"charaId":10004,"monsterId":103004,"monsterLevel":284,"rewards":"100000=100|100006=1"},"1000501":{"id":1000501,"background":10011,"name":"Destiny_Level-1000101","unlockLevel":0,"unlockLike":0,"charaId":10005,"monsterId":103005,"monsterLevel":5,"rewards":"100000=20|100004=10"},"1000502":{"id":1000502,"background":10011,"name":"Destiny_Level-1000102","unlockLevel":0,"unlockLike":0,"charaId":10005,"monsterId":103005,"monsterLevel":11,"rewards":"100000=30|100004=15"},"1000503":{"id":1000503,"background":10011,"name":"Destiny_Level-1000103","unlockLevel":0,"unlockLike":0,"charaId":10005,"monsterId":103005,"monsterLevel":13,"rewards":"100000=40|100004=20"},"1000504":{"id":1000504,"background":10011,"name":"Destiny_Level-1000104","unlockLevel":16,"unlockLike":0,"charaId":10005,"monsterId":103005,"monsterLevel":17,"rewards":"100000=20|100005=20"},"1000505":{"id":1000505,"background":10011,"name":"Destiny_Level-1000105","unlockLevel":16,"unlockLike":0,"charaId":10005,"monsterId":103005,"monsterLevel":20,"rewards":"100000=30|100005=20"},"1000506":{"id":1000506,"background":10011,"name":"Destiny_Level-1000106","unlockLevel":16,"unlockLike":0,"charaId":10005,"monsterId":103005,"monsterLevel":24,"rewards":"100000=40|100005=20"},"1000507":{"id":1000507,"background":10011,"name":"Destiny_Level-1000107","unlockLevel":36,"unlockLike":5,"charaId":10005,"monsterId":103005,"monsterLevel":30,"rewards":"100000=35|100010=20"},"1000508":{"id":1000508,"background":10011,"name":"Destiny_Level-1000108","unlockLevel":36,"unlockLike":5,"charaId":10005,"monsterId":103005,"monsterLevel":36,"rewards":"100000=45|100010=30"},"1000509":{"id":1000509,"background":10011,"name":"Destiny_Level-1000109","unlockLevel":36,"unlockLike":10,"charaId":10005,"monsterId":103005,"monsterLevel":43,"rewards":"100000=55|100010=40"},"1000510":{"id":1000510,"background":10011,"name":"Destiny_Level-1000110","unlockLevel":56,"unlockLike":10,"charaId":10005,"monsterId":103005,"monsterLevel":50,"rewards":"100000=35|100007=20"},"1000511":{"id":1000511,"background":10011,"name":"Destiny_Level-1000111","unlockLevel":56,"unlockLike":20,"charaId":10005,"monsterId":103005,"monsterLevel":56,"rewards":"100000=45|100007=30"},"1000512":{"id":1000512,"background":10011,"name":"Destiny_Level-1000112","unlockLevel":56,"unlockLike":20,"charaId":10005,"monsterId":103005,"monsterLevel":62,"rewards":"100000=55|100007=40"},"1000513":{"id":1000513,"background":10011,"name":"Destiny_Level-1000113","unlockLevel":96,"unlockLike":20,"charaId":10005,"monsterId":103005,"monsterLevel":70,"rewards":"100000=50|100029=10"},"1000514":{"id":1000514,"background":10011,"name":"Destiny_Level-1000114","unlockLevel":96,"unlockLike":20,"charaId":10005,"monsterId":103005,"monsterLevel":76,"rewards":"100000=60|100029=15"},"1000515":{"id":1000515,"background":10011,"name":"Destiny_Level-1000115","unlockLevel":96,"unlockLike":20,"charaId":10005,"monsterId":103005,"monsterLevel":81,"rewards":"100000=70|100029=20"},"1000516":{"id":1000516,"background":10011,"name":"Destiny_Level-1000116","unlockLevel":156,"unlockLike":40,"charaId":10005,"monsterId":103005,"monsterLevel":93,"rewards":"100000=50|100008=2"},"1000517":{"id":1000517,"background":10011,"name":"Destiny_Level-1000117","unlockLevel":156,"unlockLike":40,"charaId":10005,"monsterId":103005,"monsterLevel":102,"rewards":"100000=60|100008=3"},"1000518":{"id":1000518,"background":10011,"name":"Destiny_Level-1000118","unlockLevel":156,"unlockLike":40,"charaId":10005,"monsterId":103005,"monsterLevel":111,"rewards":"100000=70|100008=5"},"1000519":{"id":1000519,"background":10011,"name":"Destiny_Level-1000119","unlockLevel":236,"unlockLike":40,"charaId":10005,"monsterId":103005,"monsterLevel":123,"rewards":"100000=65|150018=1"},"1000520":{"id":1000520,"background":10011,"name":"Destiny_Level-1000120","unlockLevel":236,"unlockLike":40,"charaId":10005,"monsterId":103005,"monsterLevel":132,"rewards":"100000=75|150018=1"},"1000521":{"id":1000521,"background":10011,"name":"Destiny_Level-1000121","unlockLevel":236,"unlockLike":40,"charaId":10005,"monsterId":103005,"monsterLevel":140,"rewards":"100000=85|150016=1"},"1000522":{"id":1000522,"background":10011,"name":"Destiny_Level-1000122","unlockLevel":336,"unlockLike":60,"charaId":10005,"monsterId":103005,"monsterLevel":156,"rewards":"100000=65|100023=4"},"1000523":{"id":1000523,"background":10011,"name":"Destiny_Level-1000123","unlockLevel":336,"unlockLike":60,"charaId":10005,"monsterId":103005,"monsterLevel":168,"rewards":"100000=75|100023=6"},"1000524":{"id":1000524,"background":10011,"name":"Destiny_Level-1000124","unlockLevel":336,"unlockLike":60,"charaId":10005,"monsterId":103005,"monsterLevel":180,"rewards":"100000=85|100023=10"},"1000525":{"id":1000525,"background":10011,"name":"Destiny_Level-1000125","unlockLevel":456,"unlockLike":60,"charaId":10005,"monsterId":103005,"monsterLevel":199,"rewards":"100000=80|150006=1"},"1000526":{"id":1000526,"background":10011,"name":"Destiny_Level-1000126","unlockLevel":456,"unlockLike":60,"charaId":10005,"monsterId":103005,"monsterLevel":214,"rewards":"100000=90|150006=1"},"1000527":{"id":1000527,"background":10011,"name":"Destiny_Level-1000127","unlockLevel":456,"unlockLike":60,"charaId":10005,"monsterId":103005,"monsterLevel":229,"rewards":"100000=100|150004=1"},"1000528":{"id":1000528,"background":10011,"name":"Destiny_Level-1000128","unlockLevel":596,"unlockLike":80,"charaId":10005,"monsterId":103005,"monsterLevel":252,"rewards":"100000=80|100006=1"},"1000529":{"id":1000529,"background":10011,"name":"Destiny_Level-1000129","unlockLevel":596,"unlockLike":80,"charaId":10005,"monsterId":103005,"monsterLevel":270,"rewards":"100000=90|100006=1"},"1000530":{"id":1000530,"background":10011,"name":"Destiny_Level-1000130","unlockLevel":596,"unlockLike":80,"charaId":10005,"monsterId":103005,"monsterLevel":284,"rewards":"100000=100|100006=1"},"1000601":{"id":1000601,"background":10011,"name":"Destiny_Level-1000101","unlockLevel":0,"unlockLike":0,"charaId":10006,"monsterId":103006,"monsterLevel":5,"rewards":"100000=20|100004=10"},"1000602":{"id":1000602,"background":10011,"name":"Destiny_Level-1000102","unlockLevel":0,"unlockLike":0,"charaId":10006,"monsterId":103006,"monsterLevel":11,"rewards":"100000=30|100004=15"},"1000603":{"id":1000603,"background":10011,"name":"Destiny_Level-1000103","unlockLevel":0,"unlockLike":0,"charaId":10006,"monsterId":103006,"monsterLevel":13,"rewards":"100000=40|100004=20"},"1000604":{"id":1000604,"background":10011,"name":"Destiny_Level-1000104","unlockLevel":16,"unlockLike":0,"charaId":10006,"monsterId":103006,"monsterLevel":17,"rewards":"100000=20|100005=20"},"1000605":{"id":1000605,"background":10011,"name":"Destiny_Level-1000105","unlockLevel":16,"unlockLike":0,"charaId":10006,"monsterId":103006,"monsterLevel":20,"rewards":"100000=30|100005=20"},"1000606":{"id":1000606,"background":10011,"name":"Destiny_Level-1000106","unlockLevel":16,"unlockLike":0,"charaId":10006,"monsterId":103006,"monsterLevel":24,"rewards":"100000=40|100005=20"},"1000607":{"id":1000607,"background":10011,"name":"Destiny_Level-1000107","unlockLevel":36,"unlockLike":5,"charaId":10006,"monsterId":103006,"monsterLevel":30,"rewards":"100000=35|100010=20"},"1000608":{"id":1000608,"background":10011,"name":"Destiny_Level-1000108","unlockLevel":36,"unlockLike":5,"charaId":10006,"monsterId":103006,"monsterLevel":36,"rewards":"100000=45|100010=30"},"1000609":{"id":1000609,"background":10011,"name":"Destiny_Level-1000109","unlockLevel":36,"unlockLike":10,"charaId":10006,"monsterId":103006,"monsterLevel":43,"rewards":"100000=55|100010=40"},"1000610":{"id":1000610,"background":10011,"name":"Destiny_Level-1000110","unlockLevel":56,"unlockLike":10,"charaId":10006,"monsterId":103006,"monsterLevel":50,"rewards":"100000=35|100007=20"},"1000611":{"id":1000611,"background":10011,"name":"Destiny_Level-1000111","unlockLevel":56,"unlockLike":20,"charaId":10006,"monsterId":103006,"monsterLevel":56,"rewards":"100000=45|100007=30"},"1000612":{"id":1000612,"background":10011,"name":"Destiny_Level-1000112","unlockLevel":56,"unlockLike":20,"charaId":10006,"monsterId":103006,"monsterLevel":62,"rewards":"100000=55|100007=40"},"1000613":{"id":1000613,"background":10011,"name":"Destiny_Level-1000113","unlockLevel":96,"unlockLike":20,"charaId":10006,"monsterId":103006,"monsterLevel":70,"rewards":"100000=50|100029=10"},"1000614":{"id":1000614,"background":10011,"name":"Destiny_Level-1000114","unlockLevel":96,"unlockLike":20,"charaId":10006,"monsterId":103006,"monsterLevel":76,"rewards":"100000=60|100029=15"},"1000615":{"id":1000615,"background":10011,"name":"Destiny_Level-1000115","unlockLevel":96,"unlockLike":20,"charaId":10006,"monsterId":103006,"monsterLevel":81,"rewards":"100000=70|100029=20"},"1000616":{"id":1000616,"background":10011,"name":"Destiny_Level-1000116","unlockLevel":156,"unlockLike":40,"charaId":10006,"monsterId":103006,"monsterLevel":93,"rewards":"100000=50|100008=2"},"1000617":{"id":1000617,"background":10011,"name":"Destiny_Level-1000117","unlockLevel":156,"unlockLike":40,"charaId":10006,"monsterId":103006,"monsterLevel":102,"rewards":"100000=60|100008=3"},"1000618":{"id":1000618,"background":10011,"name":"Destiny_Level-1000118","unlockLevel":156,"unlockLike":40,"charaId":10006,"monsterId":103006,"monsterLevel":111,"rewards":"100000=70|100008=5"},"1000619":{"id":1000619,"background":10011,"name":"Destiny_Level-1000119","unlockLevel":236,"unlockLike":40,"charaId":10006,"monsterId":103006,"monsterLevel":123,"rewards":"100000=65|150018=1"},"1000620":{"id":1000620,"background":10011,"name":"Destiny_Level-1000120","unlockLevel":236,"unlockLike":40,"charaId":10006,"monsterId":103006,"monsterLevel":132,"rewards":"100000=75|150018=1"},"1000621":{"id":1000621,"background":10011,"name":"Destiny_Level-1000121","unlockLevel":236,"unlockLike":40,"charaId":10006,"monsterId":103006,"monsterLevel":140,"rewards":"100000=85|150016=1"},"1000622":{"id":1000622,"background":10011,"name":"Destiny_Level-1000122","unlockLevel":336,"unlockLike":60,"charaId":10006,"monsterId":103006,"monsterLevel":156,"rewards":"100000=65|100023=4"},"1000623":{"id":1000623,"background":10011,"name":"Destiny_Level-1000123","unlockLevel":336,"unlockLike":60,"charaId":10006,"monsterId":103006,"monsterLevel":168,"rewards":"100000=75|100023=6"},"1000624":{"id":1000624,"background":10011,"name":"Destiny_Level-1000124","unlockLevel":336,"unlockLike":60,"charaId":10006,"monsterId":103006,"monsterLevel":180,"rewards":"100000=85|100023=10"},"1000625":{"id":1000625,"background":10011,"name":"Destiny_Level-1000125","unlockLevel":456,"unlockLike":60,"charaId":10006,"monsterId":103006,"monsterLevel":199,"rewards":"100000=80|150006=1"},"1000626":{"id":1000626,"background":10011,"name":"Destiny_Level-1000126","unlockLevel":456,"unlockLike":60,"charaId":10006,"monsterId":103006,"monsterLevel":214,"rewards":"100000=90|150006=1"},"1000627":{"id":1000627,"background":10011,"name":"Destiny_Level-1000127","unlockLevel":456,"unlockLike":60,"charaId":10006,"monsterId":103006,"monsterLevel":229,"rewards":"100000=100|150004=1"},"1000628":{"id":1000628,"background":10011,"name":"Destiny_Level-1000128","unlockLevel":596,"unlockLike":80,"charaId":10006,"monsterId":103006,"monsterLevel":252,"rewards":"100000=80|100006=1"},"1000629":{"id":1000629,"background":10011,"name":"Destiny_Level-1000129","unlockLevel":596,"unlockLike":80,"charaId":10006,"monsterId":103006,"monsterLevel":270,"rewards":"100000=90|100006=1"},"1000630":{"id":1000630,"background":10011,"name":"Destiny_Level-1000130","unlockLevel":596,"unlockLike":80,"charaId":10006,"monsterId":103006,"monsterLevel":284,"rewards":"100000=100|100006=1"},"1000701":{"id":1000701,"background":10011,"name":"Destiny_Level-1000101","unlockLevel":0,"unlockLike":0,"charaId":10007,"monsterId":103007,"monsterLevel":5,"rewards":"100000=20|100004=10"},"1000702":{"id":1000702,"background":10011,"name":"Destiny_Level-1000102","unlockLevel":0,"unlockLike":0,"charaId":10007,"monsterId":103007,"monsterLevel":11,"rewards":"100000=30|100004=15"},"1000703":{"id":1000703,"background":10011,"name":"Destiny_Level-1000103","unlockLevel":0,"unlockLike":0,"charaId":10007,"monsterId":103007,"monsterLevel":13,"rewards":"100000=40|100004=20"},"1000704":{"id":1000704,"background":10011,"name":"Destiny_Level-1000104","unlockLevel":16,"unlockLike":0,"charaId":10007,"monsterId":103007,"monsterLevel":17,"rewards":"100000=20|100005=20"},"1000705":{"id":1000705,"background":10011,"name":"Destiny_Level-1000105","unlockLevel":16,"unlockLike":0,"charaId":10007,"monsterId":103007,"monsterLevel":20,"rewards":"100000=30|100005=20"},"1000706":{"id":1000706,"background":10011,"name":"Destiny_Level-1000106","unlockLevel":16,"unlockLike":0,"charaId":10007,"monsterId":103007,"monsterLevel":24,"rewards":"100000=40|100005=20"},"1000707":{"id":1000707,"background":10011,"name":"Destiny_Level-1000107","unlockLevel":36,"unlockLike":5,"charaId":10007,"monsterId":103007,"monsterLevel":30,"rewards":"100000=35|100010=20"},"1000708":{"id":1000708,"background":10011,"name":"Destiny_Level-1000108","unlockLevel":36,"unlockLike":5,"charaId":10007,"monsterId":103007,"monsterLevel":36,"rewards":"100000=45|100010=30"},"1000709":{"id":1000709,"background":10011,"name":"Destiny_Level-1000109","unlockLevel":36,"unlockLike":10,"charaId":10007,"monsterId":103007,"monsterLevel":43,"rewards":"100000=55|100010=40"},"1000710":{"id":1000710,"background":10011,"name":"Destiny_Level-1000110","unlockLevel":56,"unlockLike":10,"charaId":10007,"monsterId":103007,"monsterLevel":50,"rewards":"100000=35|100007=20"},"1000711":{"id":1000711,"background":10011,"name":"Destiny_Level-1000111","unlockLevel":56,"unlockLike":20,"charaId":10007,"monsterId":103007,"monsterLevel":56,"rewards":"100000=45|100007=30"},"1000712":{"id":1000712,"background":10011,"name":"Destiny_Level-1000112","unlockLevel":56,"unlockLike":20,"charaId":10007,"monsterId":103007,"monsterLevel":62,"rewards":"100000=55|100007=40"},"1000713":{"id":1000713,"background":10011,"name":"Destiny_Level-1000113","unlockLevel":96,"unlockLike":20,"charaId":10007,"monsterId":103007,"monsterLevel":70,"rewards":"100000=50|100029=10"},"1000714":{"id":1000714,"background":10011,"name":"Destiny_Level-1000114","unlockLevel":96,"unlockLike":20,"charaId":10007,"monsterId":103007,"monsterLevel":76,"rewards":"100000=60|100029=15"},"1000715":{"id":1000715,"background":10011,"name":"Destiny_Level-1000115","unlockLevel":96,"unlockLike":20,"charaId":10007,"monsterId":103007,"monsterLevel":81,"rewards":"100000=70|100029=20"},"1000716":{"id":1000716,"background":10011,"name":"Destiny_Level-1000116","unlockLevel":156,"unlockLike":40,"charaId":10007,"monsterId":103007,"monsterLevel":93,"rewards":"100000=50|100008=2"},"1000717":{"id":1000717,"background":10011,"name":"Destiny_Level-1000117","unlockLevel":156,"unlockLike":40,"charaId":10007,"monsterId":103007,"monsterLevel":102,"rewards":"100000=60|100008=3"},"1000718":{"id":1000718,"background":10011,"name":"Destiny_Level-1000118","unlockLevel":156,"unlockLike":40,"charaId":10007,"monsterId":103007,"monsterLevel":111,"rewards":"100000=70|100008=5"},"1000719":{"id":1000719,"background":10011,"name":"Destiny_Level-1000119","unlockLevel":236,"unlockLike":40,"charaId":10007,"monsterId":103007,"monsterLevel":123,"rewards":"100000=65|150018=1"},"1000720":{"id":1000720,"background":10011,"name":"Destiny_Level-1000120","unlockLevel":236,"unlockLike":40,"charaId":10007,"monsterId":103007,"monsterLevel":132,"rewards":"100000=75|150018=1"},"1000721":{"id":1000721,"background":10011,"name":"Destiny_Level-1000121","unlockLevel":236,"unlockLike":40,"charaId":10007,"monsterId":103007,"monsterLevel":140,"rewards":"100000=85|150016=1"},"1000722":{"id":1000722,"background":10011,"name":"Destiny_Level-1000122","unlockLevel":336,"unlockLike":60,"charaId":10007,"monsterId":103007,"monsterLevel":156,"rewards":"100000=65|100023=4"},"1000723":{"id":1000723,"background":10011,"name":"Destiny_Level-1000123","unlockLevel":336,"unlockLike":60,"charaId":10007,"monsterId":103007,"monsterLevel":168,"rewards":"100000=75|100023=6"},"1000724":{"id":1000724,"background":10011,"name":"Destiny_Level-1000124","unlockLevel":336,"unlockLike":60,"charaId":10007,"monsterId":103007,"monsterLevel":180,"rewards":"100000=85|100023=10"},"1000725":{"id":1000725,"background":10011,"name":"Destiny_Level-1000125","unlockLevel":456,"unlockLike":60,"charaId":10007,"monsterId":103007,"monsterLevel":199,"rewards":"100000=80|150006=1"},"1000726":{"id":1000726,"background":10011,"name":"Destiny_Level-1000126","unlockLevel":456,"unlockLike":60,"charaId":10007,"monsterId":103007,"monsterLevel":214,"rewards":"100000=90|150006=1"},"1000727":{"id":1000727,"background":10011,"name":"Destiny_Level-1000127","unlockLevel":456,"unlockLike":60,"charaId":10007,"monsterId":103007,"monsterLevel":229,"rewards":"100000=100|150004=1"},"1000728":{"id":1000728,"background":10011,"name":"Destiny_Level-1000128","unlockLevel":596,"unlockLike":80,"charaId":10007,"monsterId":103007,"monsterLevel":252,"rewards":"100000=80|100006=1"},"1000729":{"id":1000729,"background":10011,"name":"Destiny_Level-1000129","unlockLevel":596,"unlockLike":80,"charaId":10007,"monsterId":103007,"monsterLevel":270,"rewards":"100000=90|100006=1"},"1000730":{"id":1000730,"background":10011,"name":"Destiny_Level-1000130","unlockLevel":596,"unlockLike":80,"charaId":10007,"monsterId":103007,"monsterLevel":284,"rewards":"100000=100|100006=1"}}