{"10001":{"id":10001,"name":"Destiny_Visit_Name_10001","weight":200,"normalReward":"0","location":"10001","chara":"10003","likeNum":2,"systemID":0},"10002":{"id":10002,"name":"Destiny_Visit_Name_10002","weight":200,"normalReward":"0","location":"10002","chara":"10002","likeNum":2,"systemID":0},"10003":{"id":10003,"name":"Destiny_Visit_Name_10003","weight":200,"normalReward":"0","location":"10003","chara":"10005","likeNum":2,"systemID":0},"10004":{"id":10004,"name":"Destiny_Visit_Name_10004","weight":200,"normalReward":"0","location":"10004","chara":"10001","likeNum":2,"systemID":0},"10005":{"id":10005,"name":"Destiny_Visit_Name_10005","weight":200,"normalReward":"0","location":"10005","chara":"10004","likeNum":2,"systemID":0},"10006":{"id":10006,"name":"Destiny_Visit_Name_10006","weight":200,"normalReward":"0","location":"10006","chara":"10006","likeNum":2,"systemID":0},"10007":{"id":10007,"name":"Destiny_Visit_Name_10007","weight":100,"normalReward":"100004=10","location":"10003","chara":"0","likeNum":0,"systemID":0},"10008":{"id":10008,"name":"Destiny_Visit_Name_10008","weight":10,"normalReward":"100004=20","location":"10003","chara":"0","likeNum":0,"systemID":0},"10009":{"id":10009,"name":"Destiny_Visit_Name_10009","weight":80,"normalReward":"100047=6","location":"10003","chara":"0","likeNum":0,"systemID":55},"10010":{"id":10010,"name":"Destiny_Visit_Name_10010","weight":8,"normalReward":"100047=15","location":"10003","chara":"0","likeNum":0,"systemID":55},"10011":{"id":10011,"name":"Destiny_Visit_Name_10011","weight":80,"normalReward":"100005=2","location":"10003","chara":"0","likeNum":0,"systemID":0},"10012":{"id":10012,"name":"Destiny_Visit_Name_10012","weight":8,"normalReward":"100005=5","location":"10003","chara":"0","likeNum":0,"systemID":0},"10013":{"id":10013,"name":"Destiny_Visit_Name_10013","weight":100,"normalReward":"100004=10","location":"10001","chara":"0","likeNum":0,"systemID":0},"10014":{"id":10014,"name":"Destiny_Visit_Name_10014","weight":10,"normalReward":"100004=20","location":"10001","chara":"0","likeNum":0,"systemID":0},"10015":{"id":10015,"name":"Destiny_Visit_Name_10015","weight":100,"normalReward":"100009=50","location":"10001","chara":"0","likeNum":0,"systemID":0},"10016":{"id":10016,"name":"Destiny_Visit_Name_10016","weight":10,"normalReward":"100009=100","location":"10001","chara":"0","likeNum":0,"systemID":0},"10017":{"id":10017,"name":"Destiny_Visit_Name_10017","weight":100,"normalReward":"100004=10","location":"10004","chara":"0","likeNum":0,"systemID":0},"10018":{"id":10018,"name":"Destiny_Visit_Name_10018","weight":10,"normalReward":"100004=20","location":"10004","chara":"0","likeNum":0,"systemID":0},"10019":{"id":10019,"name":"Destiny_Visit_Name_10019","weight":100,"normalReward":"100025=2","location":"10004","chara":"0","likeNum":0,"systemID":0},"10020":{"id":10020,"name":"Destiny_Visit_Name_10020","weight":10,"normalReward":"100025=5","location":"10004","chara":"0","likeNum":0,"systemID":0},"10021":{"id":10021,"name":"Destiny_Visit_Name_10021","weight":100,"normalReward":"100004=10","location":"10002","chara":"0","likeNum":0,"systemID":0},"10022":{"id":10022,"name":"Destiny_Visit_Name_10022","weight":10,"normalReward":"100004=20","location":"10002","chara":"0","likeNum":0,"systemID":0},"10023":{"id":10023,"name":"Destiny_Visit_Name_10023","weight":100,"normalReward":"100016=1","location":"10002","chara":"0","likeNum":0,"systemID":0},"10024":{"id":10024,"name":"Destiny_Visit_Name_10024","weight":10,"normalReward":"100017=1","location":"10002","chara":"0","likeNum":0,"systemID":0},"10025":{"id":10025,"name":"Destiny_Visit_Name_10025","weight":100,"normalReward":"100004=10","location":"10006","chara":"0","likeNum":0,"systemID":0},"10026":{"id":10026,"name":"Destiny_Visit_Name_10026","weight":10,"normalReward":"100004=20","location":"10006","chara":"0","likeNum":0,"systemID":0},"10027":{"id":10027,"name":"Destiny_Visit_Name_10027","weight":100,"normalReward":"100007=5","location":"10006","chara":"0","likeNum":0,"systemID":0},"10028":{"id":10028,"name":"Destiny_Visit_Name_10028","weight":10,"normalReward":"100008=1","location":"10006","chara":"0","likeNum":0,"systemID":0},"10029":{"id":10029,"name":"Destiny_Visit_Name_10029","weight":100,"normalReward":"100004=10","location":"10005","chara":"0","likeNum":0,"systemID":0},"10030":{"id":10030,"name":"Destiny_Visit_Name_10030","weight":10,"normalReward":"100004=20","location":"10005","chara":"0","likeNum":0,"systemID":0},"10031":{"id":10031,"name":"Destiny_Visit_Name_10031","weight":100,"normalReward":"100010=2","location":"10005","chara":"0","likeNum":0,"systemID":0},"10032":{"id":10032,"name":"Destiny_Visit_Name_10032","weight":10,"normalReward":"100010=5","location":"10005","chara":"0","likeNum":0,"systemID":0},"11001":{"id":11001,"name":"Destiny_Visit_Name_11001","weight":200,"normalReward":"0","location":"10001","chara":"10007","likeNum":2,"systemID":0}}