{"10001":{"id":10001,"desc":"Expression_Desc-10001","itemId":0,"isFree":1,"type":1,"sort":1},"10002":{"id":10002,"desc":"Expression_Desc-10002","itemId":0,"isFree":1,"type":1,"sort":2},"10003":{"id":10003,"desc":"Expression_Desc-10003","itemId":0,"isFree":1,"type":1,"sort":3},"10004":{"id":10004,"desc":"Expression_Desc-10004","itemId":0,"isFree":1,"type":1,"sort":4},"10005":{"id":10005,"desc":"Expression_Desc-10005","itemId":0,"isFree":1,"type":1,"sort":5},"10006":{"id":10006,"desc":"Expression_Desc-10006","itemId":0,"isFree":1,"type":1,"sort":6},"10007":{"id":10007,"desc":"Expression_Desc-10007","itemId":0,"isFree":1,"type":1,"sort":7},"10008":{"id":10008,"desc":"Expression_Desc-10008","itemId":0,"isFree":1,"type":1,"sort":8},"10009":{"id":10009,"desc":"Expression_Desc-10009","itemId":0,"isFree":1,"type":1,"sort":9},"10010":{"id":10010,"desc":"Expression_Desc-10010","itemId":0,"isFree":1,"type":1,"sort":10},"10011":{"id":10011,"desc":"Expression_Desc-10011","itemId":0,"isFree":1,"type":1,"sort":11},"10012":{"id":10012,"desc":"Expression_Desc-10012","itemId":0,"isFree":1,"type":1,"sort":12},"10013":{"id":10013,"desc":"Expression_Desc-10013","itemId":0,"isFree":1,"type":1,"sort":13},"10014":{"id":10014,"desc":"Expression_Desc-10014","itemId":0,"isFree":1,"type":1,"sort":14},"10015":{"id":10015,"desc":"Expression_Desc-10015","itemId":0,"isFree":1,"type":1,"sort":15}}