{"1":{"id":1,"bigCost":"100048=50|100003=50000","equipmentUp":0,"specialSkill":0,"levelLimit":2},"2":{"id":2,"bigCost":"100048=100|100003=100000","equipmentUp":10,"specialSkill":190001,"levelLimit":4},"3":{"id":3,"bigCost":"100048=150|100003=150000","equipmentUp":20,"specialSkill":190002,"levelLimit":7},"4":{"id":4,"bigCost":"100048=200|100003=200000","equipmentUp":30,"specialSkill":0,"levelLimit":11},"5":{"id":5,"bigCost":"100048=250|100003=250000","equipmentUp":40,"specialSkill":190003,"levelLimit":16},"6":{"id":6,"bigCost":"100048=300|100003=300000","equipmentUp":50,"specialSkill":0,"levelLimit":22},"7":{"id":7,"bigCost":"100048=400|100003=350000","equipmentUp":60,"specialSkill":190004,"levelLimit":30},"8":{"id":8,"bigCost":"100048=500|100003=400000","equipmentUp":70,"specialSkill":0,"levelLimit":40},"9":{"id":9,"bigCost":"100048=750|100003=450000","equipmentUp":80,"specialSkill":190005,"levelLimit":55},"10":{"id":10,"bigCost":"100048=1000|100003=500000","equipmentUp":90,"specialSkill":0,"levelLimit":75},"11":{"id":11,"bigCost":"100048=1250|100003=550000","equipmentUp":100,"specialSkill":190006,"levelLimit":100},"12":{"id":12,"bigCost":"100048=1500|100003=600000","equipmentUp":110,"specialSkill":0,"levelLimit":130},"13":{"id":13,"bigCost":"100048=1750|100003=650000","equipmentUp":120,"specialSkill":0,"levelLimit":165},"14":{"id":14,"bigCost":"100048=2000|100003=700000","equipmentUp":130,"specialSkill":190007,"levelLimit":205},"15":{"id":15,"bigCost":"100048=2250|100003=750000","equipmentUp":140,"specialSkill":0,"levelLimit":250},"16":{"id":16,"bigCost":"100048=2500|100003=800000","equipmentUp":150,"specialSkill":0,"levelLimit":300},"17":{"id":17,"bigCost":"100048=3000|100003=850000","equipmentUp":160,"specialSkill":190008,"levelLimit":360},"18":{"id":18,"bigCost":"100048=3500|100003=900000","equipmentUp":170,"specialSkill":0,"levelLimit":430},"19":{"id":19,"bigCost":"100048=4000|100003=950000","equipmentUp":180,"specialSkill":0,"levelLimit":510},"20":{"id":20,"bigCost":"100048=5000|100003=1000000","equipmentUp":190,"specialSkill":0,"levelLimit":610},"21":{"id":21,"bigCost":"100048=6000|100003=1050000","equipmentUp":200,"specialSkill":190009,"levelLimit":730},"22":{"id":22,"bigCost":"100048=7000|100003=1100000","equipmentUp":210,"specialSkill":0,"levelLimit":870},"23":{"id":23,"bigCost":"100048=8000|100003=1150000","equipmentUp":220,"specialSkill":0,"levelLimit":1030},"24":{"id":24,"bigCost":"100048=9000|100003=1200000","equipmentUp":230,"specialSkill":0,"levelLimit":1210},"25":{"id":25,"bigCost":"100048=10000|100003=1250000","equipmentUp":240,"specialSkill":0,"levelLimit":1410},"26":{"id":26,"bigCost":"100048=12000|100003=1300000","equipmentUp":250,"specialSkill":190010,"levelLimit":1650},"27":{"id":27,"bigCost":"100048=14000|100003=1350000","equipmentUp":260,"specialSkill":0,"levelLimit":1930},"28":{"id":28,"bigCost":"100048=16000|100003=1400000","equipmentUp":270,"specialSkill":0,"levelLimit":2250},"29":{"id":29,"bigCost":"100048=17500|100003=1450000","equipmentUp":280,"specialSkill":0,"levelLimit":2600},"30":{"id":30,"bigCost":"100048=20000|100003=1500000","equipmentUp":290,"specialSkill":0,"levelLimit":3000},"31":{"id":31,"bigCost":"100048=22500|100003=1550000","equipmentUp":300,"specialSkill":190011,"levelLimit":3450},"32":{"id":32,"bigCost":"100048=25000|100003=1600000","equipmentUp":310,"specialSkill":0,"levelLimit":3950},"33":{"id":33,"bigCost":"100048=27500|100003=1650000","equipmentUp":320,"specialSkill":0,"levelLimit":4500},"34":{"id":34,"bigCost":"100048=30000|100003=1700000","equipmentUp":330,"specialSkill":0,"levelLimit":5100},"35":{"id":35,"bigCost":"100048=32500|100003=1750000","equipmentUp":340,"specialSkill":0,"levelLimit":5750},"36":{"id":36,"bigCost":"100048=35000|100003=1800000","equipmentUp":350,"specialSkill":190012,"levelLimit":6450},"37":{"id":37,"bigCost":"100048=37500|100003=1850000","equipmentUp":360,"specialSkill":0,"levelLimit":7200},"38":{"id":38,"bigCost":"100048=40000|100003=1900000","equipmentUp":370,"specialSkill":0,"levelLimit":8000},"39":{"id":39,"bigCost":"100048=42500|100003=1950000","equipmentUp":380,"specialSkill":0,"levelLimit":8850},"40":{"id":40,"bigCost":"100048=45000|100003=2000000","equipmentUp":390,"specialSkill":0,"levelLimit":9750},"41":{"id":41,"bigCost":"0","equipmentUp":400,"specialSkill":190013,"levelLimit":10700}}