{"10000":{"id":10000,"level":0,"exp":80,"attackSpeed":10,"criticalHit":10,"toughness":10,"dodge":10,"hitRate":10,"lifeSteal":10},"10001":{"id":10001,"level":1,"exp":100,"attackSpeed":12,"criticalHit":12,"toughness":12,"dodge":12,"hitRate":12,"lifeSteal":12},"10002":{"id":10002,"level":2,"exp":200,"attackSpeed":14,"criticalHit":14,"toughness":14,"dodge":14,"hitRate":14,"lifeSteal":14},"10003":{"id":10003,"level":3,"exp":300,"attackSpeed":16,"criticalHit":16,"toughness":16,"dodge":16,"hitRate":16,"lifeSteal":16},"10004":{"id":10004,"level":4,"exp":400,"attackSpeed":18,"criticalHit":18,"toughness":18,"dodge":18,"hitRate":18,"lifeSteal":18},"10005":{"id":10005,"level":5,"exp":500,"attackSpeed":20,"criticalHit":20,"toughness":20,"dodge":20,"hitRate":20,"lifeSteal":20},"10006":{"id":10006,"level":6,"exp":600,"attackSpeed":22,"criticalHit":22,"toughness":22,"dodge":22,"hitRate":22,"lifeSteal":22},"10007":{"id":10007,"level":7,"exp":700,"attackSpeed":24,"criticalHit":24,"toughness":24,"dodge":24,"hitRate":24,"lifeSteal":24},"10008":{"id":10008,"level":8,"exp":800,"attackSpeed":26,"criticalHit":26,"toughness":26,"dodge":26,"hitRate":26,"lifeSteal":26},"10009":{"id":10009,"level":9,"exp":900,"attackSpeed":28,"criticalHit":28,"toughness":28,"dodge":28,"hitRate":28,"lifeSteal":28},"10010":{"id":10010,"level":10,"exp":1000,"attackSpeed":30,"criticalHit":30,"toughness":30,"dodge":30,"hitRate":30,"lifeSteal":30},"10011":{"id":10011,"level":11,"exp":1100,"attackSpeed":32,"criticalHit":32,"toughness":32,"dodge":32,"hitRate":32,"lifeSteal":32},"10012":{"id":10012,"level":12,"exp":1200,"attackSpeed":34,"criticalHit":34,"toughness":34,"dodge":34,"hitRate":34,"lifeSteal":34},"10013":{"id":10013,"level":13,"exp":1300,"attackSpeed":36,"criticalHit":36,"toughness":36,"dodge":36,"hitRate":36,"lifeSteal":36},"10014":{"id":10014,"level":14,"exp":1400,"attackSpeed":38,"criticalHit":38,"toughness":38,"dodge":38,"hitRate":38,"lifeSteal":38},"10015":{"id":10015,"level":15,"exp":1500,"attackSpeed":40,"criticalHit":40,"toughness":40,"dodge":40,"hitRate":40,"lifeSteal":40},"10016":{"id":10016,"level":16,"exp":1600,"attackSpeed":42,"criticalHit":42,"toughness":42,"dodge":42,"hitRate":42,"lifeSteal":42},"10017":{"id":10017,"level":17,"exp":1700,"attackSpeed":44,"criticalHit":44,"toughness":44,"dodge":44,"hitRate":44,"lifeSteal":44},"10018":{"id":10018,"level":18,"exp":1800,"attackSpeed":46,"criticalHit":46,"toughness":46,"dodge":46,"hitRate":46,"lifeSteal":46},"10019":{"id":10019,"level":19,"exp":1900,"attackSpeed":48,"criticalHit":48,"toughness":48,"dodge":48,"hitRate":48,"lifeSteal":48},"10020":{"id":10020,"level":20,"exp":2000,"attackSpeed":50,"criticalHit":50,"toughness":50,"dodge":50,"hitRate":50,"lifeSteal":50},"10021":{"id":10021,"level":21,"exp":2100,"attackSpeed":52,"criticalHit":52,"toughness":52,"dodge":52,"hitRate":52,"lifeSteal":52},"10022":{"id":10022,"level":22,"exp":2200,"attackSpeed":54,"criticalHit":54,"toughness":54,"dodge":54,"hitRate":54,"lifeSteal":54},"10023":{"id":10023,"level":23,"exp":2300,"attackSpeed":56,"criticalHit":56,"toughness":56,"dodge":56,"hitRate":56,"lifeSteal":56},"10024":{"id":10024,"level":24,"exp":2400,"attackSpeed":58,"criticalHit":58,"toughness":58,"dodge":58,"hitRate":58,"lifeSteal":58},"10025":{"id":10025,"level":25,"exp":2500,"attackSpeed":60,"criticalHit":60,"toughness":60,"dodge":60,"hitRate":60,"lifeSteal":60},"10026":{"id":10026,"level":26,"exp":2600,"attackSpeed":62,"criticalHit":62,"toughness":62,"dodge":62,"hitRate":62,"lifeSteal":62},"10027":{"id":10027,"level":27,"exp":2700,"attackSpeed":64,"criticalHit":64,"toughness":64,"dodge":64,"hitRate":64,"lifeSteal":64},"10028":{"id":10028,"level":28,"exp":2800,"attackSpeed":66,"criticalHit":66,"toughness":66,"dodge":66,"hitRate":66,"lifeSteal":66},"10029":{"id":10029,"level":29,"exp":2900,"attackSpeed":68,"criticalHit":68,"toughness":68,"dodge":68,"hitRate":68,"lifeSteal":68},"10030":{"id":10030,"level":30,"exp":3000,"attackSpeed":70,"criticalHit":70,"toughness":70,"dodge":70,"hitRate":70,"lifeSteal":70},"10031":{"id":10031,"level":31,"exp":3100,"attackSpeed":72,"criticalHit":72,"toughness":72,"dodge":72,"hitRate":72,"lifeSteal":72},"10032":{"id":10032,"level":32,"exp":3200,"attackSpeed":74,"criticalHit":74,"toughness":74,"dodge":74,"hitRate":74,"lifeSteal":74},"10033":{"id":10033,"level":33,"exp":3300,"attackSpeed":76,"criticalHit":76,"toughness":76,"dodge":76,"hitRate":76,"lifeSteal":76},"10034":{"id":10034,"level":34,"exp":3400,"attackSpeed":78,"criticalHit":78,"toughness":78,"dodge":78,"hitRate":78,"lifeSteal":78},"10035":{"id":10035,"level":35,"exp":3500,"attackSpeed":80,"criticalHit":80,"toughness":80,"dodge":80,"hitRate":80,"lifeSteal":80},"10036":{"id":10036,"level":36,"exp":3600,"attackSpeed":82,"criticalHit":82,"toughness":82,"dodge":82,"hitRate":82,"lifeSteal":82},"10037":{"id":10037,"level":37,"exp":3700,"attackSpeed":84,"criticalHit":84,"toughness":84,"dodge":84,"hitRate":84,"lifeSteal":84},"10038":{"id":10038,"level":38,"exp":3800,"attackSpeed":86,"criticalHit":86,"toughness":86,"dodge":86,"hitRate":86,"lifeSteal":86},"10039":{"id":10039,"level":39,"exp":3900,"attackSpeed":88,"criticalHit":88,"toughness":88,"dodge":88,"hitRate":88,"lifeSteal":88},"10040":{"id":10040,"level":40,"exp":4000,"attackSpeed":90,"criticalHit":90,"toughness":90,"dodge":90,"hitRate":90,"lifeSteal":90},"10041":{"id":10041,"level":41,"exp":4100,"attackSpeed":92,"criticalHit":92,"toughness":92,"dodge":92,"hitRate":92,"lifeSteal":92},"10042":{"id":10042,"level":42,"exp":4200,"attackSpeed":94,"criticalHit":94,"toughness":94,"dodge":94,"hitRate":94,"lifeSteal":94},"10043":{"id":10043,"level":43,"exp":4300,"attackSpeed":96,"criticalHit":96,"toughness":96,"dodge":96,"hitRate":96,"lifeSteal":96},"10044":{"id":10044,"level":44,"exp":4400,"attackSpeed":98,"criticalHit":98,"toughness":98,"dodge":98,"hitRate":98,"lifeSteal":98},"10045":{"id":10045,"level":45,"exp":4500,"attackSpeed":100,"criticalHit":100,"toughness":100,"dodge":100,"hitRate":100,"lifeSteal":100},"10046":{"id":10046,"level":46,"exp":4600,"attackSpeed":102,"criticalHit":102,"toughness":102,"dodge":102,"hitRate":102,"lifeSteal":102},"10047":{"id":10047,"level":47,"exp":4700,"attackSpeed":104,"criticalHit":104,"toughness":104,"dodge":104,"hitRate":104,"lifeSteal":104},"10048":{"id":10048,"level":48,"exp":4800,"attackSpeed":106,"criticalHit":106,"toughness":106,"dodge":106,"hitRate":106,"lifeSteal":106},"10049":{"id":10049,"level":49,"exp":4900,"attackSpeed":108,"criticalHit":108,"toughness":108,"dodge":108,"hitRate":108,"lifeSteal":108},"10050":{"id":10050,"level":50,"exp":5000,"attackSpeed":110,"criticalHit":110,"toughness":110,"dodge":110,"hitRate":110,"lifeSteal":110}}