{"1":{"id":1,"monsterId":100004,"type":0,"attackBase":5,"hpBase":60,"defBase":1,"velocity":1,"hatredArea":2,"rewardExp":100},"2":{"id":2,"monsterId":100006,"type":0,"attackBase":10,"hpBase":160,"defBase":1,"velocity":1,"hatredArea":2,"rewardExp":150},"3":{"id":3,"monsterId":100007,"type":0,"attackBase":15,"hpBase":240,"defBase":1,"velocity":1,"hatredArea":2,"rewardExp":200},"4":{"id":4,"monsterId":100012,"type":0,"attackBase":20,"hpBase":300,"defBase":1,"velocity":1,"hatredArea":2,"rewardExp":250},"5":{"id":5,"monsterId":101009,"type":1,"attackBase":30,"hpBase":1000,"defBase":1,"velocity":1,"hatredArea":2,"rewardExp":500}}