{"CONFIG_VERSION":{"id":1,"param":"CONFIG_VERSION","value":"1.71.3944"},"RENAME_COST":{"id":2,"param":"RENAME_COST","value":"100012=1"},"RENAME_ITEM_ID":{"id":3,"param":"RENAME_ITEM_ID","value":"100012"},"RENAME_DAILY_TIMES":{"id":4,"param":"RENAME_DAILY_TIMES","value":"2"},"BORN_REWARD_LIST":{"id":5,"param":"BORN_REWARD_LIST","value":"100004=20"},"BORN_CHARACTER_LIST":{"id":6,"param":"BORN_CHARACTER_LIST","value":"1|2|3|5"},"DREAM_AUTO_UNLOCK":{"id":7,"param":"DREAM_AUTO_UNLOCK","value":"3"},"DREAM_SPEEDUP_UNLOCK":{"id":8,"param":"DREAM_SPEEDUP_UNLOCK","value":"7"},"DREAM_COST":{"id":9,"param":"DREAM_COST","value":"100004=1"},"DREAM_UPGRADE_SPEEDUP_ITEM_COST":{"id":10,"param":"DREAM_UPGRADE_SPEEDUP_ITEM_COST","value":"100025=1"},"DREAM_UPGRADE_SPEEDUP_ITEM_TIME":{"id":11,"param":"DREAM_UPGRADE_SPEEDUP_ITEM_TIME","value":"300"},"DREAM_UPGRADE_SPEEDUP_AD_TIME":{"id":12,"param":"DREAM_UPGRADE_SPEEDUP_AD_TIME","value":"1800"},"DREAM_UPGRADE_SPEEDUP_AD_LIMIT":{"id":13,"param":"DREAM_UPGRADE_SPEEDUP_AD_LIMIT","value":"8"},"DREAM_UPGRADE_SPEEDUP_AD_COLD_TIME":{"id":14,"param":"DREAM_UPGRADE_SPEEDUP_AD_COLD_TIME","value":"7200"},"DREAM_UPGRADE_SPEEDUP_AD_SKIP":{"id":15,"param":"DREAM_UPGRADE_SPEEDUP_AD_SKIP","value":"100000=50"},"ATTRIBUTE_POWER_PARS":{"id":16,"param":"ATTRIBUTE_POWER_PARS","value":"4000000|1000|500|6|1|30"},"ATTRIBUTE_SPEED_VALUE":{"id":20,"param":"ATTRIBUTE_SPEED_VALUE","value":"1"},"ATTRIBUTE_VALUE_LIST":{"id":21,"param":"ATTRIBUTE_VALUE_LIST","value":"800|800|800|800|800|800|1200|1200|1200|1200|1200|1200"},"ATTRIBUTE_SPECIAL_VALUE_LIST":{"id":22,"param":"ATTRIBUTE_SPECIAL_VALUE_LIST","value":"800|800|800|800|800|800|800|800|200|140|800|1200"},"ATTRIBUTE_MAGICTREASURE_VALUE_LIST":{"id":23,"param":"ATTRIBUTE_MAGICTREASURE_VALUE_LIST","value":"2000|2000|2000|2000"},"ATTRIBUTE_CRITICAL_CAP":{"id":24,"param":"ATTRIBUTE_CRITICAL_CAP","value":"1000"},"ATTRIBUTE_EVASION_CAP":{"id":25,"param":"ATTRIBUTE_EVASION_CAP","value":"800"},"ATTRIBUTE_STAN_CAP":{"id":26,"param":"ATTRIBUTE_STAN_CAP","value":"800"},"ATTRIBUTE_CONTINUE_CAP":{"id":27,"param":"ATTRIBUTE_CONTINUE_CAP","value":"1000"},"ATTRIBUTE_CONTINUE_DAMP":{"id":28,"param":"ATTRIBUTE_CONTINUE_DAMP","value":"500"},"ATTRIBUTE_ATKBACK_CAP":{"id":29,"param":"ATTRIBUTE_ATKBACK_CAP","value":"800"},"ATTRIBUTE_SUCKBLOOD_CAP":{"id":30,"param":"ATTRIBUTE_SUCKBLOOD_CAP","value":"10000"},"ATTRIBUTE_CRITICAL_DAMAGE_BASE":{"id":31,"param":"ATTRIBUTE_CRITICAL_DAMAGE_BASE","value":"2000"},"ATTRIBUTE_ATTACK_SPEED_PAR":{"id":32,"param":"ATTRIBUTE_ATTACK_SPEED_PAR","value":"1000|-600000|500"},"ATTRIBUTE_DAMAGE_PROTECT_LIMIT":{"id":33,"param":"ATTRIBUTE_DAMAGE_PROTECT_LIMIT","value":"700"},"ATTRIBUTE_BLOCK_LIMIT":{"id":34,"param":"ATTRIBUTE_BLOCK_LIMIT","value":"5000"},"ATTRIBUTE_BLOCK_PARAM":{"id":35,"param":"ATTRIBUTE_BLOCK_PARAM","value":"100|300"},"ATTRIBUTE_SMASHBLOCK_LIMIT":{"id":36,"param":"ATTRIBUTE_SMASHBLOCK_LIMIT","value":"5000"},"ATTRIBUTE_SMASHBLOCK_PARAM":{"id":37,"param":"ATTRIBUTE_SMASHBLOCK_PARAM","value":"100|300"},"EQUIPMENT_NOT_USE_MAX_NUM":{"id":38,"param":"EQUIPMENT_NOT_USE_MAX_NUM","value":"1"},"EQUIPMENT_ENERGY_DROP_TIME":{"id":39,"param":"EQUIPMENT_ENERGY_DROP_TIME","value":"1"},"EQUIPMENT_DROP_PARAM":{"id":40,"param":"EQUIPMENT_DROP_PARAM","value":"1000"},"EQUIPMENT_UNLOCK_PARAM":{"id":41,"param":"EQUIPMENT_UNLOCK_PARAM","value":"1|1|1|1|1|1|1|1|1|1|1|1"},"EQUIPMENT_SPECIAL_DROP_LIST":{"id":42,"param":"EQUIPMENT_SPECIAL_DROP_LIST","value":"1010101|1010301|1020102|1020602|1020502|1021001|1040602|1031002|1030801|1020701|1010502|1040103|1041002|1050502|1040901"},"EQUIPMENT_QUALITY_PROTECT_PARAM":{"id":43,"param":"EQUIPMENT_QUALITY_PROTECT_PARAM","value":"2"},"EQUIPMENT_LEVEL_PROTECT_PARAM":{"id":44,"param":"EQUIPMENT_LEVEL_PROTECT_PARAM","value":"1"},"EQUIPMENT_SEPCIAL_PROTECT_PARAM":{"id":45,"param":"EQUIPMENT_SEPCIAL_PROTECT_PARAM","value":"0;0;0;20;100|200|400;500|1000|3000;2000;3000;5000;5000;5000;5000;5000;5000;5000;5000;5000;5000;5000;5000;5000;5000;5000;5000;5000;5000;5000;5000;5000;5000;5000;5000;5000;5000"},"EQUIPMENT_SEPCIAL_PROTECT_TIME":{"id":46,"param":"EQUIPMENT_SEPCIAL_PROTECT_TIME","value":"1"},"EQUIPMENT_QUALITY_LOCK":{"id":47,"param":"EQUIPMENT_QUALITY_LOCK","value":"0|0|0|0|5|5|5|5|5"},"STAGE_MAX_TURN":{"id":48,"param":"STAGE_MAX_TURN","value":"15"},"EMAIL_SHOW_MAX_NUM":{"id":49,"param":"EMAIL_SHOW_MAX_NUM","value":"50"},"EMAIL_EXPIRATION_TIME_LIMIT_DAYS":{"id":50,"param":"EMAIL_EXPIRATION_TIME_LIMIT_DAYS","value":"30"},"PVP_SPEEDUP_ROUND":{"id":51,"param":"PVP_SPEEDUP_ROUND","value":"20"},"PVP_SPEEDUP_PARAM":{"id":52,"param":"PVP_SPEEDUP_PARAM","value":"100"},"PVP_ROUND_LIMIT":{"id":53,"param":"PVP_ROUND_LIMIT","value":"20"},"PVP_ROBOT_COUNT":{"id":54,"param":"PVP_ROBOT_COUNT","value":"20"},"PVP_ROBOT_LEVEL":{"id":55,"param":"PVP_ROBOT_LEVEL","value":"9|10"},"PVP_CHALLENGE_COST":{"id":56,"param":"PVP_CHALLENGE_COST","value":"100026=1"},"PVP_CHALLENGE_REWARD":{"id":57,"param":"PVP_CHALLENGE_REWARD","value":"100005=2|100003=2000"},"PVP_CHALLENGE_COST_LIMIT":{"id":58,"param":"PVP_CHALLENGE_COST_LIMIT","value":"3"},"PVP_PROTECT_LEVEL":{"id":59,"param":"PVP_PROTECT_LEVEL","value":"3"},"PVP_REFRESH_COST":{"id":60,"param":"PVP_REFRESH_COST","value":"100003=100"},"PVP_REFRESH_TIME_LIMIT":{"id":61,"param":"PVP_REFRESH_TIME_LIMIT","value":"5"},"PVP_INITIAL_SCORE":{"id":62,"param":"PVP_INITIAL_SCORE","value":"1000"},"PVP_MATCH_PARAM":{"id":63,"param":"PVP_MATCH_PARAM","value":"10|10"},"PVP_SCORE_CHANGE_PARAM":{"id":64,"param":"PVP_SCORE_CHANGE_PARAM","value":"200|0;100|5;0|10;-100|15;-200|20"},"PVP_SCORE_FAIL_PARAM":{"id":65,"param":"PVP_SCORE_FAIL_PARAM","value":"200|0;100|0;0|0;-100|0;-200|0"},"PVP_SCORE_CHANGE_RATE":{"id":66,"param":"PVP_SCORE_CHANGE_RATE","value":"500"},"PVP_SCORE_BASIC_PARAM":{"id":67,"param":"PVP_SCORE_BASIC_PARAM","value":"10"},"PVP_PROTECT_TIME_PARAM":{"id":68,"param":"PVP_PROTECT_TIME_PARAM","value":"5|60|60"},"PVP_DAILY_RANK_REWARD":{"id":69,"param":"PVP_DAILY_RANK_REWARD","value":"1,1,100005=60|100000=300;2,2,100005=40|100000=200;3,3,100005=30|100000=100;4,4,100005=24|100000=80;5,5,100005=20|100000=50;6,10,100005=10|100000=50;11,20,100005=6|100000=50;21,50,100005=4|100000=50;51,500,100005=2|100000=10;501,9999,100005=1|100000=10"},"PVP_WEEK_RANK_REWARD":{"id":70,"param":"PVP_WEEK_RANK_REWARD","value":"1,1,100006=50|100000=2000;2,2,100006=40|100000=1500;3,3,100006=30|100000=1000;4,4,100006=25|100000=800;5,5,100006=25|100000=600;6,10,100006=20|100000=400;11,50,100006=20|100004=200;51,500,100006=15|100004=100;501,9999,100006=10|100004=60"},"WILDBOSS_REPEAT_COST":{"id":71,"param":"WILDBOSS_REPEAT_COST","value":"0;100000=56;100000=112;100000=168;100000=224;100000=280"},"WILDBOSS_REPEAT_COST_PARAM":{"id":72,"param":"WILDBOSS_REPEAT_COST_PARAM","value":"0|1000|2000|3000|4000|5000|5000|5000|5000|5000|5000"},"WILDBOSS_REPEAT_LIMIT":{"id":73,"param":"WILDBOSS_REPEAT_LIMIT","value":"6"},"WILDBOSS_ROUND_LIMIT":{"id":74,"param":"WILDBOSS_ROUND_LIMIT","value":"15"},"PET_BACK_PARAM":{"id":75,"param":"PET_BACK_PARAM","value":"800"},"PET_BAG_SIZE":{"id":76,"param":"PET_BAG_SIZE","value":"6"},"PET_BAG_ADD_COST":{"id":77,"param":"PET_BAG_ADD_COST","value":"100000=100;100000=200;100000=300;100000=400;100000=500;100000=500;100000=500;100000=500;100000=500;100000=500;100000=500;100000=500;100000=500;100000=500;100000=500;100000=500;100000=500;100000=500;100000=500;100000=500;100000=500;100000=500;100000=500;100000=500;100000=500;100000=500;100000=500;100000=500;100000=500;100000=500;100000=500;100000=500;100000=500;100000=500;100000=500;100000=500"},"PET_FREE_REFRESH_TIME":{"id":78,"param":"PET_FREE_REFRESH_TIME","value":"3"},"PET_REFRESH_COST":{"id":79,"param":"PET_REFRESH_COST","value":"100010=10;100010=10;100010=10"},"PET_LEVELUP_COST_PARAM":{"id":80,"param":"PET_LEVELUP_COST_PARAM","value":"1000|2000|3000|4000|5000|6000|7000|8000|9000|10000|11000|12000|13000|14000|15000|16000|17000|18000|19000|20000|21000|22000|23000|24000|25000|26000|27000|28000|29000|30000|31000|32000|33000|34000|35000|36000|37000|38000|39000|40000|41000|42000|43000|44000|45000|46000|47000|48000|49000|50000|51000|52000|53000|54000|55000|56000|57000|58000|59000|60000|61000|62000|63000|64000|65000|66000|67000|68000|69000|70000|71000|72000|73000|74000|75000|76000|77000|78000|79000|80000|81000|82000|83000|84000|85000|86000|87000|88000|89000|90000|91000|92000|93000|94000|95000|96000|97000|98000|99000|100000|101000|102000|103000|104000|105000|106000|107000|108000|109000|110000|111000|112000|113000|114000|115000|116000|117000|118000|119000|120000|121000|122000|123000|124000|125000|126000|127000|128000|129000|130000|131000|132000|133000|134000|135000|136000|137000|138000|139000|140000|141000|142000|143000|144000|145000|146000|147000|148000|149000|150000|151000|152000|153000|154000|155000|156000|157000|158000|159000|160000|161000|162000|163000|164000|165000|166000|167000|168000|169000|170000|171000|172000|173000|174000|175000|176000|177000|178000|179000|180000|181000|182000|183000|184000|185000|186000|187000|188000|189000|190000|191000|192000|193000|194000|195000|196000|197000|198000|199000|200000"},"PET_QUALITY_WEIGHT":{"id":81,"param":"PET_QUALITY_WEIGHT","value":"500|280|160|58|2"},"PET_STAR_LIMIT":{"id":82,"param":"PET_STAR_LIMIT","value":"40"},"PET_ACTIVE_SKILL_UPGRADE":{"id":83,"param":"PET_ACTIVE_SKILL_UPGRADE","value":"20|40|60|80"},"PET_PASSIVE_SKILL_LIMIT":{"id":84,"param":"PET_PASSIVE_SKILL_LIMIT","value":"4"},"PET_RESET_COST":{"id":85,"param":"PET_RESET_COST","value":"100000=100;100000=120;100000=150;100000=200;100000=300"},"PET_DRAW_PROTECT_PARAM":{"id":86,"param":"PET_DRAW_PROTECT_PARAM","value":"5"},"PET_SYNC_MAIN_PARAM":{"id":87,"param":"PET_SYNC_MAIN_PARAM","value":"100|150|200|250|300"},"PET_SYNC_PASSIVE_PARAM":{"id":88,"param":"PET_SYNC_PASSIVE_PARAM","value":"100|120|140|160|200"},"PET_SYNC_ATTACK_PARAM":{"id":89,"param":"PET_SYNC_ATTACK_PARAM","value":"200|200|200|200|250"},"PET_UPGRADE_SKILL_QUALITY_LIMIT":{"id":90,"param":"PET_UPGRADE_SKILL_QUALITY_LIMIT","value":"3"},"PET_UPGRADE_CHOOSE_SKILL_COUNT":{"id":91,"param":"PET_UPGRADE_CHOOSE_SKILL_COUNT","value":"3"},"PET_UPGRADE_EFFECT_SYNC_PARAM":{"id":92,"param":"PET_UPGRADE_EFFECT_SYNC_PARAM","value":"0|0|0|400|500"},"PET_UPGRADE_RETURN_PARAM":{"id":93,"param":"PET_UPGRADE_RETURN_PARAM","value":"800"},"PET_UPGRADE_EAT_LIMIT_ADD":{"id":94,"param":"PET_UPGRADE_EAT_LIMIT_ADD","value":"10"},"PET_UPGRADE_RESET_COST_PARAM":{"id":95,"param":"PET_UPGRADE_RESET_COST_PARAM","value":"500"},"PET_UPGRADE_RESET_LIMIT":{"id":96,"param":"PET_UPGRADE_RESET_LIMIT","value":"2"},"PET_WASH_LIMIT":{"id":97,"param":"PET_WASH_LIMIT","value":"5"},"PET_WASH_COST":{"id":98,"param":"PET_WASH_COST","value":"100054=20"},"PET_WASH_LOCK_COST":{"id":99,"param":"PET_WASH_LOCK_COST","value":"100055=20|100055=40|100055=100|100055=150|100055=300|100055=500|100055=700"},"TOWER_RESET_PARAM":{"id":100,"param":"TOWER_RESET_PARAM","value":"2"},"TOWER_MOPPINGUP_LIMIT":{"id":101,"param":"TOWER_MOPPINGUP_LIMIT","value":"140|120;200|130;400|140;600|150;800|160;1000|170;1200|180;1400|190;1500|200;1600|210;1700|220;1800|230;1900|240;2000|250;2100|260;2200|270;2300|280;2400|290;2500|300"},"TALENT_PULL_COST":{"id":102,"param":"TALENT_PULL_COST","value":"100007=1"},"TALENT_READ_COST":{"id":103,"param":"TALENT_READ_COST","value":"100008=1"},"TALENT_QUICK_UNLOCK":{"id":104,"param":"TALENT_QUICK_UNLOCK","value":"16"},"TALENT_SPECIAL_TYPE":{"id":105,"param":"TALENT_SPECIAL_TYPE","value":"3|5|9|11"},"TALENT_SPECIAL_EFFECT":{"id":106,"param":"TALENT_SPECIAL_EFFECT","value":"50001|50002|50003|50004|50005|50006"},"SPIRIT_BOX_UNLOCK":{"id":107,"param":"SPIRIT_BOX_UNLOCK","value":"0|45|55"},"SPIRIT_PULL_COST":{"id":108,"param":"SPIRIT_PULL_COST","value":"100023=1"},"SPIRIT_PULL_WEIGHT":{"id":109,"param":"SPIRIT_PULL_WEIGHT","value":"260|220|160|120|40;90|60|30|15|5"},"SPIRIT_PULL_ENSURE_NUM":{"id":110,"param":"SPIRIT_PULL_ENSURE_NUM","value":"100|100"},"SPIRIT_PULL_ENSURE_QUALITY":{"id":111,"param":"SPIRIT_PULL_ENSURE_QUALITY","value":"4|5;5"},"SPIRIT_FIRST_PULL_ENSURE_NUM":{"id":112,"param":"SPIRIT_FIRST_PULL_ENSURE_NUM","value":"5"},"SPIRIT_FIRST_PULL_ENSURE_QUALITY":{"id":113,"param":"SPIRIT_FIRST_PULL_ENSURE_QUALITY","value":"1|2"},"SPIRIT_TRANS_COMMON_SOUL":{"id":114,"param":"SPIRIT_TRANS_COMMON_SOUL","value":"1|2|3|4|10"},"SPIRIT_COMMON_PIECE_ITEM_ID":{"id":115,"param":"SPIRIT_COMMON_PIECE_ITEM_ID","value":"100027"},"SPIRIT_LEVEL_COST_NUM":{"id":116,"param":"SPIRIT_LEVEL_COST_NUM","value":"20|30|40|50|60|70|80|90|100|110|240|600"},"SPIRIT_AD_LIMIT":{"id":117,"param":"SPIRIT_AD_LIMIT","value":"2"},"SPIRIT_AD_CD":{"id":118,"param":"SPIRIT_AD_CD","value":"10"},"CARD_MONTH_CONTINUE_LIMIT":{"id":119,"param":"CARD_MONTH_CONTINUE_LIMIT","value":"3"},"CARD_MONTH_BUY_ID":{"id":120,"param":"CARD_MONTH_BUY_ID","value":"160000001"},"CARD_MONTH_PARAM":{"id":121,"param":"CARD_MONTH_PARAM","value":"300|100|0|1|2|0|1"},"CARD_YEAR_BUY_ID":{"id":122,"param":"CARD_YEAR_BUY_ID","value":"160000002"},"CARD_YEAR_PARAM":{"id":123,"param":"CARD_YEAR_PARAM","value":"1980|100|100|1|1|20|1|3"},"HOMELAND_ENERGY_DIVIDE":{"id":124,"param":"HOMELAND_ENERGY_DIVIDE","value":"100|50|25|15"},"HOMELAND_ENERGY_SPEED":{"id":125,"param":"HOMELAND_ENERGY_SPEED","value":"20|40|80|4000"},"HOMELAND_ENERGY_COPE_SPEED":{"id":126,"param":"HOMELAND_ENERGY_COPE_SPEED","value":"500|300|100|10"},"HOMELAND_PULL_BASIC_TIME":{"id":127,"param":"HOMELAND_PULL_BASIC_TIME","value":"2"},"HOMELAND_ITEM_REFRESH_PARAM":{"id":128,"param":"HOMELAND_ITEM_REFRESH_PARAM","value":"100|-100"},"HOMELAND_AUTO_REFRESH_TIME":{"id":129,"param":"HOMELAND_AUTO_REFRESH_TIME","value":"0|10|18"},"HOMELAND_AUTO_REFRESH_TIME_PER":{"id":130,"param":"HOMELAND_AUTO_REFRESH_TIME_PER","value":"600"},"HOMELAND_SINGLE_BOX_MOUSE_LIMIT_CONFIG":{"id":131,"param":"HOMELAND_SINGLE_BOX_MOUSE_LIMIT_CONFIG","value":"3|3|3|4|4|5|5"},"HOMELAND_FREE_REFRESH_TIME":{"id":132,"param":"HOMELAND_FREE_REFRESH_TIME","value":"2"},"HOMELAND_FREE_REFRESH_CD":{"id":133,"param":"HOMELAND_FREE_REFRESH_CD","value":"1"},"HOMELAND_PAY_REFRESH_COST":{"id":134,"param":"HOMELAND_PAY_REFRESH_COST","value":"100000=10;100000=10;100000=10"},"HOMELAND_BASIC_WORKER_NUM":{"id":135,"param":"HOMELAND_BASIC_WORKER_NUM","value":"1"},"HOMELAND_WORKER_COST":{"id":136,"param":"HOMELAND_WORKER_COST","value":"100029=30;100029=300;100029=600;100029=900;100029=1200;100029=1500;100029=1800;100029=2100;100029=2400"},"HOMELAND_TARGET_REFRESH_TIME":{"id":137,"param":"HOMELAND_TARGET_REFRESH_TIME","value":"300"},"HOMELAND_TARGET_REFRESH_COUNT":{"id":138,"param":"HOMELAND_TARGET_REFRESH_COUNT","value":"3"},"HOMELAND_TARGET_REFRESH_LIMIT":{"id":139,"param":"HOMELAND_TARGET_REFRESH_LIMIT","value":"100"},"HOMELAND_AWARD_SCHEDULE_NUM":{"id":140,"param":"HOMELAND_AWARD_SCHEDULE_NUM","value":"1"},"HOMELAND_WEEK_CARD_BUY_ID":{"id":141,"param":"HOMELAND_WEEK_CARD_BUY_ID","value":"540000001"},"HOMELAND_MONTH_CARD_BUY_ID":{"id":142,"param":"HOMELAND_MONTH_CARD_BUY_ID","value":"540000002"},"HOMELAND_AUTO_PULL_TIME_LIMIT":{"id":143,"param":"HOMELAND_AUTO_PULL_TIME_LIMIT","value":"60"},"HOMELAND_TRY_TIME":{"id":144,"param":"HOMELAND_TRY_TIME","value":"3"},"UNION_CREATE_INGOTS_COST":{"id":145,"param":"UNION_CREATE_INGOTS_COST","value":"100000=100"},"UNION_CREATE_NEED_TREE_LEVEL":{"id":146,"param":"UNION_CREATE_NEED_TREE_LEVEL","value":"4"},"UNION_NEXT_JOIN_NEED_TIME":{"id":147,"param":"UNION_NEXT_JOIN_NEED_TIME","value":"3600"},"UNION_KICKED_NEXT_JOIN_NEED_TIME":{"id":148,"param":"UNION_KICKED_NEXT_JOIN_NEED_TIME","value":"300"},"UNION_QUIT_CONTRIBUTION_LOSE_PARAM":{"id":149,"param":"UNION_QUIT_CONTRIBUTION_LOSE_PARAM","value":"500"},"UNION_DEFAULT_OUT_NOTICE":{"id":150,"param":"UNION_DEFAULT_OUT_NOTICE","value":"Guild_Default_Declaration"},"UNION_DEFAULT_INNER_NOTICE":{"id":151,"param":"UNION_DEFAULT_INNER_NOTICE","value":"Guild_Default_Notice"},"UNION_NAME_LENGTH":{"id":152,"param":"UNION_NAME_LENGTH","value":"12"},"UNION_OUT_NOTICE_LENGTH":{"id":153,"param":"UNION_OUT_NOTICE_LENGTH","value":"40"},"UNION_INNER_NOTICE_LENGTH":{"id":154,"param":"UNION_INNER_NOTICE_LENGTH","value":"120"},"UNION_FIRST_JOIN_REWARD":{"id":155,"param":"UNION_FIRST_JOIN_REWARD","value":"0"},"UNION_JOIN_APPLY_MAX_COUNT":{"id":156,"param":"UNION_JOIN_APPLY_MAX_COUNT","value":"50"},"UNION_JOIN_APPLY_NEED_TITLE":{"id":157,"param":"UNION_JOIN_APPLY_NEED_TITLE","value":"3|33"},"UNION_MASTER_MAX_OFFLINE_TIME":{"id":158,"param":"UNION_MASTER_MAX_OFFLINE_TIME","value":"3"},"UNION_POSITION_NEED_CONTRIBUTION":{"id":159,"param":"UNION_POSITION_NEED_CONTRIBUTION","value":"10000|4000|1000"},"UNION_FLAG_PARAM":{"id":160,"param":"UNION_FLAG_PARAM","value":"1|2|3|4|5"},"UNION_FLAG_UNLOCK":{"id":161,"param":"UNION_FLAG_UNLOCK","value":"1|1|1|2|3"},"GAME_ITEM_UNION_CONTRIBUTION":{"id":162,"param":"GAME_ITEM_UNION_CONTRIBUTION","value":"100032"},"GAME_ITEM_UNION_WEALTH":{"id":163,"param":"GAME_ITEM_UNION_WEALTH","value":"100030"},"GAME_ITEM_UNION_EXP":{"id":164,"param":"GAME_ITEM_UNION_EXP","value":"100031"},"UNION_CHANGE_NAME_COST":{"id":165,"param":"UNION_CHANGE_NAME_COST","value":"100000=500"},"UNION_DONATE_COST":{"id":166,"param":"UNION_DONATE_COST","value":"100000=100"},"UNION_DAILY_PARAM":{"id":167,"param":"UNION_DAILY_PARAM","value":"150|250|500|750|1000"},"UNION_DAILY_REWARD":{"id":168,"param":"UNION_DAILY_REWARD","value":"100025=2|100003=2000;100016=1|100009=200;100000=10|100005=5;100000=15|100023=1;100000=30|100010=10"},"UNION_NOTICE_MAX_COUNT":{"id":169,"param":"UNION_NOTICE_MAX_COUNT","value":"200"},"UNION_RANK_DEFAULT_MAX_COUNT":{"id":170,"param":"UNION_RANK_DEFAULT_MAX_COUNT","value":"300"},"UNION_PER_DAY_JOIN_NUM_LIMIT":{"id":171,"param":"UNION_PER_DAY_JOIN_NUM_LIMIT","value":"50"},"UNION_HELP_LIMIT":{"id":172,"param":"UNION_HELP_LIMIT","value":"999|10"},"UNION_HELP_TIME":{"id":173,"param":"UNION_HELP_TIME","value":"300"},"UNION_PARERGON_TEXT_PARAM":{"id":174,"param":"UNION_PARERGON_TEXT_PARAM","value":"700|500|200|0"},"UNION_PARERGON_TRIGGER_PARAM":{"id":175,"param":"UNION_PARERGON_TRIGGER_PARAM","value":"50|50"},"UNION_PARERGON_TIME_PARAM":{"id":176,"param":"UNION_PARERGON_TIME_PARAM","value":"86400"},"UNION_PARERGON_LIMIT_TIME":{"id":177,"param":"UNION_PARERGON_LIMIT_TIME","value":"21600"},"UNION_WX_LIMIT":{"id":178,"param":"UNION_WX_LIMIT","value":"156|1"},"UNION_ACTIVE_LIMIT":{"id":179,"param":"UNION_ACTIVE_LIMIT","value":"7"},"DESTINY_LEVEL_UP":{"id":180,"param":"DESTINY_LEVEL_UP","value":"5|10|15|20|25|30|35|40|45|50|55|60|65|70|75|80|85|90|95|100|110|120|130|140|150|160|170|180|190|200|210|220|230|240|250|260|270|280|290|300|325|350|375|400|425|450|475|500|525|550|575|600|625|650|675|700|725|750|775|800|860|920|980|1040|1100|1160|1220|1280|1340|1400|1460|1520|1580|1640|1700|1760|1820|1880|1940|2000|2200|2400|2600|2800|3000|3200|3400|3600|3800|4000|4200|4400|4600|4800|5000|5200|5400|5600|5800|6000|6500|7000|7500|8000|8500|9000|9500|10000|10500|11000|11500|12000|12500|13000|13500|14000|14500|15000|15500|16000|17200|18400|19600|20800|22000|23200|24400|25600|26800|28000|29200|30400|31600|32800|34000|35200|36400|37600|38800|40000|43000|46000|49000|52000|55000|58000|61000|64000|67000|70000|73000|76000|79000|82000|85000|88000|91000|94000|97000|100000"},"DESTINY_TWO_PRACTICE_PARAM":{"id":181,"param":"DESTINY_TWO_PRACTICE_PARAM","value":"1800|30"},"DESTINY_SPECIAL_UNLOCK_1":{"id":182,"param":"DESTINY_SPECIAL_UNLOCK_1","value":"1"},"DESTINY_SPECIAL_UNLOCK_2":{"id":183,"param":"DESTINY_SPECIAL_UNLOCK_2","value":"3"},"DESTINY_SPECIAL_UNLOCK_3":{"id":184,"param":"DESTINY_SPECIAL_UNLOCK_3","value":"5|10|15"},"DESTINY_SPECIAL_UNLOCK_4":{"id":185,"param":"DESTINY_SPECIAL_UNLOCK_4","value":"7"},"DESTINY_SPECIAL_UNLOCK_5":{"id":186,"param":"DESTINY_SPECIAL_UNLOCK_5","value":"12|17"},"DESTINY_ENERGY_LIMIT":{"id":187,"param":"DESTINY_ENERGY_LIMIT","value":"4|2"},"DESTINY_DAILY_TALK_GET":{"id":188,"param":"DESTINY_DAILY_TALK_GET","value":"1|5;5|6;7|7;9|8;12|10"},"DESTINY_ENERGY_COST":{"id":189,"param":"DESTINY_ENERGY_COST","value":"1|2"},"DESTINY_DAILY_REWARD_COUNT":{"id":190,"param":"DESTINY_DAILY_REWARD_COUNT","value":"1"},"DESTINY_DAILY_REWARD_TIME":{"id":191,"param":"DESTINY_DAILY_REWARD_TIME","value":"28800|50400|72000"},"DESTINY_DIVIDE_PARAM":{"id":192,"param":"DESTINY_DIVIDE_PARAM","value":"1|20|40|60|80|100|120|140|160|180|200"},"DESTINY_ENERGY_TIME":{"id":193,"param":"DESTINY_ENERGY_TIME","value":"1800"},"DESTINY_ENERGY_ITEM_PARAM":{"id":194,"param":"DESTINY_ENERGY_ITEM_PARAM","value":"100011|1"},"DESTINY_ENERGY_QUICK_UNLOCK":{"id":195,"param":"DESTINY_ENERGY_QUICK_UNLOCK","value":"16"},"INVADE_MONSTER_ID":{"id":196,"param":"INVADE_MONSTER_ID","value":"102001|101004|101007"},"INVADE_CHALLENGE_TIME":{"id":197,"param":"INVADE_CHALLENGE_TIME","value":"5"},"INVADE_RANK_REWARD":{"id":198,"param":"INVADE_RANK_REWARD","value":"1,1,100000=300|100010=300|100009=500;2,2,100000=200|100010=120|100009=450;3,3,100000=100|100010=80|100009=400;4,10,100000=80|100010=60|100009=350;11,50,100000=50|100010=40|100009=300;51,100,100000=20|100010=20|100009=250;101,500,100000=10|100010=10|100009=200;501,9999,100000=5|100010=5|100009=150"},"INVADE_FIGHT_REWARD":{"id":199,"param":"INVADE_FIGHT_REWARD","value":"100009=250,10|100010=4,5|100000=2,2|100004=5,2"},"AD_REWARD":{"id":200,"param":"AD_REWARD","value":"100000=30|100004=10"},"AD_REWARD_CD":{"id":201,"param":"AD_REWARD_CD","value":"300"},"AD_REWARD_DAILY_MAX_NUM":{"id":202,"param":"AD_REWARD_DAILY_MAX_NUM","value":"5"},"NEW_PLAYER_MAIL_REWARD":{"id":203,"param":"NEW_PLAYER_MAIL_REWARD","value":"100004=20|100012=1"},"BATTLE_SKIP_ROUND":{"id":204,"param":"BATTLE_SKIP_ROUND","value":"1|5;40|5;100|5;150|5;200|5"},"REPORT_SPIRIT_LIMIT":{"id":205,"param":"REPORT_SPIRIT_LIMIT","value":"6"},"REPORT_PET_LIMIT":{"id":206,"param":"REPORT_PET_LIMIT","value":"5"},"TALK_TIME_LIMIT":{"id":207,"param":"TALK_TIME_LIMIT","value":"30|5|30"},"FIRST_RECHANGE_GIFT_TRIGGER_CONDITION":{"id":208,"param":"FIRST_RECHANGE_GIFT_TRIGGER_CONDITION","value":"4"},"REDEMPTION_GIFT_CODES_DAILY_LIMIT":{"id":209,"param":"REDEMPTION_GIFT_CODES_DAILY_LIMIT","value":"20"},"HERORANK_ITEM_COST":{"id":210,"param":"HERORANK_ITEM_COST","value":"100013=1"},"HERORANK_ITEM_PARAM":{"id":211,"param":"HERORANK_ITEM_PARAM","value":"10|10800"},"HERORANK_ITEM_BUY_COST":{"id":212,"param":"HERORANK_ITEM_BUY_COST","value":"100000=50"},"HERORANK_ITEM_BUY_LIMIT":{"id":213,"param":"HERORANK_ITEM_BUY_LIMIT","value":"10"},"HERORANK_BATTLE_ROUND":{"id":214,"param":"HERORANK_BATTLE_ROUND","value":"15"},"HERORANK_VICTORY_AWARD":{"id":215,"param":"HERORANK_VICTORY_AWARD","value":"100046=25"},"HERORANK_DEFEAT_AWARD":{"id":216,"param":"HERORANK_DEFEAT_AWARD","value":"0"},"HERORANK_REFRESH_COST":{"id":217,"param":"HERORANK_REFRESH_COST","value":"100000=10"},"HERORANK_REFRESH_LIMIT":{"id":218,"param":"HERORANK_REFRESH_LIMIT","value":"99|300"},"HERORANK_MESSAGE_LIMIT":{"id":219,"param":"HERORANK_MESSAGE_LIMIT","value":"20"},"HERORANK_MESSAGE_TIME_LIMIT":{"id":220,"param":"HERORANK_MESSAGE_TIME_LIMIT","value":"7"},"HERORANK_QUICK_LIMIT":{"id":221,"param":"HERORANK_QUICK_LIMIT","value":"5"},"HERORANK_PROTECT_TIME":{"id":222,"param":"HERORANK_PROTECT_TIME","value":"300"},"HERORANK_REFRESH_SKIP_TIME":{"id":223,"param":"HERORANK_REFRESH_SKIP_TIME","value":"2"},"MAGIC_LEVELUP_COST":{"id":224,"param":"MAGIC_LEVELUP_COST","value":"1000|1000|1000|1000"},"MAGIC_LEVELUP_PARAM":{"id":225,"param":"MAGIC_LEVELUP_PARAM","value":"1000|1000|1000|1000"},"MAGIC_UPGRADE_PARAM":{"id":226,"param":"MAGIC_UPGRADE_PARAM","value":"50|50|100|100|150|150|200|200|250|250|300|300|350|350|400|400|450|450|500|1000|2000|5000|10000|20000"},"MAGIC_REPEAT_PARAM":{"id":227,"param":"MAGIC_REPEAT_PARAM","value":"50"},"MAGIC_MAX_PARAM":{"id":228,"param":"MAGIC_MAX_PARAM","value":"1|2|20|60"},"MAGIC_MAX_ITEM_ID":{"id":229,"param":"MAGIC_MAX_ITEM_ID","value":"100071"},"MAGIC_PULL_WEIGHT":{"id":230,"param":"MAGIC_PULL_WEIGHT","value":"100|50|5|1"},"MAGIC_PULL_PROTECT_TIME":{"id":231,"param":"MAGIC_PULL_PROTECT_TIME","value":"200"},"MAGIC_PULL_PROTECT_QUALITY":{"id":232,"param":"MAGIC_PULL_PROTECT_QUALITY","value":"4"},"MAGIC_PULL_COST":{"id":233,"param":"MAGIC_PULL_COST","value":"100044=20"},"MAGIC_PULL_FREE_TIME":{"id":234,"param":"MAGIC_PULL_FREE_TIME","value":"1"},"MAGIC_BATTLE_PARAM":{"id":235,"param":"MAGIC_BATTLE_PARAM","value":"0|10000|2000|20"},"MAGIC_RESET_COST":{"id":236,"param":"MAGIC_RESET_COST","value":"100000=100"},"MAGIC_STONE_QUALITY_WEIGHT":{"id":237,"param":"MAGIC_STONE_QUALITY_WEIGHT","value":"1000000|500000|200000|40000|8000|1600|320|64|8|1"},"MAGIC_STONE_COMPOUND":{"id":238,"param":"MAGIC_STONE_COMPOUND","value":"3"},"MAGIC_AD_LIMIT":{"id":239,"param":"MAGIC_AD_LIMIT","value":"2"},"MAGIC_AD_CD":{"id":240,"param":"MAGIC_AD_CD","value":"10"},"SECRETTOWER_UNLOCK_PARAM":{"id":241,"param":"SECRETTOWER_UNLOCK_PARAM","value":"156|10;"},"MAMMON_TYPE_PARAM":{"id":242,"param":"MAMMON_TYPE_PARAM","value":"50|50|50|50|50"},"MAMMON_CAN_CONGRATULATE_TIME":{"id":243,"param":"MAMMON_CAN_CONGRATULATE_TIME","value":"259200"},"MAMMON_RECORD_MAX_COUNT":{"id":244,"param":"MAMMON_RECORD_MAX_COUNT","value":"200"},"MAMMON_CELEBRATE_TIME_LIMIT":{"id":245,"param":"MAMMON_CELEBRATE_TIME_LIMIT","value":"600"},"MAMMON_WORSHIP_REWARD":{"id":246,"param":"MAMMON_WORSHIP_REWARD","value":"25|50"},"MAMMON_MIRACLE_WEIGHT":{"id":247,"param":"MAMMON_MIRACLE_WEIGHT","value":"250001=100|250002=100|250004=100"},"MAMMON_TITLE_FATE":{"id":248,"param":"MAMMON_TITLE_FATE","value":"1|100;2|125;3|150;4|200;5|250"},"MAMMON_WORDS_MAX_NAME":{"id":249,"param":"MAMMON_WORDS_MAX_NAME","value":"50"},"UNION_KILL_EVIL_BUFF":{"id":250,"param":"UNION_KILL_EVIL_BUFF","value":"1|10;2|20;3|30;4|40;5|50;6|60;7|70;8|80;9|90;10|100;11|110;12|120;13|130;14|140;15|150;16|160;17|170;18|180;19|190;20|200"},"UNION_KILL_EVIL_CHALLENGE_TIMES":{"id":251,"param":"UNION_KILL_EVIL_CHALLENGE_TIMES","value":"1"},"UNION_KILL_EVIL_FIGHT_ROUND":{"id":252,"param":"UNION_KILL_EVIL_FIGHT_ROUND","value":"15"},"UNION_KILL_EVIL_OPEN_TIME":{"id":253,"param":"UNION_KILL_EVIL_OPEN_TIME","value":"0|0|0;22|0|0"},"UNION_KILL_EVIL_CLOSE_TIME":{"id":254,"param":"UNION_KILL_EVIL_CLOSE_TIME","value":"22|0|0;23|59|59"},"UNION_KILL_EVIL_BUFF_MAX_NUM":{"id":255,"param":"UNION_KILL_EVIL_BUFF_MAX_NUM","value":"1"},"UNION_KILL_EVIL_BUFF_BEING_TIME":{"id":256,"param":"UNION_KILL_EVIL_BUFF_BEING_TIME","value":"3600"},"BAD_CREDIT_SCORE_VIP_EXP":{"id":257,"param":"BAD_CREDIT_SCORE_VIP_EXP","value":"100"},"BAD_CREDIT_SCORE_MUTE":{"id":258,"param":"BAD_CREDIT_SCORE_MUTE","value":"500|3600;1000|21600;2000|43200"},"BAD_CREDIT_SCORE_REDUCE_TIME":{"id":259,"param":"BAD_CREDIT_SCORE_REDUCE_TIME","value":"1800"},"BAD_CREDIT_SCORE_PARAM":{"id":260,"param":"BAD_CREDIT_SCORE_PARAM","value":"100|250"},"MAGICTREASUER_PULL_REPEAT_PIECE":{"id":261,"param":"MAGICTREASUER_PULL_REPEAT_PIECE","value":"50"},"MAGICTREASUER_QUICK_UNLOCK":{"id":262,"param":"MAGICTREASUER_QUICK_UNLOCK","value":"20"},"MAGICTREASUER_PIECE_ITEM_ID":{"id":263,"param":"MAGICTREASUER_PIECE_ITEM_ID","value":"100063=1|100062=1|100061=1|100060=1"},"MAGICTREASUER_PIECE_LEVEL":{"id":264,"param":"MAGICTREASUER_PIECE_LEVEL","value":"5"},"MAGICTREASUER_STAR_LEVEL_LIMIT":{"id":265,"param":"MAGICTREASUER_STAR_LEVEL_LIMIT","value":"0|0|0|0|5|10|20|20|20|0;0|0|0|0|5|10|20|30|40|0;0|0|0|0|5|10|20|30|40|0;0|0|0|0|3|5|8|10|10|0"},"MAGICTREASUER_PULL_WEIGHT":{"id":266,"param":"MAGICTREASUER_PULL_WEIGHT","value":"7200|1000|100|1"},"FORBIDDEN_ZONE_ATTRIBUTE":{"id":267,"param":"FORBIDDEN_ZONE_ATTRIBUTE","value":"1000|20|500|2"},"FORBIDDEN_ZONE_SATAE":{"id":268,"param":"FORBIDDEN_ZONE_SATAE","value":"1|0;2|500;3|1500"},"FORBIDDEN_ZONE_EXP_ITEM_NUM":{"id":269,"param":"FORBIDDEN_ZONE_EXP_ITEM_NUM","value":"200"},"FORBIDDEN_ZONE_EXP_ITEM_EFFECT":{"id":270,"param":"FORBIDDEN_ZONE_EXP_ITEM_EFFECT","value":"10"},"FORBIDDEN_ZONE_MONSTER_RANGE":{"id":271,"param":"FORBIDDEN_ZONE_MONSTER_RANGE","value":"2"},"FORBIDDEN_ZONE_MONSTER_WALK_TIME":{"id":272,"param":"FORBIDDEN_ZONE_MONSTER_WALK_TIME","value":"3"},"FORBIDDEN_ZONE_MONSTER_WALK_DISTANCE":{"id":273,"param":"FORBIDDEN_ZONE_MONSTER_WALK_DISTANCE","value":"1"},"FORBIDDEN_ZONE_MONSTER_NUM":{"id":274,"param":"FORBIDDEN_ZONE_MONSTER_NUM","value":"1|6;2|6;3|6;4|6"},"FORBIDDEN_ZONE_REWARD":{"id":275,"param":"FORBIDDEN_ZONE_REWARD","value":"100000=50|100004=50"},"CUT_ROPE_REWARD":{"id":276,"param":"CUT_ROPE_REWARD","value":"100000=50|100004=50"},"UNION_FIGHT_APPLY_QUALIFICATION":{"id":277,"param":"UNION_FIGHT_APPLY_QUALIFICATION","value":"20"},"UNION_FIGHT_ENERGY":{"id":278,"param":"UNION_FIGHT_ENERGY","value":"1"},"UNION_FIGHT_CHARACTER_SCORE":{"id":279,"param":"UNION_FIGHT_CHARACTER_SCORE","value":"1|10;2|6;3|2"},"UNION_FIGHT_WORSHIP_REWARD":{"id":280,"param":"UNION_FIGHT_WORSHIP_REWARD","value":"100000=30"},"UNION_FIGHT_REQUEST":{"id":281,"param":"UNION_FIGHT_REQUEST","value":"2"},"UNION_FIGHT_POSTER_REWARD_SHOW":{"id":282,"param":"UNION_FIGHT_POSTER_REWARD_SHOW","value":"160012=1|100044=1|100023=1|100004=1"},"UNION_FIGHT_ACTIVATION":{"id":283,"param":"UNION_FIGHT_ACTIVATION","value":"2800"},"ENERGY_AREA_OPEN_TIME":{"id":284,"param":"ENERGY_AREA_OPEN_TIME","value":"600|720"},"ENERGY_AREA_FIGHT_TIME":{"id":285,"param":"ENERGY_AREA_FIGHT_TIME","value":"600|840"},"ENERGY_AREA_LEVEL_EFFECT":{"id":286,"param":"ENERGY_AREA_LEVEL_EFFECT","value":"300"},"ENERGY_AREA_LEVELUP_PROFIT":{"id":287,"param":"ENERGY_AREA_LEVELUP_PROFIT","value":"100"},"ENERGY_AREA_LEVELUP_SPEND":{"id":288,"param":"ENERGY_AREA_LEVELUP_SPEND","value":"5000|10000|15000|20000|25000|30000|35000|40000|45000|50000|55000|60000|65000|70000|75000|80000|85000|90000|95000|100000"},"ENERGY_AREA_RANK_EFFECT":{"id":289,"param":"ENERGY_AREA_RANK_EFFECT","value":"156|50;236|100;336|150;456|200;596|250;756|300"},"ENERGY_AREA_TITLE_EFFECT":{"id":290,"param":"ENERGY_AREA_TITLE_EFFECT","value":"1|200;2|400;3|600;4|800;5|1000"},"ENERGY_AREA_OPEN_NUM":{"id":291,"param":"ENERGY_AREA_OPEN_NUM","value":"1"},"ENERGY_AREA_ATTEND_NUM":{"id":292,"param":"ENERGY_AREA_ATTEND_NUM","value":"1"},"ENERGY_AREA_DURATION":{"id":293,"param":"ENERGY_AREA_DURATION","value":"120"},"ENERGY_AREA_MAX_ITEM":{"id":294,"param":"ENERGY_AREA_MAX_ITEM","value":"1|6;336|8;456|10;596|12;756|14"},"ENERGY_AREA_REWARD_FREQUENCY":{"id":295,"param":"ENERGY_AREA_REWARD_FREQUENCY","value":"1"},"ENERGY_AREA_DISLODGE_CD":{"id":296,"param":"ENERGY_AREA_DISLODGE_CD","value":"5"},"ENERGY_AREA_PROTECT_CD":{"id":297,"param":"ENERGY_AREA_PROTECT_CD","value":"30"},"ENERGY_AREA_ITEM_ID":{"id":298,"param":"ENERGY_AREA_ITEM_ID","value":"105044"},"ENERGY_AREA_WORSHIP_REWARD":{"id":299,"param":"ENERGY_AREA_WORSHIP_REWARD","value":"100000=30"},"ENERGY_AREA_BATTLELOG_NUM":{"id":300,"param":"ENERGY_AREA_BATTLELOG_NUM","value":"20"},"ENERGY_AREA_KICK_TIMES":{"id":301,"param":"ENERGY_AREA_KICK_TIMES","value":"5"},"ENERGY_AREA_AD_LIMIT":{"id":302,"param":"ENERGY_AREA_AD_LIMIT","value":"3"},"ENERGY_AREA_AD_COLD_TIME":{"id":303,"param":"ENERGY_AREA_AD_COLD_TIME","value":"10"},"ENERGY_AREA_AD_REWARD":{"id":304,"param":"ENERGY_AREA_AD_REWARD","value":"105044=1"},"ENERGY_AREA_GUIDE_REWARD":{"id":305,"param":"ENERGY_AREA_GUIDE_REWARD","value":"105044=1"},"STARCHALLENGE_ROUND_LIMIT":{"id":306,"param":"STARCHALLENGE_ROUND_LIMIT","value":"30"},"STARCHALLENGE_SAFE_TIME":{"id":307,"param":"STARCHALLENGE_SAFE_TIME","value":"300"},"STARCHALLENGE_RECORD_LIMIT":{"id":308,"param":"STARCHALLENGE_RECORD_LIMIT","value":"10"},"STARCHALLENGE_FIGHT_LIMIT":{"id":309,"param":"STARCHALLENGE_FIGHT_LIMIT","value":"30"},"STARCHALLENGE_GIFT_PARAM":{"id":310,"param":"STARCHALLENGE_GIFT_PARAM","value":"20|50"},"STARCHALLENGE_DAILY_AWARD":{"id":311,"param":"STARCHALLENGE_DAILY_AWARD","value":"100000=50"},"QQ_COLOUR_SIGN_REWARD":{"id":312,"param":"QQ_COLOUR_SIGN_REWARD","value":"100000=200|100004=100|100016=5"},"QQ_ADD_DESKTOP_REWARD":{"id":313,"param":"QQ_ADD_DESKTOP_REWARD","value":"100000=200|100004=100|100016=5"},"TIKTOK_ADD_DESKTOP_REWARD":{"id":314,"param":"TIKTOK_ADD_DESKTOP_REWARD","value":"100000=200|100004=100|100016=5"},"TIKTOK_ADD_SIDEBAR_REWARD":{"id":315,"param":"TIKTOK_ADD_SIDEBAR_REWARD","value":"100000=200|100004=100|100016=5"},"GODBODY_UNLOCK_PARAM":{"id":316,"param":"GODBODY_UNLOCK_PARAM","value":"0|0"},"GODBODY_SKILL_ID":{"id":317,"param":"GODBODY_SKILL_ID","value":"280001|280002"},"GODBODY_MAGICTREASUER_ID":{"id":318,"param":"GODBODY_MAGICTREASUER_ID","value":"30046|30047"},"GODBODY_HEADSHOT_ID":{"id":319,"param":"GODBODY_HEADSHOT_ID","value":"149003|149004"},"GODBODY_HEADFRAME_ID":{"id":320,"param":"GODBODY_HEADFRAME_ID","value":"146008|146009"},"GODBODY_SWITCH_COST":{"id":321,"param":"GODBODY_SWITCH_COST","value":"1000|2000|3000|4000|5000"},"GODBODY_SWITCH_LIMIT":{"id":322,"param":"GODBODY_SWITCH_LIMIT","value":"1"},"BODYCHANGE_ITEM_ID":{"id":323,"param":"BODYCHANGE_ITEM_ID","value":"100074"},"LITTLEMONSTER_CREATE_UNLOCK_SKIN":{"id":324,"param":"LITTLEMONSTER_CREATE_UNLOCK_SKIN","value":"144014|144015"},"CHARACTER_LENGTH_LIMIT_FOR_PLAYER_NAME":{"id":362,"param":"CHARACTER_LENGTH_LIMIT_FOR_PLAYER_NAME","value":"12"},"WORLD_CHAT_SEND_WORD_LIMIT":{"id":363,"param":"WORLD_CHAT_SEND_WORD_LIMIT","value":"80"}}