{"0":{"id":0,"desc":"Game_Error-0"},"1":{"id":1,"desc":"Game_Error-1"},"2":{"id":2,"desc":"Game_Error-2"},"3":{"id":3,"desc":"Game_Error-3"},"4":{"id":4,"desc":"Game_Error-4"},"5":{"id":5,"desc":"Game_Error-5"},"6":{"id":6,"desc":"Game_Error-6"},"7":{"id":7,"desc":"Game_Error-7"},"8":{"id":8,"desc":"Game_Error-8"},"9":{"id":9,"desc":"Game_Error-9"},"10":{"id":10,"desc":"Game_Error-10"},"11":{"id":11,"desc":"Game_Error-11"},"12":{"id":12,"desc":"Game_Error-12"},"13":{"id":13,"desc":"Game_Error-13"},"14":{"id":14,"desc":"Game_Error-14"},"15":{"id":15,"desc":"Game_Error-15"},"17":{"id":17,"desc":"Game_Error-17"},"18":{"id":18,"desc":"Game_Error-18"},"19":{"id":19,"desc":"Game_Error-19"},"20":{"id":20,"desc":"Game_Error-20"},"21":{"id":21,"desc":"Game_Error-21"},"22":{"id":22,"desc":"Game_Error-22"},"23":{"id":23,"desc":"Game_Error-23"},"24":{"id":24,"desc":"Game_Error-24"},"25":{"id":25,"desc":"Game_Error-25"},"26":{"id":26,"desc":"Game_Error-26"},"27":{"id":27,"desc":"Game_Error-27"},"28":{"id":28,"desc":"Game_Error-28"},"29":{"id":29,"desc":"Game_Error-29"},"30":{"id":30,"desc":"Game_Error-30"},"31":{"id":31,"desc":"Game_Error-31"},"32":{"id":32,"desc":"Game_Error-32"},"33":{"id":33,"desc":"Game_Error-33"},"34":{"id":34,"desc":"Game_Error-34"},"35":{"id":35,"desc":"Game_Error-35"},"36":{"id":36,"desc":"Game_Error-36"},"37":{"id":37,"desc":"Game_Error-37"},"38":{"id":38,"desc":"Game_Error-38"},"101":{"id":101,"desc":"Game_Error-101"},"102":{"id":102,"desc":"Game_Error-102"},"103":{"id":103,"desc":"Game_Error-103"},"104":{"id":104,"desc":"Game_Error-104"},"105":{"id":105,"desc":"Game_Error-105"},"106":{"id":106,"desc":"Game_Error-106"},"107":{"id":107,"desc":"Game_Error-107"},"108":{"id":108,"desc":"Game_Error-108"},"109":{"id":109,"desc":"Game_Error-109"},"110":{"id":110,"desc":"Game_Error-110"},"111":{"id":111,"desc":"Game_Error-111"},"112":{"id":112,"desc":"Game_Error-112"},"113":{"id":113,"desc":"Game_Error-113"},"114":{"id":114,"desc":"Game_Error-114"},"115":{"id":115,"desc":"Game_Error-115"},"116":{"id":116,"desc":"Game_Error-116"},"117":{"id":117,"desc":"Game_Error-117"},"118":{"id":118,"desc":"Game_Error-118"},"119":{"id":119,"desc":"Game_Error-119"},"120":{"id":120,"desc":"Game_Error-120"},"121":{"id":121,"desc":"Game_Error-121"},"122":{"id":122,"desc":"Game_Error-122"},"123":{"id":123,"desc":"Game_Error-123"},"124":{"id":124,"desc":"Game_Error-124"},"125":{"id":125,"desc":"Game_Error-125"},"126":{"id":126,"desc":"Game_Error-126"},"127":{"id":127,"desc":"Game_Error-127"},"201":{"id":201,"desc":"Game_Error-201"},"202":{"id":202,"desc":"Game_Error-202"},"203":{"id":203,"desc":"Game_Error-203"},"204":{"id":204,"desc":"Game_Error-204"},"205":{"id":205,"desc":"Game_Error-205"},"206":{"id":206,"desc":"Game_Error-206"},"207":{"id":207,"desc":"Game_Error-207"},"208":{"id":208,"desc":"Game_Error-208"},"209":{"id":209,"desc":"Game_Error-209"},"210":{"id":210,"desc":"Game_Error-210"},"211":{"id":211,"desc":"Game_Error-211"},"212":{"id":212,"desc":"Game_Error-212"},"213":{"id":213,"desc":"Game_Error-213"},"214":{"id":214,"desc":"Game_Error-214"},"215":{"id":215,"desc":"Game_Error-215"},"216":{"id":216,"desc":"Game_Error-216"},"217":{"id":217,"desc":"Game_Error-217"},"218":{"id":218,"desc":"Game_Error-218"},"219":{"id":219,"desc":"Game_Error-219"},"220":{"id":220,"desc":"Game_Error-220"},"301":{"id":301,"desc":"Game_Error-301"},"302":{"id":302,"desc":"Game_Error-302"},"303":{"id":303,"desc":"Game_Error-303"},"304":{"id":304,"desc":"Game_Error-304"},"305":{"id":305,"desc":"Game_Error-305"},"306":{"id":306,"desc":"Game_Error-306"},"307":{"id":307,"desc":"Game_Error-307"},"308":{"id":308,"desc":"Game_Error-308"},"309":{"id":309,"desc":"Game_Error-309"},"310":{"id":310,"desc":"Game_Error-310"},"311":{"id":311,"desc":"Game_Error-311"},"312":{"id":312,"desc":"Game_Error-312"},"313":{"id":313,"desc":"Game_Error-313"},"314":{"id":314,"desc":"Game_Error-314"},"315":{"id":315,"desc":"Game_Error-315"},"316":{"id":316,"desc":"Game_Error-316"},"317":{"id":317,"desc":"Game_Error-317"},"318":{"id":318,"desc":"Game_Error-318"},"319":{"id":319,"desc":"Game_Error-319"},"320":{"id":320,"desc":"Game_Error-320"},"321":{"id":321,"desc":"Game_Error-321"},"322":{"id":322,"desc":"Game_Error-322"},"323":{"id":323,"desc":"Game_Error-323"},"401":{"id":401,"desc":"Game_Error-401"},"402":{"id":402,"desc":"Game_Error-402"},"403":{"id":403,"desc":"Game_Error-403"},"404":{"id":404,"desc":"Game_Error-404"},"405":{"id":405,"desc":"Game_Error-405"},"500":{"id":500,"desc":"Game_Error-500"},"501":{"id":501,"desc":"Game_Error-501"},"502":{"id":502,"desc":"Game_Error-502"},"503":{"id":503,"desc":"Game_Error-503"},"504":{"id":504,"desc":"Game_Error-504"},"505":{"id":505,"desc":"Game_Error-505"},"506":{"id":506,"desc":"Game_Error-506"},"507":{"id":507,"desc":"Game_Error-507"},"508":{"id":508,"desc":"Game_Error-508"},"509":{"id":509,"desc":"Game_Error-509"},"510":{"id":510,"desc":"Game_Error-510"},"511":{"id":511,"desc":"Game_Error-511"},"512":{"id":512,"desc":"Game_Error-512"},"513":{"id":513,"desc":"Game_Error-513"},"514":{"id":514,"desc":"Game_Error-514"},"515":{"id":515,"desc":"Game_Error-515"},"516":{"id":516,"desc":"Game_Error-516"},"517":{"id":517,"desc":"Game_Error-517"},"518":{"id":518,"desc":"Game_Error-518"},"519":{"id":519,"desc":"Game_Error-519"},"520":{"id":520,"desc":"Game_Error-520"},"521":{"id":521,"desc":"Game_Error-521"},"522":{"id":522,"desc":"Game_Error-522"},"523":{"id":523,"desc":"Game_Error-523"},"524":{"id":524,"desc":"Game_Error-524"},"525":{"id":525,"desc":"Game_Error-525"},"526":{"id":526,"desc":"Game_Error-526"},"527":{"id":527,"desc":"Game_Error-527"},"528":{"id":528,"desc":"Game_Error-528"},"529":{"id":529,"desc":"Game_Error-529"},"530":{"id":530,"desc":"Game_Error-530"},"531":{"id":531,"desc":"Game_Error-531"},"532":{"id":532,"desc":"Game_Error-532"},"601":{"id":601,"desc":"Game_Error-601"},"602":{"id":602,"desc":"Game_Error-602"},"603":{"id":603,"desc":"Game_Error-603"},"604":{"id":604,"desc":"Game_Error-604"},"605":{"id":605,"desc":"Game_Error-605"},"606":{"id":606,"desc":"Game_Error-606"},"607":{"id":607,"desc":"Game_Error-607"},"651":{"id":651,"desc":"Game_Error-651"},"652":{"id":652,"desc":"Game_Error-652"},"653":{"id":653,"desc":"Game_Error-653"},"654":{"id":654,"desc":"Game_Error-654"},"701":{"id":701,"desc":"Game_Error-701"},"702":{"id":702,"desc":"Game_Error-702"},"703":{"id":703,"desc":"Game_Error-703"},"704":{"id":704,"desc":"Game_Error-704"},"705":{"id":705,"desc":"Game_Error-705"},"706":{"id":706,"desc":"Game_Error-706"},"707":{"id":707,"desc":"Game_Error-707"},"708":{"id":708,"desc":"Game_Error-708"},"709":{"id":709,"desc":"Game_Error-709"},"710":{"id":710,"desc":"Game_Error-710"},"711":{"id":711,"desc":"Game_Error-711"},"712":{"id":712,"desc":"Game_Error-712"},"713":{"id":713,"desc":"Game_Error-713"},"714":{"id":714,"desc":"Game_Error-714"},"715":{"id":715,"desc":"Game_Error-715"},"716":{"id":716,"desc":"Game_Error-716"},"717":{"id":717,"desc":"Game_Error-717"},"718":{"id":718,"desc":"Game_Error-718"},"719":{"id":719,"desc":"Game_Error-719"},"720":{"id":720,"desc":"Game_Error-720"},"721":{"id":721,"desc":"Game_Error-721"},"722":{"id":722,"desc":"Game_Error-722"},"723":{"id":723,"desc":"Game_Error-723"},"724":{"id":724,"desc":"Game_Error-724"},"725":{"id":725,"desc":"Game_Error-725"},"726":{"id":726,"desc":"Game_Error-726"},"727":{"id":727,"desc":"Game_Error-727"},"728":{"id":728,"desc":"Game_Error-728"},"729":{"id":729,"desc":"Game_Error-729"},"730":{"id":730,"desc":"Game_Error-730"},"731":{"id":731,"desc":"Game_Error-731"},"732":{"id":732,"desc":"Game_Error-732"},"801":{"id":801,"desc":"Game_Error-801"},"802":{"id":802,"desc":"Game_Error-802"},"803":{"id":803,"desc":"Game_Error-803"},"901":{"id":901,"desc":"Game_Error-901"},"902":{"id":902,"desc":"Game_Error-902"},"903":{"id":903,"desc":"Game_Error-903"},"904":{"id":904,"desc":"Game_Error-904"},"905":{"id":905,"desc":"Game_Error-905"},"906":{"id":906,"desc":"Game_Error-906"},"1001":{"id":1001,"desc":"Game_Error-1001"},"1002":{"id":1002,"desc":"Game_Error-1002"},"1003":{"id":1003,"desc":"Game_Error-1003"},"1004":{"id":1004,"desc":"Game_Error-1004"},"1005":{"id":1005,"desc":"Game_Error-1005"},"1006":{"id":1006,"desc":"Game_Error-1006"},"1007":{"id":1007,"desc":"Game_Error-1007"},"1008":{"id":1008,"desc":"Game_Error-1008"},"1009":{"id":1009,"desc":"Game_Error-1009"},"1010":{"id":1010,"desc":"Game_Error-1010"},"1101":{"id":1101,"desc":"Game_Error-1101"},"1102":{"id":1102,"desc":"Game_Error-1102"},"1103":{"id":1103,"desc":"Game_Error-1103"},"1104":{"id":1104,"desc":"Game_Error-1104"},"1105":{"id":1105,"desc":"Game_Error-1105"},"1106":{"id":1106,"desc":"Game_Error-1106"},"1107":{"id":1107,"desc":"Game_Error-1107"},"1108":{"id":1108,"desc":"Game_Error-1108"},"1109":{"id":1109,"desc":"Game_Error-1109"},"1110":{"id":1110,"desc":"Game_Error-1110"},"1111":{"id":1111,"desc":"Game_Error-1111"},"1112":{"id":1112,"desc":"Game_Error-1112"},"1201":{"id":1201,"desc":"Game_Error-1201"},"1202":{"id":1202,"desc":"Game_Error-1202"},"1203":{"id":1203,"desc":"Game_Error-1203"},"1501":{"id":1501,"desc":"Game_Error-1501"},"1502":{"id":1502,"desc":"Game_Error-1502"},"1503":{"id":1503,"desc":"Game_Error-1503"},"1504":{"id":1504,"desc":"Game_Error-1504"},"1505":{"id":1505,"desc":"Game_Error-1505"},"1506":{"id":1506,"desc":"Game_Error-1506"},"1507":{"id":1507,"desc":"Game_Error-1507"},"1508":{"id":1508,"desc":"Game_Error-1508"},"1509":{"id":1509,"desc":"Game_Error-1509"},"1510":{"id":1510,"desc":"Game_Error-1510"},"1511":{"id":1511,"desc":"Game_Error-1511"},"1512":{"id":1512,"desc":"Game_Error-1512"},"1513":{"id":1513,"desc":"Game_Error-1513"},"1514":{"id":1514,"desc":"Game_Error-1514"},"1515":{"id":1515,"desc":"Game_Error-1515"},"1516":{"id":1516,"desc":"Game_Error-1516"},"1517":{"id":1517,"desc":"Game_Error-1517"},"1518":{"id":1518,"desc":"Game_Error-1518"},"1601":{"id":1601,"desc":"Game_Error-1601"},"1602":{"id":1602,"desc":"Game_Error-1602"},"1603":{"id":1603,"desc":"Game_Error-1603"},"1604":{"id":1604,"desc":"Game_Error-1604"},"1605":{"id":1605,"desc":"Game_Error-1605"},"1606":{"id":1606,"desc":"Game_Error-1606"},"1607":{"id":1607,"desc":"Game_Error-1607"},"1608":{"id":1608,"desc":"Game_Error-1608"},"1609":{"id":1609,"desc":"Game_Error-1609"},"1610":{"id":1610,"desc":"Game_Error-1610"},"1611":{"id":1611,"desc":"Game_Error-1611"},"1612":{"id":1612,"desc":"Game_Error-1612"},"1613":{"id":1613,"desc":"Game_Error-1613"},"1614":{"id":1614,"desc":"Game_Error-1614"},"1615":{"id":1615,"desc":"Game_Error-1615"},"1616":{"id":1616,"desc":"Game_Error-1616"},"1617":{"id":1617,"desc":"Game_Error-1617"},"1618":{"id":1618,"desc":"Game_Error-1618"},"1619":{"id":1619,"desc":"Game_Error-1619"},"1620":{"id":1620,"desc":"Game_Error-1620"},"1621":{"id":1621,"desc":"Game_Error-1621"},"1622":{"id":1622,"desc":"Game_Error-1622"},"1623":{"id":1623,"desc":"Game_Error-1623"},"1624":{"id":1624,"desc":"Game_Error-1624"},"1625":{"id":1625,"desc":"Game_Error-1625"},"1626":{"id":1626,"desc":"Game_Error-1626"},"1627":{"id":1627,"desc":"Game_Error-1627"},"1628":{"id":1628,"desc":"Game_Error-1628"},"1629":{"id":1629,"desc":"Game_Error-1629"},"1630":{"id":1630,"desc":"Game_Error-1630"},"1631":{"id":1631,"desc":"Game_Error-1631"},"1632":{"id":1632,"desc":"Game_Error-1632"},"1633":{"id":1633,"desc":"Game_Error-1633"},"1701":{"id":1701,"desc":"Game_Error-1701"},"1702":{"id":1702,"desc":"Game_Error-1702"},"1703":{"id":1703,"desc":"Game_Error-1703"},"1704":{"id":1704,"desc":"Game_Error-1704"},"1705":{"id":1705,"desc":"Game_Error-1705"},"1706":{"id":1706,"desc":"Game_Error-1706"},"1707":{"id":1707,"desc":"Game_Error-1707"},"1708":{"id":1708,"desc":"Game_Error-1708"},"1709":{"id":1709,"desc":"Game_Error-1709"},"1710":{"id":1710,"desc":"Game_Error-1710"},"1901":{"id":1901,"desc":"Game_Error-1901"},"2001":{"id":2001,"desc":"Game_Error-2001"},"2100":{"id":2100,"desc":"Game_Error-2100"},"2101":{"id":2101,"desc":"Game_Error-2101"},"2102":{"id":2102,"desc":"Game_Error-2102"},"2103":{"id":2103,"desc":"Game_Error-2103"},"2104":{"id":2104,"desc":"Game_Error-2104"},"2105":{"id":2105,"desc":"Game_Error-2105"},"2106":{"id":2106,"desc":"Game_Error-2106"},"2107":{"id":2107,"desc":"Game_Error-2107"},"2108":{"id":2108,"desc":"Game_Error-2108"},"2109":{"id":2109,"desc":"Game_Error-2109"},"2110":{"id":2110,"desc":"Game_Error-2110"},"2111":{"id":2111,"desc":"Game_Error-2111"},"2112":{"id":2112,"desc":"Game_Error-2112"},"2113":{"id":2113,"desc":"Game_Error-2113"},"2114":{"id":2114,"desc":"Game_Error-2114"},"2115":{"id":2115,"desc":"Game_Error-2115"},"2116":{"id":2116,"desc":"Game_Error-2116"},"2117":{"id":2117,"desc":"Game_Error-2117"},"2118":{"id":2118,"desc":"Game_Error-2118"},"2119":{"id":2119,"desc":"Game_Error-2119"},"2120":{"id":2120,"desc":"Game_Error-2120"},"2121":{"id":2121,"desc":"Game_Error-2121"},"2122":{"id":2122,"desc":"Game_Error-2122"},"2123":{"id":2123,"desc":"Game_Error-2123"},"2124":{"id":2124,"desc":"Game_Error-2124"},"2401":{"id":2401,"desc":"Game_Error-2401"},"2402":{"id":2402,"desc":"Game_Error-2402"},"2403":{"id":2403,"desc":"Game_Error-2403"},"2404":{"id":2404,"desc":"Game_Error-2404"},"3301":{"id":3301,"desc":"Game_Error-3301"},"3302":{"id":3302,"desc":"Game_Error-3302"},"3701":{"id":3701,"desc":"Game_Error-3701"},"3702":{"id":3702,"desc":"Game_Error-3702"},"3703":{"id":3703,"desc":"Game_Error-3703"},"3704":{"id":3704,"desc":"Game_Error-3704"},"3705":{"id":3705,"desc":"Game_Error-3705"},"3706":{"id":3706,"desc":"Game_Error-3706"},"3707":{"id":3707,"desc":"Game_Error-3707"},"3708":{"id":3708,"desc":"Game_Error-3708"},"3709":{"id":3709,"desc":"Game_Error-3709"},"4101":{"id":4101,"desc":"Game_Error-4101"},"4102":{"id":4102,"desc":"Game_Error-4102"},"4103":{"id":4103,"desc":"Game_Error-4103"},"4104":{"id":4104,"desc":"Game_Error-4104"},"4105":{"id":4105,"desc":"Game_Error-4105"},"4106":{"id":4106,"desc":"Game_Error-4106"},"4107":{"id":4107,"desc":"Game_Error-4107"},"4201":{"id":4201,"desc":"Game_Error-4201"},"4202":{"id":4202,"desc":"Game_Error-4202"},"4203":{"id":4203,"desc":"Game_Error-4203"},"4204":{"id":4204,"desc":"Game_Error-4204"},"4205":{"id":4205,"desc":"Game_Error-4205"},"4401":{"id":4401,"desc":"Game_Error-4401"},"4402":{"id":4402,"desc":"Game_Error-4402"},"4403":{"id":4403,"desc":"Game_Error-4403"},"4404":{"id":4404,"desc":"Game_Error-4404"},"4405":{"id":4405,"desc":"Game_Error-4405"},"4406":{"id":4406,"desc":"Game_Error-4406"},"4407":{"id":4407,"desc":"Game_Error-4407"},"4408":{"id":4408,"desc":"Game_Error-4408"},"4409":{"id":4409,"desc":"Game_Error-4409"},"4410":{"id":4410,"desc":"Game_Error-4410"},"4411":{"id":4411,"desc":"Game_Error-4411"},"4412":{"id":4412,"desc":"Game_Error-4412"},"4413":{"id":4413,"desc":"Game_Error-4413"},"4414":{"id":4414,"desc":"Game_Error-4414"},"4415":{"id":4415,"desc":"Game_Error-4415"},"4416":{"id":4416,"desc":"Game_Error-4416"},"4801":{"id":4801,"desc":"Game_Error-4801"},"4802":{"id":4802,"desc":"Game_Error-4802"},"4803":{"id":4803,"desc":"Game_Error-4803"},"4804":{"id":4804,"desc":"Game_Error-4804"},"4805":{"id":4805,"desc":"Game_Error-4805"},"4806":{"id":4806,"desc":"Game_Error-4806"},"4807":{"id":4807,"desc":"Game_Error-4807"},"5000":{"id":5000,"desc":"Game_Error-5000"},"5001":{"id":5001,"desc":"Game_Error-5001"},"5002":{"id":5002,"desc":"Game_Error-5002"},"5003":{"id":5003,"desc":"Game_Error-5003"},"5004":{"id":5004,"desc":"Game_Error-5004"},"5005":{"id":5005,"desc":"Game_Error-5005"},"5006":{"id":5006,"desc":"Game_Error-5006"},"5007":{"id":5007,"desc":"Game_Error-5007"},"5008":{"id":5008,"desc":"Game_Error-5008"},"5009":{"id":5009,"desc":"Game_Error-5009"},"5010":{"id":5010,"desc":"Game_Error-5010"},"5011":{"id":5011,"desc":"Game_Error-5011"},"5012":{"id":5012,"desc":"Game_Error-5012"},"5013":{"id":5013,"desc":"Game_Error-5013"},"5014":{"id":5014,"desc":"Game_Error-5014"},"5015":{"id":5015,"desc":"Game_Error-5015"},"5016":{"id":5016,"desc":"Game_Error-5016"},"5017":{"id":5017,"desc":"Game_Error-5017"},"5018":{"id":5018,"desc":"Game_Error-5018"},"5019":{"id":5019,"desc":"Game_Error-5019"},"5020":{"id":5020,"desc":"Game_Error-5020"},"5021":{"id":5021,"desc":"Game_Error-5021"},"5022":{"id":5022,"desc":"Game_Error-5022"},"5023":{"id":5023,"desc":"Game_Error-5023"},"5024":{"id":5024,"desc":"Game_Error-5024"},"5025":{"id":5025,"desc":"Game_Error-5025"},"5026":{"id":5026,"desc":"Game_Error-5026"},"5027":{"id":5027,"desc":"Game_Error-5027"},"5028":{"id":5028,"desc":"Game_Error-5028"},"5029":{"id":5029,"desc":"Game_Error-5029"},"5030":{"id":5030,"desc":"Game_Error-5030"},"5031":{"id":5031,"desc":"Game_Error-5031"},"5032":{"id":5032,"desc":"Game_Error-5032"},"5033":{"id":5033,"desc":"Game_Error-5033"},"5034":{"id":5034,"desc":"Game_Error-5034"},"5035":{"id":5035,"desc":"Game_Error-5035"},"5037":{"id":5037,"desc":"Game_Error-5037"},"5038":{"id":5038,"desc":"Game_Error-5038"},"5039":{"id":5039,"desc":"Game_Error-5039"},"5040":{"id":5040,"desc":"Game_Error-5040"},"5041":{"id":5041,"desc":"Game_Error-5041"},"5201":{"id":5201,"desc":"Game_Error-5201"},"5202":{"id":5202,"desc":"Game_Error-5202"},"5203":{"id":5203,"desc":"Game_Error-5203"},"5301":{"id":5301,"desc":"Game_Error-5301"},"5302":{"id":5302,"desc":"Game_Error-5302"},"5303":{"id":5303,"desc":"Game_Error-5303"},"5304":{"id":5304,"desc":"Game_Error-5304"},"5306":{"id":5306,"desc":"Game_Error-5306"},"5307":{"id":5307,"desc":"Game_Error-5307"},"5308":{"id":5308,"desc":"Game_Error-5308"},"5309":{"id":5309,"desc":"Game_Error-5309"},"5310":{"id":5310,"desc":"Game_Error-5310"},"5311":{"id":5311,"desc":"Game_Error-5311"},"5312":{"id":5312,"desc":"Game_Error-5312"},"5313":{"id":5313,"desc":"Game_Error-5313"},"5314":{"id":5314,"desc":"Game_Error-5314"},"5401":{"id":5401,"desc":"Game_Error-5401"},"5402":{"id":5402,"desc":"Game_Error-5402"},"5403":{"id":5403,"desc":"Game_Error-5403"},"5501":{"id":5501,"desc":"Game_Error-5501"},"5502":{"id":5502,"desc":"Game_Error-5502"},"5503":{"id":5503,"desc":"Game_Error-5503"},"5504":{"id":5504,"desc":"Game_Error-5504"},"5505":{"id":5505,"desc":"Game_Error-5505"},"5506":{"id":5506,"desc":"Game_Error-5506"},"5601":{"id":5601,"desc":"Game_Error-5601"},"5602":{"id":5602,"desc":"Game_Error-5602"},"5603":{"id":5603,"desc":"Game_Error-5603"},"5604":{"id":5604,"desc":"Game_Error-5604"},"5605":{"id":5605,"desc":"Game_Error-5605"},"5606":{"id":5606,"desc":"Game_Error-5606"},"5607":{"id":5607,"desc":"Game_Error-5607"},"5608":{"id":5608,"desc":"Game_Error-5608"},"5609":{"id":5609,"desc":"Game_Error-5609"},"5701":{"id":5701,"desc":"Game_Error-5701"},"5702":{"id":5702,"desc":"Game_Error-5702"},"5703":{"id":5703,"desc":"Game_Error-5703"},"5704":{"id":5704,"desc":"Game_Error-5704"},"5800":{"id":5800,"desc":"Game_Error-5800"},"5801":{"id":5801,"desc":"Game_Error-5801"},"5802":{"id":5802,"desc":"Game_Error-5802"},"5803":{"id":5803,"desc":"Game_Error-5803"},"5804":{"id":5804,"desc":"Game_Error-5804"},"5805":{"id":5805,"desc":"Game_Error-5805"},"5806":{"id":5806,"desc":"Game_Error-5806"},"5808":{"id":5808,"desc":"Game_Error-5808"},"5809":{"id":5809,"desc":"Game_Error-5809"},"6001":{"id":6001,"desc":"Game_Error-6001"},"6002":{"id":6002,"desc":"Game_Error-6002"},"6003":{"id":6003,"desc":"Game_Error-6003"},"6004":{"id":6004,"desc":"Game_Error-6004"},"6005":{"id":6005,"desc":"Game_Error-6005"},"6006":{"id":6006,"desc":"Game_Error-6006"},"6007":{"id":6007,"desc":"Game_Error-6007"},"6008":{"id":6008,"desc":"Game_Error-6008"},"6009":{"id":6009,"desc":"Game_Error-6009"},"6010":{"id":6010,"desc":"Game_Error-6010"},"6011":{"id":6011,"desc":"Game_Error-6011"},"6012":{"id":6012,"desc":"Game_Error-6012"},"6013":{"id":6013,"desc":"Game_Error-6013"},"6014":{"id":6014,"desc":"Game_Error-6014"},"6015":{"id":6015,"desc":"Game_Error-6015"},"6016":{"id":6016,"desc":"Game_Error-6016"},"6017":{"id":6017,"desc":"Game_Error-6017"},"6018":{"id":6018,"desc":"Game_Error-6018"},"6019":{"id":6019,"desc":"Game_Error-6019"},"6030":{"id":6030,"desc":"Game_Error-6030"},"6031":{"id":6031,"desc":"Game_Error-6031"},"6100":{"id":6100,"desc":"Game_Error-6100"},"6101":{"id":6101,"desc":"Game_Error-6101"},"6102":{"id":6102,"desc":"Game_Error-6102"},"6103":{"id":6103,"desc":"Game_Error-6103"},"6104":{"id":6104,"desc":"Game_Error-6104"},"6105":{"id":6105,"desc":"Game_Error-6105"},"6106":{"id":6106,"desc":"Game_Error-6106"},"6107":{"id":6107,"desc":"Game_Error-6107"},"6108":{"id":6108,"desc":"Game_Error-6108"},"6109":{"id":6109,"desc":"Game_Error-6109"},"6110":{"id":6110,"desc":"Game_Error-6110"},"6111":{"id":6111,"desc":"Game_Error-6111"},"6112":{"id":6112,"desc":"Game_Error-6112"},"6113":{"id":6113,"desc":"Game_Error-6113"},"6114":{"id":6114,"desc":"Game_Error-6114"},"6115":{"id":6115,"desc":"Game_Error-6115"},"6116":{"id":6116,"desc":"Game_Error-6116"},"6117":{"id":6117,"desc":"Game_Error-6117"},"6118":{"id":6118,"desc":"Game_Error-6118"},"6119":{"id":6119,"desc":"Game_Error-6119"},"6120":{"id":6120,"desc":"Game_Error-6120"},"6121":{"id":6121,"desc":"Game_Error-6121"},"6122":{"id":6122,"desc":"Game_Error-6122"},"6123":{"id":6123,"desc":"Game_Error-6123"},"6124":{"id":6124,"desc":"Game_Error-6124"},"6125":{"id":6125,"desc":"Game_Error-6125"},"6126":{"id":6126,"desc":"Game_Error-6126"},"6127":{"id":6127,"desc":"Game_Error-6127"},"6128":{"id":6128,"desc":"Game_Error-6128"},"6129":{"id":6129,"desc":"Game_Error-6129"},"6130":{"id":6130,"desc":"Game_Error-6130"},"6131":{"id":6131,"desc":"Game_Error-6131"},"6132":{"id":6132,"desc":"Game_Error-6132"},"6133":{"id":6133,"desc":"Game_Error-6133"},"6134":{"id":6134,"desc":"Game_Error-6134"},"6135":{"id":6135,"desc":"Game_Error-6135"},"6136":{"id":6136,"desc":"Game_Error-6136"},"6137":{"id":6137,"desc":"Game_Error-6137"},"6301":{"id":6301,"desc":"Game_Error-6301"},"6302":{"id":6302,"desc":"Game_Error-6302"},"6303":{"id":6303,"desc":"Game_Error-6303"},"6304":{"id":6304,"desc":"Game_Error-6304"},"6305":{"id":6305,"desc":"Game_Error-6305"},"6306":{"id":6306,"desc":"Game_Error-6306"},"6307":{"id":6307,"desc":"Game_Error-6307"},"6308":{"id":6308,"desc":"Game_Error-6308"},"6309":{"id":6309,"desc":"Game_Error-6309"},"6310":{"id":6310,"desc":"Game_Error-6310"},"6311":{"id":6311,"desc":"Game_Error-6311"},"6312":{"id":6312,"desc":"Game_Error-6312"},"6313":{"id":6313,"desc":"Game_Error-6313"},"6314":{"id":6314,"desc":"Game_Error-6314"},"6315":{"id":6315,"desc":"Game_Error-6315"},"6316":{"id":6316,"desc":"Game_Error-6316"},"6701":{"id":6701,"desc":"Game_Error-6701"},"6702":{"id":6702,"desc":"Game_Error-6702"},"6704":{"id":6704,"desc":"Game_Error-6704"},"6705":{"id":6705,"desc":"Game_Error-6705"},"6706":{"id":6706,"desc":"Game_Error-6706"},"6707":{"id":6707,"desc":"Game_Error-6707"},"6708":{"id":6708,"desc":"Game_Error-6708"},"6709":{"id":6709,"desc":"Game_Error-6709"},"6711":{"id":6711,"desc":"Game_Error-6711"},"6712":{"id":6712,"desc":"Game_Error-6712"},"6713":{"id":6713,"desc":"Game_Error-6713"},"6714":{"id":6714,"desc":"Game_Error-6714"},"6716":{"id":6716,"desc":"Game_Error-6716"},"6717":{"id":6717,"desc":"Game_Error-6717"},"6718":{"id":6718,"desc":"Game_Error-6718"},"6719":{"id":6719,"desc":"Game_Error-6719"},"6720":{"id":6720,"desc":"Game_Error-6720"},"6721":{"id":6721,"desc":"Game_Error-6721"},"6722":{"id":6722,"desc":"Game_Error-6722"},"6723":{"id":6723,"desc":"Game_Error-6723"},"6724":{"id":6724,"desc":"Game_Error-6724"},"6900":{"id":6900,"desc":"Game_Error-6900"},"6901":{"id":6901,"desc":"Game_Error-6901"},"6902":{"id":6902,"desc":"Game_Error-6902"},"6903":{"id":6903,"desc":"Game_Error-6903"},"6904":{"id":6904,"desc":"Game_Error-6904"},"6905":{"id":6905,"desc":"Game_Error-6905"},"6906":{"id":6906,"desc":"Game_Error-6906"},"6907":{"id":6907,"desc":"Game_Error-6907"},"6908":{"id":6908,"desc":"Game_Error-6908"},"6909":{"id":6909,"desc":"Game_Error-6909"},"6910":{"id":6910,"desc":"Game_Error-6910"},"7000":{"id":7000,"desc":"Game_Error-7000"},"7001":{"id":7001,"desc":"Game_Error-7001"},"7002":{"id":7002,"desc":"Game_Error-7002"},"7003":{"id":7003,"desc":"Game_Error-7003"},"7004":{"id":7004,"desc":"Game_Error-7004"},"7005":{"id":7005,"desc":"Game_Error-7005"},"7006":{"id":7006,"desc":"Game_Error-7006"},"7007":{"id":7007,"desc":"Game_Error-7007"},"7008":{"id":7008,"desc":"Game_Error-7008"},"7009":{"id":7009,"desc":"Game_Error-7009"},"7010":{"id":7010,"desc":"Game_Error-7010"},"7011":{"id":7011,"desc":"Game_Error-7011"},"7012":{"id":7012,"desc":"Game_Error-7012"},"7013":{"id":7013,"desc":"Game_Error-7013"},"7014":{"id":7014,"desc":"Game_Error-7014"},"7015":{"id":7015,"desc":"Game_Error-7015"},"7016":{"id":7016,"desc":"Game_Error-7016"},"7017":{"id":7017,"desc":"Game_Error-7017"},"7018":{"id":7018,"desc":"Game_Error-7018"},"7019":{"id":7019,"desc":"Game_Error-7019"},"7020":{"id":7020,"desc":"Game_Error-7020"},"7021":{"id":7021,"desc":"Game_Error-7021"},"7022":{"id":7022,"desc":"Game_Error-7022"},"7023":{"id":7023,"desc":"Game_Error-7023"},"7118":{"id":7118,"desc":"Game_Error-7118"},"8001":{"id":8001,"desc":"Game_Error-8001"},"8002":{"id":8002,"desc":"Game_Error-8002"},"8003":{"id":8003,"desc":"Game_Error-8003"},"8004":{"id":8004,"desc":"Game_Error-8004"},"8005":{"id":8005,"desc":"Game_Error-8005"},"-1":{"id":-1,"desc":"Game_Error--1"}}