{"10000":{"id":10000,"skillId":20001,"weight":30,"poolType":1,"poolParam":"0"},"10001":{"id":10001,"skillId":20002,"weight":30,"poolType":1,"poolParam":"0"},"10002":{"id":10002,"skillId":20003,"weight":30,"poolType":1,"poolParam":"0"},"10003":{"id":10003,"skillId":20004,"weight":30,"poolType":1,"poolParam":"0"},"10004":{"id":10004,"skillId":20005,"weight":30,"poolType":1,"poolParam":"0"},"10005":{"id":10005,"skillId":20006,"weight":30,"poolType":1,"poolParam":"0"},"10006":{"id":10006,"skillId":20007,"weight":30,"poolType":1,"poolParam":"0"},"10007":{"id":10007,"skillId":20008,"weight":30,"poolType":1,"poolParam":"0"},"10008":{"id":10008,"skillId":20009,"weight":30,"poolType":1,"poolParam":"0"},"10009":{"id":10009,"skillId":20010,"weight":30,"poolType":1,"poolParam":"0"},"10010":{"id":10010,"skillId":20011,"weight":30,"poolType":1,"poolParam":"0"},"10011":{"id":10011,"skillId":20012,"weight":30,"poolType":1,"poolParam":"0"},"10012":{"id":10012,"skillId":20013,"weight":30,"poolType":1,"poolParam":"0"},"10013":{"id":10013,"skillId":20014,"weight":30,"poolType":1,"poolParam":"0"},"10014":{"id":10014,"skillId":20015,"weight":30,"poolType":1,"poolParam":"0"},"10015":{"id":10015,"skillId":20016,"weight":30,"poolType":1,"poolParam":"0"},"10016":{"id":10016,"skillId":20017,"weight":30,"poolType":1,"poolParam":"0"},"10017":{"id":10017,"skillId":20018,"weight":30,"poolType":1,"poolParam":"0"},"10018":{"id":10018,"skillId":20019,"weight":30,"poolType":1,"poolParam":"0"},"10019":{"id":10019,"skillId":20020,"weight":30,"poolType":1,"poolParam":"0"},"10020":{"id":10020,"skillId":20021,"weight":30,"poolType":1,"poolParam":"0"},"10021":{"id":10021,"skillId":20022,"weight":30,"poolType":1,"poolParam":"0"},"10022":{"id":10022,"skillId":20023,"weight":30,"poolType":1,"poolParam":"0"},"10023":{"id":10023,"skillId":20024,"weight":30,"poolType":1,"poolParam":"0"},"10024":{"id":10024,"skillId":20025,"weight":50,"poolType":1,"poolParam":"0"},"10025":{"id":10025,"skillId":20026,"weight":50,"poolType":1,"poolParam":"0"},"10026":{"id":10026,"skillId":20027,"weight":50,"poolType":1,"poolParam":"0"},"10027":{"id":10027,"skillId":20028,"weight":50,"poolType":1,"poolParam":"0"},"10028":{"id":10028,"skillId":20029,"weight":50,"poolType":1,"poolParam":"0"},"10029":{"id":10029,"skillId":20030,"weight":50,"poolType":1,"poolParam":"0"},"10030":{"id":10030,"skillId":20031,"weight":50,"poolType":1,"poolParam":"0"},"10031":{"id":10031,"skillId":20032,"weight":50,"poolType":1,"poolParam":"0"},"10032":{"id":10032,"skillId":20033,"weight":50,"poolType":1,"poolParam":"0"},"10033":{"id":10033,"skillId":20034,"weight":50,"poolType":1,"poolParam":"0"},"10034":{"id":10034,"skillId":20035,"weight":50,"poolType":1,"poolParam":"0"},"10035":{"id":10035,"skillId":20036,"weight":50,"poolType":1,"poolParam":"0"},"10036":{"id":10036,"skillId":20037,"weight":50,"poolType":1,"poolParam":"0"},"10037":{"id":10037,"skillId":20038,"weight":50,"poolType":1,"poolParam":"0"},"10038":{"id":10038,"skillId":20039,"weight":50,"poolType":1,"poolParam":"0"},"10039":{"id":10039,"skillId":20040,"weight":50,"poolType":1,"poolParam":"0"},"10040":{"id":10040,"skillId":20041,"weight":50,"poolType":1,"poolParam":"0"},"10041":{"id":10041,"skillId":20042,"weight":50,"poolType":1,"poolParam":"0"},"10042":{"id":10042,"skillId":20043,"weight":50,"poolType":1,"poolParam":"0"},"10043":{"id":10043,"skillId":20044,"weight":50,"poolType":1,"poolParam":"0"},"10044":{"id":10044,"skillId":20045,"weight":50,"poolType":1,"poolParam":"0"},"10045":{"id":10045,"skillId":20046,"weight":50,"poolType":1,"poolParam":"0"},"10046":{"id":10046,"skillId":20047,"weight":50,"poolType":1,"poolParam":"0"},"10047":{"id":10047,"skillId":20048,"weight":50,"poolType":1,"poolParam":"0"},"10048":{"id":10048,"skillId":20049,"weight":10,"poolType":1,"poolParam":"0"},"10049":{"id":10049,"skillId":20050,"weight":10,"poolType":1,"poolParam":"0"},"10050":{"id":10050,"skillId":20051,"weight":10,"poolType":1,"poolParam":"0"},"10051":{"id":10051,"skillId":20052,"weight":10,"poolType":1,"poolParam":"0"},"10052":{"id":10052,"skillId":20053,"weight":10,"poolType":1,"poolParam":"0"},"10053":{"id":10053,"skillId":20054,"weight":10,"poolType":1,"poolParam":"0"},"10054":{"id":10054,"skillId":20055,"weight":10,"poolType":1,"poolParam":"0"},"10055":{"id":10055,"skillId":20056,"weight":10,"poolType":1,"poolParam":"0"},"10056":{"id":10056,"skillId":20057,"weight":10,"poolType":1,"poolParam":"0"},"10057":{"id":10057,"skillId":20058,"weight":10,"poolType":1,"poolParam":"0"},"10058":{"id":10058,"skillId":20059,"weight":10,"poolType":1,"poolParam":"0"},"10059":{"id":10059,"skillId":20060,"weight":10,"poolType":1,"poolParam":"0"},"10060":{"id":10060,"skillId":20061,"weight":10,"poolType":1,"poolParam":"0"},"10061":{"id":10061,"skillId":20062,"weight":10,"poolType":1,"poolParam":"0"},"10062":{"id":10062,"skillId":20063,"weight":10,"poolType":1,"poolParam":"0"},"10063":{"id":10063,"skillId":20064,"weight":10,"poolType":1,"poolParam":"0"},"10064":{"id":10064,"skillId":20065,"weight":10,"poolType":1,"poolParam":"0"},"10065":{"id":10065,"skillId":20066,"weight":10,"poolType":1,"poolParam":"0"},"10066":{"id":10066,"skillId":20067,"weight":10,"poolType":1,"poolParam":"0"},"10067":{"id":10067,"skillId":20068,"weight":10,"poolType":1,"poolParam":"0"},"10068":{"id":10068,"skillId":20069,"weight":10,"poolType":1,"poolParam":"0"},"10069":{"id":10069,"skillId":20070,"weight":10,"poolType":1,"poolParam":"0"},"10070":{"id":10070,"skillId":20071,"weight":10,"poolType":1,"poolParam":"0"},"10071":{"id":10071,"skillId":20072,"weight":10,"poolType":1,"poolParam":"0"},"10072":{"id":10072,"skillId":20073,"weight":3,"poolType":1,"poolParam":"0"},"10073":{"id":10073,"skillId":20074,"weight":3,"poolType":1,"poolParam":"0"},"10074":{"id":10074,"skillId":20075,"weight":3,"poolType":1,"poolParam":"0"},"10075":{"id":10075,"skillId":20076,"weight":3,"poolType":1,"poolParam":"0"},"10076":{"id":10076,"skillId":20077,"weight":3,"poolType":1,"poolParam":"0"},"10077":{"id":10077,"skillId":20078,"weight":3,"poolType":1,"poolParam":"0"},"10078":{"id":10078,"skillId":20079,"weight":3,"poolType":1,"poolParam":"0"},"10079":{"id":10079,"skillId":20080,"weight":3,"poolType":1,"poolParam":"0"},"10080":{"id":10080,"skillId":20081,"weight":3,"poolType":1,"poolParam":"0"},"10081":{"id":10081,"skillId":20082,"weight":3,"poolType":1,"poolParam":"0"},"10082":{"id":10082,"skillId":20083,"weight":3,"poolType":1,"poolParam":"0"},"10083":{"id":10083,"skillId":20084,"weight":3,"poolType":1,"poolParam":"0"},"10084":{"id":10084,"skillId":20085,"weight":3,"poolType":1,"poolParam":"0"},"10085":{"id":10085,"skillId":20086,"weight":3,"poolType":1,"poolParam":"0"},"10086":{"id":10086,"skillId":20087,"weight":3,"poolType":1,"poolParam":"0"},"10087":{"id":10087,"skillId":20088,"weight":3,"poolType":1,"poolParam":"0"},"10088":{"id":10088,"skillId":20089,"weight":3,"poolType":1,"poolParam":"0"},"10089":{"id":10089,"skillId":20090,"weight":3,"poolType":1,"poolParam":"0"},"10090":{"id":10090,"skillId":20091,"weight":3,"poolType":1,"poolParam":"0"},"10091":{"id":10091,"skillId":20092,"weight":3,"poolType":1,"poolParam":"0"},"10092":{"id":10092,"skillId":20093,"weight":3,"poolType":1,"poolParam":"0"},"10093":{"id":10093,"skillId":20094,"weight":3,"poolType":1,"poolParam":"0"},"10094":{"id":10094,"skillId":20095,"weight":3,"poolType":1,"poolParam":"0"},"10095":{"id":10095,"skillId":20096,"weight":3,"poolType":1,"poolParam":"0"},"20000":{"id":20000,"skillId":90001,"weight":70,"poolType":2,"poolParam":"0"},"20001":{"id":20001,"skillId":90002,"weight":70,"poolType":2,"poolParam":"0"},"20002":{"id":20002,"skillId":90003,"weight":70,"poolType":2,"poolParam":"0"},"20003":{"id":20003,"skillId":90004,"weight":70,"poolType":2,"poolParam":"0"},"20004":{"id":20004,"skillId":90005,"weight":20,"poolType":2,"poolParam":"0"},"20005":{"id":20005,"skillId":90006,"weight":20,"poolType":2,"poolParam":"0"},"20006":{"id":20006,"skillId":90007,"weight":20,"poolType":2,"poolParam":"0"},"20007":{"id":20007,"skillId":90008,"weight":20,"poolType":2,"poolParam":"0"},"20008":{"id":20008,"skillId":90009,"weight":10,"poolType":2,"poolParam":"0"},"20009":{"id":20009,"skillId":90010,"weight":10,"poolType":2,"poolParam":"0"},"20010":{"id":20010,"skillId":90011,"weight":10,"poolType":2,"poolParam":"0"},"20011":{"id":20011,"skillId":90012,"weight":10,"poolType":2,"poolParam":"0"},"20012":{"id":20012,"skillId":90013,"weight":70,"poolType":2,"poolParam":"0"},"20013":{"id":20013,"skillId":90014,"weight":70,"poolType":2,"poolParam":"0"},"20014":{"id":20014,"skillId":90015,"weight":70,"poolType":2,"poolParam":"0"},"20015":{"id":20015,"skillId":90016,"weight":70,"poolType":2,"poolParam":"0"},"20016":{"id":20016,"skillId":90017,"weight":70,"poolType":2,"poolParam":"0"},"20017":{"id":20017,"skillId":90018,"weight":20,"poolType":2,"poolParam":"0"},"20018":{"id":20018,"skillId":90019,"weight":20,"poolType":2,"poolParam":"0"},"20019":{"id":20019,"skillId":90020,"weight":20,"poolType":2,"poolParam":"0"},"20020":{"id":20020,"skillId":90021,"weight":20,"poolType":2,"poolParam":"0"},"20021":{"id":20021,"skillId":90022,"weight":20,"poolType":2,"poolParam":"0"},"20022":{"id":20022,"skillId":90023,"weight":10,"poolType":2,"poolParam":"0"},"20023":{"id":20023,"skillId":90024,"weight":10,"poolType":2,"poolParam":"0"},"20024":{"id":20024,"skillId":90025,"weight":10,"poolType":2,"poolParam":"0"},"20025":{"id":20025,"skillId":90026,"weight":10,"poolType":2,"poolParam":"0"},"20026":{"id":20026,"skillId":90027,"weight":10,"poolType":2,"poolParam":"0"},"20027":{"id":20027,"skillId":90028,"weight":70,"poolType":2,"poolParam":"0"},"20028":{"id":20028,"skillId":90029,"weight":70,"poolType":2,"poolParam":"0"},"20029":{"id":20029,"skillId":90030,"weight":70,"poolType":2,"poolParam":"0"},"20030":{"id":20030,"skillId":90031,"weight":70,"poolType":2,"poolParam":"0"},"20031":{"id":20031,"skillId":90032,"weight":70,"poolType":2,"poolParam":"0"},"20032":{"id":20032,"skillId":90033,"weight":70,"poolType":2,"poolParam":"0"},"20033":{"id":20033,"skillId":90034,"weight":70,"poolType":2,"poolParam":"0"},"20034":{"id":20034,"skillId":90035,"weight":70,"poolType":2,"poolParam":"0"},"20035":{"id":20035,"skillId":90036,"weight":70,"poolType":2,"poolParam":"0"},"20036":{"id":20036,"skillId":90037,"weight":70,"poolType":2,"poolParam":"0"},"20037":{"id":20037,"skillId":90038,"weight":70,"poolType":2,"poolParam":"0"},"20038":{"id":20038,"skillId":90039,"weight":70,"poolType":2,"poolParam":"0"},"20039":{"id":20039,"skillId":90064,"weight":70,"poolType":2,"poolParam":"0"},"20040":{"id":20040,"skillId":90040,"weight":20,"poolType":2,"poolParam":"0"},"20041":{"id":20041,"skillId":90041,"weight":20,"poolType":2,"poolParam":"0"},"20042":{"id":20042,"skillId":90042,"weight":20,"poolType":2,"poolParam":"0"},"20043":{"id":20043,"skillId":90043,"weight":20,"poolType":2,"poolParam":"0"},"20044":{"id":20044,"skillId":90044,"weight":20,"poolType":2,"poolParam":"0"},"20045":{"id":20045,"skillId":90045,"weight":20,"poolType":2,"poolParam":"0"},"20046":{"id":20046,"skillId":90046,"weight":20,"poolType":2,"poolParam":"0"},"20047":{"id":20047,"skillId":90047,"weight":20,"poolType":2,"poolParam":"0"},"20048":{"id":20048,"skillId":90048,"weight":20,"poolType":2,"poolParam":"0"},"20049":{"id":20049,"skillId":90049,"weight":20,"poolType":2,"poolParam":"0"},"20050":{"id":20050,"skillId":90050,"weight":20,"poolType":2,"poolParam":"0"},"20051":{"id":20051,"skillId":90051,"weight":20,"poolType":2,"poolParam":"0"},"20052":{"id":20052,"skillId":90065,"weight":20,"poolType":2,"poolParam":"0"},"20053":{"id":20053,"skillId":90052,"weight":10,"poolType":2,"poolParam":"0"},"20054":{"id":20054,"skillId":90053,"weight":10,"poolType":2,"poolParam":"0"},"20055":{"id":20055,"skillId":90054,"weight":10,"poolType":2,"poolParam":"0"},"20056":{"id":20056,"skillId":90055,"weight":10,"poolType":2,"poolParam":"0"},"20057":{"id":20057,"skillId":90056,"weight":10,"poolType":2,"poolParam":"0"},"20058":{"id":20058,"skillId":90057,"weight":10,"poolType":2,"poolParam":"0"},"20059":{"id":20059,"skillId":90058,"weight":10,"poolType":2,"poolParam":"0"},"20060":{"id":20060,"skillId":90059,"weight":10,"poolType":2,"poolParam":"0"},"20061":{"id":20061,"skillId":90060,"weight":10,"poolType":2,"poolParam":"0"},"20062":{"id":20062,"skillId":90061,"weight":10,"poolType":2,"poolParam":"0"},"20063":{"id":20063,"skillId":90062,"weight":10,"poolType":2,"poolParam":"0"},"20064":{"id":20064,"skillId":90063,"weight":10,"poolType":2,"poolParam":"0"},"20065":{"id":20065,"skillId":90066,"weight":10,"poolType":2,"poolParam":"0"}}