{"10001":{"id":10001,"desc":"Comb-10001","combSkillId":110001,"skillId":"0","type":1,"sort":1},"10002":{"id":10002,"desc":"Comb-10002","combSkillId":110003,"skillId":"0","type":1,"sort":3},"10003":{"id":10003,"desc":"Comb-10003","combSkillId":110004,"skillId":"0","type":1,"sort":4},"10004":{"id":10004,"desc":"Comb-10004","combSkillId":110005,"skillId":"0","type":1,"sort":5},"10005":{"id":10005,"desc":"Comb-10005","combSkillId":110006,"skillId":"0","type":1,"sort":6},"10006":{"id":10006,"desc":"Comb-10006","combSkillId":110008,"skillId":"0","type":1,"sort":8},"10007":{"id":10007,"desc":"Comb-10007","combSkillId":110009,"skillId":"0","type":1,"sort":9},"10008":{"id":10008,"desc":"Comb-10008","combSkillId":110010,"skillId":"0","type":1,"sort":10},"10009":{"id":10009,"desc":"Comb-10009","combSkillId":110012,"skillId":"0","type":1,"sort":12},"10010":{"id":10010,"desc":"Comb-10010","combSkillId":110013,"skillId":"0","type":1,"sort":2},"10011":{"id":10011,"desc":"Comb-10011","combSkillId":110014,"skillId":"0","type":1,"sort":7},"10012":{"id":10012,"desc":"Comb-10012","combSkillId":110015,"skillId":"0","type":1,"sort":11},"11001":{"id":11001,"desc":"Comb-11001","combSkillId":160001,"skillId":"0","type":2,"sort":1},"11002":{"id":11002,"desc":"Comb-11002","combSkillId":160002,"skillId":"0","type":2,"sort":2},"11003":{"id":11003,"desc":"Comb-11003","combSkillId":160003,"skillId":"0","type":2,"sort":3},"11004":{"id":11004,"desc":"Comb-11004","combSkillId":160004,"skillId":"0","type":2,"sort":4},"11005":{"id":11005,"desc":"Comb-11005","combSkillId":160005,"skillId":"0","type":2,"sort":5},"11006":{"id":11006,"desc":"Comb-11006","combSkillId":160006,"skillId":"0","type":2,"sort":6},"11007":{"id":11007,"desc":"Comb-11007","combSkillId":160007,"skillId":"0","type":2,"sort":7},"11008":{"id":11008,"desc":"Comb-11008","combSkillId":160008,"skillId":"0","type":2,"sort":8},"11009":{"id":11009,"desc":"Comb-11009","combSkillId":160009,"skillId":"0","type":2,"sort":9},"11010":{"id":11010,"desc":"Comb-11010","combSkillId":160010,"skillId":"0","type":2,"sort":10},"11011":{"id":11011,"desc":"Comb-11011","combSkillId":160011,"skillId":"0","type":2,"sort":11},"11012":{"id":11012,"desc":"Comb-11012","combSkillId":160012,"skillId":"0","type":2,"sort":12},"11013":{"id":11013,"desc":"Comb-11013","combSkillId":160013,"skillId":"0","type":2,"sort":13},"11014":{"id":11014,"desc":"Comb-11014","combSkillId":160014,"skillId":"0","type":2,"sort":14},"11015":{"id":11015,"desc":"Comb-11015","combSkillId":160015,"skillId":"0","type":2,"sort":15},"11016":{"id":11016,"desc":"Comb-11016","combSkillId":160016,"skillId":"0","type":2,"sort":16},"11017":{"id":11017,"desc":"Comb-11017","combSkillId":160017,"skillId":"0","type":2,"sort":17},"11018":{"id":11018,"desc":"Comb-11018","combSkillId":160018,"skillId":"0","type":2,"sort":18},"11019":{"id":11019,"desc":"Comb-11019","combSkillId":160019,"skillId":"0","type":2,"sort":19},"11020":{"id":11020,"desc":"Comb-11020","combSkillId":160020,"skillId":"0","type":2,"sort":20},"11021":{"id":11021,"desc":"Comb-11021","combSkillId":160021,"skillId":"0","type":2,"sort":21},"12001":{"id":12001,"desc":"Comb-12001","combSkillId":150001,"skillId":"0","type":3,"sort":1},"12002":{"id":12002,"desc":"Comb-12002","combSkillId":150002,"skillId":"0","type":3,"sort":2},"12003":{"id":12003,"desc":"Comb-12003","combSkillId":150003,"skillId":"0","type":3,"sort":3},"12004":{"id":12004,"desc":"Comb-12004","combSkillId":150004,"skillId":"0","type":3,"sort":4},"12005":{"id":12005,"desc":"Comb-12005","combSkillId":150005,"skillId":"0","type":3,"sort":5},"12006":{"id":12006,"desc":"Comb-12006","combSkillId":150006,"skillId":"0","type":3,"sort":6},"12007":{"id":12007,"desc":"Comb-12007","combSkillId":150007,"skillId":"0","type":3,"sort":7},"12008":{"id":12008,"desc":"Comb-12008","combSkillId":150008,"skillId":"0","type":3,"sort":8},"12009":{"id":12009,"desc":"Comb-12009","combSkillId":150009,"skillId":"0","type":3,"sort":9},"12010":{"id":12010,"desc":"Comb-12010","combSkillId":150010,"skillId":"0","type":3,"sort":10},"12011":{"id":12011,"desc":"Comb-12011","combSkillId":150011,"skillId":"0","type":3,"sort":11},"12012":{"id":12012,"desc":"Comb-12012","combSkillId":150012,"skillId":"0","type":3,"sort":12},"12013":{"id":12013,"desc":"Comb-12013","combSkillId":150013,"skillId":"0","type":3,"sort":13},"12014":{"id":12014,"desc":"Comb-12014","combSkillId":150014,"skillId":"0","type":3,"sort":14},"13001":{"id":13001,"desc":"Comb-13001","combSkillId":260001,"skillId":"0","type":4,"sort":1},"13002":{"id":13002,"desc":"Comb-13002","combSkillId":260002,"skillId":"0","type":4,"sort":2},"13003":{"id":13003,"desc":"Comb-13003","combSkillId":260003,"skillId":"0","type":4,"sort":3},"13004":{"id":13004,"desc":"Comb-13004","combSkillId":260004,"skillId":"0","type":4,"sort":4},"13005":{"id":13005,"desc":"Comb-13005","combSkillId":260005,"skillId":"0","type":4,"sort":5},"13006":{"id":13006,"desc":"Comb-13006","combSkillId":260006,"skillId":"0","type":4,"sort":6},"13007":{"id":13007,"desc":"Comb-13007","combSkillId":260007,"skillId":"0","type":4,"sort":7},"13008":{"id":13008,"desc":"Comb-13008","combSkillId":260008,"skillId":"0","type":4,"sort":8},"13009":{"id":13009,"desc":"Comb-13009","combSkillId":260009,"skillId":"0","type":4,"sort":9},"13010":{"id":13010,"desc":"Comb-13010","combSkillId":260010,"skillId":"0","type":4,"sort":10},"13011":{"id":13011,"desc":"Comb-13011","combSkillId":260011,"skillId":"0","type":4,"sort":11}}