{"100001":{"id":100001,"level":1,"type":1,"num":2},"100002":{"id":100002,"level":2,"type":1,"num":3},"100003":{"id":100003,"level":3,"type":1,"num":4},"100004":{"id":100004,"level":4,"type":1,"num":5},"100005":{"id":100005,"level":5,"type":1,"num":6},"100006":{"id":100006,"level":6,"type":1,"num":7},"100007":{"id":100007,"level":7,"type":1,"num":8},"100008":{"id":100008,"level":8,"type":1,"num":9},"100009":{"id":100009,"level":9,"type":1,"num":10},"100010":{"id":100010,"level":10,"type":1,"num":12},"100011":{"id":100011,"level":11,"type":1,"num":14},"100012":{"id":100012,"level":12,"type":1,"num":16},"100013":{"id":100013,"level":13,"type":1,"num":18},"100014":{"id":100014,"level":14,"type":1,"num":20},"100015":{"id":100015,"level":15,"type":1,"num":22},"100016":{"id":100016,"level":16,"type":1,"num":25},"100017":{"id":100017,"level":17,"type":1,"num":0},"200001":{"id":200001,"level":1,"type":2,"num":2},"200002":{"id":200002,"level":2,"type":2,"num":3},"200003":{"id":200003,"level":3,"type":2,"num":4},"200004":{"id":200004,"level":4,"type":2,"num":5},"200005":{"id":200005,"level":5,"type":2,"num":7},"200006":{"id":200006,"level":6,"type":2,"num":9},"200007":{"id":200007,"level":7,"type":2,"num":11},"200008":{"id":200008,"level":8,"type":2,"num":13},"200009":{"id":200009,"level":9,"type":2,"num":15},"200010":{"id":200010,"level":10,"type":2,"num":17},"200011":{"id":200011,"level":11,"type":2,"num":20},"200012":{"id":200012,"level":12,"type":2,"num":23},"200013":{"id":200013,"level":13,"type":2,"num":26},"200014":{"id":200014,"level":14,"type":2,"num":30},"200015":{"id":200015,"level":15,"type":2,"num":34},"200016":{"id":200016,"level":16,"type":2,"num":38},"200017":{"id":200017,"level":17,"type":2,"num":42},"200018":{"id":200018,"level":18,"type":2,"num":46},"200019":{"id":200019,"level":19,"type":2,"num":50},"200020":{"id":200020,"level":20,"type":2,"num":55},"200021":{"id":200021,"level":21,"type":2,"num":60},"200022":{"id":200022,"level":22,"type":2,"num":0},"300001":{"id":300001,"level":1,"type":3,"num":3},"300002":{"id":300002,"level":2,"type":3,"num":5},"300003":{"id":300003,"level":3,"type":3,"num":6},"300004":{"id":300004,"level":4,"type":3,"num":8},"300005":{"id":300005,"level":5,"type":3,"num":10},"300006":{"id":300006,"level":6,"type":3,"num":0}}