{"1":{"id":1,"experience":6400,"maxPerson":20,"vicePresident":1,"elite":2,"icon":"10001"},"2":{"id":2,"experience":15600,"maxPerson":23,"vicePresident":1,"elite":2,"icon":"10002"},"3":{"id":3,"experience":36400,"maxPerson":26,"vicePresident":1,"elite":2,"icon":"10003"},"4":{"id":4,"experience":59600,"maxPerson":29,"vicePresident":1,"elite":3,"icon":"10004"},"5":{"id":5,"experience":98000,"maxPerson":32,"vicePresident":1,"elite":3,"icon":"10005"},"6":{"id":6,"experience":154000,"maxPerson":35,"vicePresident":1,"elite":3,"icon":"10006"},"7":{"id":7,"experience":245200,"maxPerson":38,"vicePresident":2,"elite":4,"icon":"10007"},"8":{"id":8,"experience":442000,"maxPerson":41,"vicePresident":2,"elite":4,"icon":"10008"},"9":{"id":9,"experience":758800,"maxPerson":44,"vicePresident":2,"elite":4,"icon":"10009"},"10":{"id":10,"experience":1210000,"maxPerson":47,"vicePresident":2,"elite":5,"icon":"10010"},"11":{"id":11,"experience":2410000,"maxPerson":50,"vicePresident":2,"elite":5,"icon":"10011"},"12":{"id":12,"experience":3936400,"maxPerson":53,"vicePresident":2,"elite":5,"icon":"10012"},"13":{"id":13,"experience":6131600,"maxPerson":56,"vicePresident":2,"elite":5,"icon":"10013"},"14":{"id":14,"experience":10851600,"maxPerson":59,"vicePresident":2,"elite":5,"icon":"10014"},"15":{"id":15,"experience":19779600,"maxPerson":62,"vicePresident":2,"elite":5,"icon":"10015"},"16":{"id":16,"experience":34339600,"maxPerson":65,"vicePresident":2,"elite":5,"icon":"10016"},"17":{"id":17,"experience":55011600,"maxPerson":68,"vicePresident":2,"elite":5,"icon":"10017"},"18":{"id":18,"experience":0,"maxPerson":71,"vicePresident":2,"elite":5,"icon":"10018"}}