{"100000000":{"id":100000000,"name":"Shop_name-100000000","shopType":10,"reward":"100000=60","category":1,"price":"600","rechargeId":"100000000","oldPrice":"0","priceAdd":0,"isDouble":1,"buyLimitType":0,"buyLimit":-1,"sort":1,"param":"6|60|0|0","vipLimit":0},"100000001":{"id":100000001,"name":"Shop_name-100000001","shopType":10,"reward":"100000=300","category":1,"price":"3000","rechargeId":"100000001","oldPrice":"0","priceAdd":0,"isDouble":1,"buyLimitType":0,"buyLimit":-1,"sort":2,"param":"30|300|0|0","vipLimit":0},"100000002":{"id":100000002,"name":"Shop_name-100000002","shopType":10,"reward":"100000=680","category":1,"price":"6800","rechargeId":"100000002","oldPrice":"0","priceAdd":0,"isDouble":1,"buyLimitType":0,"buyLimit":-1,"sort":3,"param":"68|680|0|0","vipLimit":0},"100000003":{"id":100000003,"name":"Shop_name-100000003","shopType":10,"reward":"100000=980","category":1,"price":"9800","rechargeId":"100000003","oldPrice":"0","priceAdd":0,"isDouble":1,"buyLimitType":0,"buyLimit":-1,"sort":4,"param":"98|980|0|0","vipLimit":0},"100000004":{"id":100000004,"name":"Shop_name-100000004","shopType":10,"reward":"100000=1980","category":1,"price":"19800","rechargeId":"100000004","oldPrice":"0","priceAdd":0,"isDouble":1,"buyLimitType":0,"buyLimit":-1,"sort":4,"param":"198|1980|0|0","vipLimit":0},"100000005":{"id":100000005,"name":"Shop_name-100000005","shopType":10,"reward":"100000=3280","category":1,"price":"32800","rechargeId":"100000005","oldPrice":"0","priceAdd":0,"isDouble":1,"buyLimitType":0,"buyLimit":-1,"sort":5,"param":"328|3280|0|0","vipLimit":0},"100000006":{"id":100000006,"name":"Shop_name-100000006","shopType":10,"reward":"100000=6480","category":1,"price":"64800","rechargeId":"100000006","oldPrice":"0","priceAdd":0,"isDouble":1,"buyLimitType":0,"buyLimit":-1,"sort":6,"param":"648|6480|0|0","vipLimit":0},"100000007":{"id":100000007,"name":"Shop_name-100000007","shopType":10,"reward":"100000=19980","category":1,"price":"199800","rechargeId":"100000007","oldPrice":"0","priceAdd":0,"isDouble":1,"buyLimitType":0,"buyLimit":-1,"sort":7,"param":"1998|19980|0|0","vipLimit":0},"100000008":{"id":100000008,"name":"Shop_name-100000008","shopType":10,"reward":"100000=120","category":1,"price":"1200","rechargeId":"100000008","oldPrice":"0","priceAdd":0,"isDouble":1,"buyLimitType":0,"buyLimit":-1,"sort":8,"param":"12|120|0|0","vipLimit":0},"100000009":{"id":100000009,"name":"Shop_name-100000009","shopType":10,"reward":"100000=180","category":1,"price":"1800","rechargeId":"100000009","oldPrice":"0","priceAdd":0,"isDouble":1,"buyLimitType":0,"buyLimit":-1,"sort":9,"param":"18|180|0|0","vipLimit":0},"100000010":{"id":100000010,"name":"Shop_name-100000010","shopType":10,"reward":"100000=1280","category":1,"price":"12800","rechargeId":"100000010","oldPrice":"0","priceAdd":0,"isDouble":1,"buyLimitType":0,"buyLimit":-1,"sort":10,"param":"128|1280|0|0","vipLimit":0},"100000011":{"id":100000011,"name":"Shop_name-100000011","shopType":10,"reward":"100000=4200","category":1,"price":"42000","rechargeId":"100000011","oldPrice":"0","priceAdd":0,"isDouble":1,"buyLimitType":0,"buyLimit":-1,"sort":11,"param":"420|4200|0|0","vipLimit":0},"110000001":{"id":110000001,"name":"Items-100003","shopType":11,"reward":"100003=9900","category":0,"price":"100000=100","rechargeId":"0","oldPrice":"0","priceAdd":0,"isDouble":0,"buyLimitType":1,"buyLimit":-1,"sort":1,"param":"0|0|0|0","vipLimit":0},"110000002":{"id":110000002,"name":"Items-100003","shopType":11,"reward":"100003=20700","category":0,"price":"100000=200","rechargeId":"0","oldPrice":"0","priceAdd":0,"isDouble":0,"buyLimitType":1,"buyLimit":-1,"sort":2,"param":"0|0|0|0","vipLimit":0},"110000003":{"id":110000003,"name":"Items-100003","shopType":11,"reward":"100003=43200","category":0,"price":"100000=400","rechargeId":"0","oldPrice":"0","priceAdd":0,"isDouble":0,"buyLimitType":1,"buyLimit":-1,"sort":3,"param":"0|0|0|0","vipLimit":0},"110000004":{"id":110000004,"name":"Items-100007","shopType":11,"reward":"100007=10","category":0,"price":"100000=100","rechargeId":"0","oldPrice":"0","priceAdd":0,"isDouble":0,"buyLimitType":1,"buyLimit":100,"sort":9,"param":"0|0|0|0","vipLimit":0},"110000005":{"id":110000005,"name":"Items-100010","shopType":11,"reward":"100010=10","category":0,"price":"100000=100","rechargeId":"0","oldPrice":"0","priceAdd":0,"isDouble":0,"buyLimitType":1,"buyLimit":-1,"sort":5,"param":"0|0|0|0","vipLimit":0},"110000006":{"id":110000006,"name":"Items-100023","shopType":11,"reward":"100023=1","category":0,"price":"100000=200","rechargeId":"0","oldPrice":"0","priceAdd":0,"isDouble":0,"buyLimitType":1,"buyLimit":-1,"sort":8,"param":"0|0|0|0","vipLimit":0},"110000007":{"id":110000007,"name":"Items-100025","shopType":11,"reward":"100025=1","category":0,"price":"100000=20","rechargeId":"0","oldPrice":"0","priceAdd":0,"isDouble":0,"buyLimitType":1,"buyLimit":100,"sort":4,"param":"0|0|0|0","vipLimit":0},"110000008":{"id":110000008,"name":"Items-100026","shopType":11,"reward":"100026=1","category":0,"price":"100000=100","rechargeId":"0","oldPrice":"0","priceAdd":0,"isDouble":0,"buyLimitType":1,"buyLimit":-1,"sort":7,"param":"0|0|0|0","vipLimit":0},"110000009":{"id":110000009,"name":"Items-100029","shopType":11,"reward":"100029=100","category":0,"price":"100000=800","rechargeId":"0","oldPrice":"0","priceAdd":0,"isDouble":0,"buyLimitType":1,"buyLimit":-1,"sort":10,"param":"0|0|0|0","vipLimit":0},"110000010":{"id":110000010,"name":"Items-100016","shopType":11,"reward":"100016=1","category":0,"price":"100000=20","rechargeId":"0","oldPrice":"0","priceAdd":0,"isDouble":0,"buyLimitType":1,"buyLimit":100,"sort":11,"param":"0|0|0|0","vipLimit":0},"110000011":{"id":110000011,"name":"Items-100009","shopType":11,"reward":"100009=200","category":0,"price":"100000=100","rechargeId":"0","oldPrice":"0","priceAdd":0,"isDouble":0,"buyLimitType":1,"buyLimit":-1,"sort":6,"param":"0|0|0|0","vipLimit":0},"110000012":{"id":110000012,"name":"Items-100012","shopType":11,"reward":"100012=1","category":0,"price":"100000=100","rechargeId":"0","oldPrice":"0","priceAdd":0,"isDouble":0,"buyLimitType":1,"buyLimit":-1,"sort":12,"param":"0|0|0|0","vipLimit":0},"110000013":{"id":110000013,"name":"Items-100006","shopType":11,"reward":"100006=1","category":0,"price":"100000=240","rechargeId":"0","oldPrice":"0","priceAdd":0,"isDouble":0,"buyLimitType":1,"buyLimit":2,"sort":6,"param":"0|0|0|0","vipLimit":0},"110000014":{"id":110000014,"name":"Items-100044","shopType":11,"reward":"100044=20","category":0,"price":"100000=100","rechargeId":"0","oldPrice":"0","priceAdd":0,"isDouble":0,"buyLimitType":1,"buyLimit":-1,"sort":13,"param":"0|0|0|0","vipLimit":0},"110000015":{"id":110000015,"name":"Items-100064","shopType":11,"reward":"100064=1","category":0,"price":"100000=200","rechargeId":"0","oldPrice":"0","priceAdd":0,"isDouble":0,"buyLimitType":1,"buyLimit":1000,"sort":14,"param":"0|0|0|0","vipLimit":0},"110000016":{"id":110000016,"name":"Items-105044","shopType":11,"reward":"105044=1","category":0,"price":"100000=100","rechargeId":"0","oldPrice":"0","priceAdd":0,"isDouble":0,"buyLimitType":1,"buyLimit":3,"sort":15,"param":"0|0|0|0","vipLimit":0},"110000017":{"id":110000017,"name":"Items-100074","shopType":11,"reward":"100074=1","category":0,"price":"100000=1000","rechargeId":"0","oldPrice":"0","priceAdd":0,"isDouble":0,"buyLimitType":3,"buyLimit":1,"sort":16,"param":"0|0|0|0","vipLimit":0},"160000001":{"id":160000001,"name":"Items-100001","shopType":16,"reward":"100001=1","category":1,"price":"3000","rechargeId":"100000001","oldPrice":"0","priceAdd":0,"isDouble":0,"buyLimitType":4,"buyLimit":1,"sort":1,"param":"0|0|0|0","vipLimit":0},"160000002":{"id":160000002,"name":"Items-100002","shopType":16,"reward":"100002=1","category":1,"price":"19800","rechargeId":"100000004","oldPrice":"0","priceAdd":0,"isDouble":0,"buyLimitType":4,"buyLimit":1,"sort":2,"param":"0|0|0|0","vipLimit":0},"180000001":{"id":180000001,"name":"Items-100004","shopType":18,"reward":"100004=10","category":0,"price":"100003=1000","rechargeId":"0","oldPrice":"0","priceAdd":1200,"isDouble":0,"buyLimitType":1,"buyLimit":10,"sort":2,"param":"0|0|0|0","vipLimit":0},"180000002":{"id":180000002,"name":"Items-100005","shopType":18,"reward":"100005=2","category":0,"price":"100003=1000","rechargeId":"0","oldPrice":"0","priceAdd":1200,"isDouble":0,"buyLimitType":1,"buyLimit":10,"sort":2,"param":"0|0|0|0","vipLimit":0},"180000003":{"id":180000003,"name":"Items-100007","shopType":18,"reward":"100007=10","category":0,"price":"100003=1000","rechargeId":"0","oldPrice":"0","priceAdd":1200,"isDouble":0,"buyLimitType":1,"buyLimit":10,"sort":2,"param":"0|0|0|0","vipLimit":0},"180000004":{"id":180000004,"name":"Items-100009","shopType":18,"reward":"100009=5","category":0,"price":"100003=1000","rechargeId":"0","oldPrice":"0","priceAdd":1200,"isDouble":0,"buyLimitType":1,"buyLimit":10,"sort":2,"param":"0|0|0|0","vipLimit":0},"180000005":{"id":180000005,"name":"Items-100022","shopType":18,"reward":"100022=1","category":0,"price":"100003=1000","rechargeId":"0","oldPrice":"0","priceAdd":1200,"isDouble":0,"buyLimitType":1,"buyLimit":5,"sort":2,"param":"0|0|0|0","vipLimit":0},"180000006":{"id":180000006,"name":"Items-100026","shopType":18,"reward":"100026=1","category":0,"price":"100003=1000","rechargeId":"0","oldPrice":"0","priceAdd":1200,"isDouble":0,"buyLimitType":1,"buyLimit":3,"sort":2,"param":"0|0|0|0","vipLimit":0},"220000001":{"id":220000001,"name":"Items-100007","shopType":22,"reward":"100007=10","category":0,"price":"100032=10","rechargeId":"0","oldPrice":"0","priceAdd":0,"isDouble":0,"buyLimitType":1,"buyLimit":3,"sort":1,"param":"1|0|0|0","vipLimit":0},"220000002":{"id":220000002,"name":"Items-100010","shopType":22,"reward":"100010=10","category":0,"price":"100032=50","rechargeId":"0","oldPrice":"0","priceAdd":0,"isDouble":0,"buyLimitType":1,"buyLimit":3,"sort":2,"param":"2|0|0|0","vipLimit":0},"220000003":{"id":220000003,"name":"Items-100023","shopType":22,"reward":"100023=1","category":0,"price":"100032=100","rechargeId":"0","oldPrice":"0","priceAdd":0,"isDouble":0,"buyLimitType":1,"buyLimit":3,"sort":3,"param":"3|0|0|0","vipLimit":0},"230000001":{"id":230000001,"name":"Items-100004","shopType":23,"reward":"100004=50","category":0,"price":"100032=1000","rechargeId":"0","oldPrice":"0","priceAdd":0,"isDouble":0,"buyLimitType":1,"buyLimit":1,"sort":2,"param":"0|0|0|0","vipLimit":0},"230000002":{"id":230000002,"name":"Items-100004","shopType":23,"reward":"100004=100","category":0,"price":"100032=1800","rechargeId":"0","oldPrice":"0","priceAdd":0,"isDouble":0,"buyLimitType":1,"buyLimit":1,"sort":3,"param":"2|0|0|0","vipLimit":0},"230000003":{"id":230000003,"name":"Items-100009","shopType":23,"reward":"100009=200","category":0,"price":"100032=600","rechargeId":"0","oldPrice":"0","priceAdd":0,"isDouble":0,"buyLimitType":1,"buyLimit":1,"sort":4,"param":"0|0|0|0","vipLimit":0},"230000004":{"id":230000004,"name":"Items-100009","shopType":23,"reward":"100009=500","category":0,"price":"100032=1300","rechargeId":"0","oldPrice":"0","priceAdd":0,"isDouble":0,"buyLimitType":1,"buyLimit":1,"sort":5,"param":"3|0|0|0","vipLimit":0},"230000005":{"id":230000005,"name":"Items-100025","shopType":23,"reward":"100025=5","category":0,"price":"100032=600","rechargeId":"0","oldPrice":"0","priceAdd":0,"isDouble":0,"buyLimitType":1,"buyLimit":1,"sort":6,"param":"0|0|0|0","vipLimit":0},"230000006":{"id":230000006,"name":"Items-100025","shopType":23,"reward":"100025=10","category":0,"price":"100032=1080","rechargeId":"0","oldPrice":"0","priceAdd":0,"isDouble":0,"buyLimitType":1,"buyLimit":1,"sort":7,"param":"4|0|0|0","vipLimit":0},"230000007":{"id":230000007,"name":"Items-100016","shopType":23,"reward":"100016=3","category":0,"price":"100032=540","rechargeId":"0","oldPrice":"0","priceAdd":0,"isDouble":0,"buyLimitType":1,"buyLimit":1,"sort":8,"param":"0|0|0|0","vipLimit":0},"230000008":{"id":230000008,"name":"Items-150008","shopType":23,"reward":"150008=1","category":0,"price":"100032=2200","rechargeId":"0","oldPrice":"0","priceAdd":0,"isDouble":0,"buyLimitType":1,"buyLimit":1,"sort":9,"param":"0|0|0|0","vipLimit":0},"230000009":{"id":230000009,"name":"Items-100003","shopType":23,"reward":"100003=20000","category":0,"price":"100032=1080","rechargeId":"0","oldPrice":"0","priceAdd":0,"isDouble":0,"buyLimitType":1,"buyLimit":1,"sort":10,"param":"0|0|0|0","vipLimit":0},"230000010":{"id":230000010,"name":"Items-150003","shopType":23,"reward":"150003=1","category":0,"price":"100032=66000","rechargeId":"0","oldPrice":"0","priceAdd":0,"isDouble":0,"buyLimitType":1,"buyLimit":1,"sort":11,"param":"5|0|0|0","vipLimit":0},"230000011":{"id":230000011,"name":"Items-100004","shopType":23,"reward":"100004=10","category":0,"price":"0","rechargeId":"0","oldPrice":"0","priceAdd":0,"isDouble":0,"buyLimitType":1,"buyLimit":1,"sort":1,"param":"0|0|0|0","vipLimit":0},"230000012":{"id":230000012,"name":"Items-105044","shopType":23,"reward":"105044=1","category":0,"price":"100032=400","rechargeId":"0","oldPrice":"0","priceAdd":0,"isDouble":0,"buyLimitType":1,"buyLimit":3,"sort":12,"param":"8|0|0|0","vipLimit":0},"250000001":{"id":250000001,"name":"Items-100004","shopType":25,"reward":"100004=50","category":0,"price":"100046=250","rechargeId":"0","oldPrice":"0","priceAdd":0,"isDouble":0,"buyLimitType":1,"buyLimit":1,"sort":1,"param":"0|0|0|0","vipLimit":0},"250000002":{"id":250000002,"name":"Items-100003","shopType":25,"reward":"100003=20000","category":0,"price":"100046=250","rechargeId":"0","oldPrice":"0","priceAdd":0,"isDouble":0,"buyLimitType":1,"buyLimit":5,"sort":2,"param":"0|0|0|0","vipLimit":0},"250000003":{"id":250000003,"name":"Items-100016","shopType":25,"reward":"100016=1","category":0,"price":"100046=20","rechargeId":"0","oldPrice":"0","priceAdd":0,"isDouble":0,"buyLimitType":1,"buyLimit":50,"sort":3,"param":"0|0|0|0","vipLimit":0},"250000004":{"id":250000004,"name":"Items-190004","shopType":25,"reward":"190004=1","category":0,"price":"100046=100","rechargeId":"0","oldPrice":"0","priceAdd":0,"isDouble":0,"buyLimitType":1,"buyLimit":50,"sort":4,"param":"0|0|0|0","vipLimit":0},"290000001":{"id":290000001,"name":"Shop_name-290000001","shopType":29,"reward":"100045=6","category":1,"price":"600","rechargeId":"100000000","oldPrice":"0","priceAdd":0,"isDouble":1,"buyLimitType":0,"buyLimit":-1,"sort":1,"param":"60|0|0|0","vipLimit":0},"290000002":{"id":290000002,"name":"Shop_name-290000002","shopType":29,"reward":"100045=30","category":1,"price":"3000","rechargeId":"100000001","oldPrice":"0","priceAdd":0,"isDouble":1,"buyLimitType":0,"buyLimit":-1,"sort":2,"param":"300|0|0|0","vipLimit":0},"290000003":{"id":290000003,"name":"Shop_name-290000003","shopType":29,"reward":"100045=68","category":1,"price":"6800","rechargeId":"100000002","oldPrice":"0","priceAdd":0,"isDouble":1,"buyLimitType":0,"buyLimit":-1,"sort":3,"param":"680|0|0|0","vipLimit":0},"290000004":{"id":290000004,"name":"Shop_name-290000004","shopType":29,"reward":"100045=98","category":1,"price":"9800","rechargeId":"100000003","oldPrice":"0","priceAdd":0,"isDouble":1,"buyLimitType":0,"buyLimit":-1,"sort":4,"param":"980|0|0|0","vipLimit":0},"290000005":{"id":290000005,"name":"Shop_name-290000005","shopType":29,"reward":"100045=198","category":1,"price":"19800","rechargeId":"100000004","oldPrice":"0","priceAdd":0,"isDouble":1,"buyLimitType":0,"buyLimit":-1,"sort":5,"param":"1980|0|0|0","vipLimit":0},"290000006":{"id":290000006,"name":"Shop_name-290000006","shopType":29,"reward":"100045=328","category":1,"price":"32800","rechargeId":"100000005","oldPrice":"0","priceAdd":0,"isDouble":1,"buyLimitType":0,"buyLimit":-1,"sort":6,"param":"3280|0|0|0","vipLimit":0},"290000007":{"id":290000007,"name":"Shop_name-290000007","shopType":29,"reward":"100045=648","category":1,"price":"64800","rechargeId":"100000006","oldPrice":"0","priceAdd":0,"isDouble":1,"buyLimitType":0,"buyLimit":-1,"sort":7,"param":"6480|0|0|0","vipLimit":0},"290000008":{"id":290000008,"name":"Shop_name-290000008","shopType":29,"reward":"100045=1998","category":1,"price":"199800","rechargeId":"100000007","oldPrice":"0","priceAdd":0,"isDouble":1,"buyLimitType":0,"buyLimit":-1,"sort":8,"param":"19980|0|0|0","vipLimit":0},"360000001":{"id":360000001,"name":"Shop_name-360000001","shopType":36,"reward":"100000=1000","category":0,"price":"0","rechargeId":"0","oldPrice":"0","priceAdd":0,"isDouble":0,"buyLimitType":0,"buyLimit":1,"sort":1,"param":"20|0|0|0","vipLimit":0},"360000002":{"id":360000002,"name":"Shop_name-360000002","shopType":36,"reward":"100000=6000","category":1,"price":"3000","rechargeId":"100000001","oldPrice":"60000","priceAdd":0,"isDouble":0,"buyLimitType":0,"buyLimit":1,"sort":2,"param":"50|0|0|0","vipLimit":0},"360000003":{"id":360000003,"name":"Shop_name-360000003","shopType":36,"reward":"100000=10000","category":1,"price":"6800","rechargeId":"100000002","oldPrice":"102000","priceAdd":0,"isDouble":0,"buyLimitType":0,"buyLimit":1,"sort":3,"param":"100|0|0|0","vipLimit":0},"410000001":{"id":410000001,"name":"Shop_name-410000001","shopType":41,"reward":"144003=1","category":0,"price":"100065=1000","rechargeId":"0","oldPrice":"0","priceAdd":0,"isDouble":0,"buyLimitType":0,"buyLimit":1,"sort":1,"param":"0|0|0|0","vipLimit":0},"410000002":{"id":410000002,"name":"Shop_name-410000002","shopType":41,"reward":"144004=1","category":0,"price":"100065=1000","rechargeId":"0","oldPrice":"0","priceAdd":0,"isDouble":0,"buyLimitType":0,"buyLimit":1,"sort":1,"param":"0|0|0|0","vipLimit":0},"450000001":{"id":450000001,"name":"Items-160012","shopType":45,"reward":"160012=1","category":0,"price":"105038=200","rechargeId":"0","oldPrice":"0","priceAdd":0,"isDouble":0,"buyLimitType":2,"buyLimit":5,"sort":1,"param":"0|0|0|0","vipLimit":0},"450000002":{"id":450000002,"name":"Items-240010","shopType":45,"reward":"240010=1","category":0,"price":"105038=120","rechargeId":"0","oldPrice":"0","priceAdd":0,"isDouble":0,"buyLimitType":2,"buyLimit":10,"sort":2,"param":"6|0|0|0","vipLimit":0},"450000003":{"id":450000003,"name":"Items-100044","shopType":45,"reward":"100044=20","category":0,"price":"105038=100","rechargeId":"0","oldPrice":"0","priceAdd":0,"isDouble":0,"buyLimitType":2,"buyLimit":10,"sort":3,"param":"0|0|0|0","vipLimit":0},"450000004":{"id":450000004,"name":"Items-100064","shopType":45,"reward":"100064=1","category":0,"price":"105038=200","rechargeId":"0","oldPrice":"0","priceAdd":0,"isDouble":0,"buyLimitType":2,"buyLimit":5,"sort":4,"param":"5|0|0|0","vipLimit":0},"450000005":{"id":450000005,"name":"Items-100023","shopType":45,"reward":"100023=1","category":0,"price":"105038=200","rechargeId":"0","oldPrice":"0","priceAdd":0,"isDouble":0,"buyLimitType":2,"buyLimit":5,"sort":5,"param":"0|0|0|0","vipLimit":0},"450000006":{"id":450000006,"name":"Items-150060","shopType":45,"reward":"150060=5","category":0,"price":"105038=100","rechargeId":"0","oldPrice":"0","priceAdd":0,"isDouble":0,"buyLimitType":2,"buyLimit":50,"sort":6,"param":"4|0|0|0","vipLimit":0},"450000007":{"id":450000007,"name":"Items-100023","shopType":45,"reward":"100023=1","category":0,"price":"105038=200","rechargeId":"0","oldPrice":"0","priceAdd":0,"isDouble":0,"buyLimitType":2,"buyLimit":5,"sort":7,"param":"4|0|0|0","vipLimit":0},"450000008":{"id":450000008,"name":"Items-100047","shopType":45,"reward":"100047=20","category":0,"price":"105038=100","rechargeId":"0","oldPrice":"0","priceAdd":0,"isDouble":0,"buyLimitType":2,"buyLimit":10,"sort":8,"param":"0|0|0|0","vipLimit":0},"450000009":{"id":450000009,"name":"Items-100009","shopType":45,"reward":"100009=200","category":0,"price":"105038=100","rechargeId":"0","oldPrice":"0","priceAdd":0,"isDouble":0,"buyLimitType":2,"buyLimit":99,"sort":9,"param":"0|0|0|0","vipLimit":0},"450000010":{"id":450000010,"name":"Items-100005","shopType":45,"reward":"100005=10","category":0,"price":"105038=150","rechargeId":"0","oldPrice":"0","priceAdd":0,"isDouble":0,"buyLimitType":2,"buyLimit":10,"sort":10,"param":"0|0|0|0","vipLimit":0},"450000011":{"id":450000011,"name":"Items-100016","shopType":45,"reward":"100016=1","category":0,"price":"105038=20","rechargeId":"0","oldPrice":"0","priceAdd":0,"isDouble":0,"buyLimitType":2,"buyLimit":99,"sort":11,"param":"0|0|0|0","vipLimit":0},"450000012":{"id":450000012,"name":"Items-100007","shopType":45,"reward":"100007=10","category":0,"price":"105038=100","rechargeId":"0","oldPrice":"0","priceAdd":0,"isDouble":0,"buyLimitType":2,"buyLimit":99,"sort":12,"param":"0|0|0|0","vipLimit":0},"470000001":{"id":470000001,"name":"Items-150007","shopType":47,"reward":"150007=1","category":0,"price":"100027=210","rechargeId":"0","oldPrice":"0","priceAdd":0,"isDouble":0,"buyLimitType":0,"buyLimit":-1,"sort":2,"param":"0|0|0|0","vipLimit":0},"470000002":{"id":470000002,"name":"Items-150008","shopType":47,"reward":"150008=1","category":0,"price":"100027=80","rechargeId":"0","oldPrice":"0","priceAdd":0,"isDouble":0,"buyLimitType":0,"buyLimit":-1,"sort":1,"param":"0|0|0|0","vipLimit":0},"480000001":{"id":480000001,"name":"Items-200003","shopType":48,"reward":"200003=1","category":0,"price":"100071=6500","rechargeId":"0","oldPrice":"0","priceAdd":0,"isDouble":0,"buyLimitType":0,"buyLimit":-1,"sort":1,"param":"0|0|0|0","vipLimit":0},"480000002":{"id":480000002,"name":"Items-200004","shopType":48,"reward":"200004=1","category":0,"price":"100071=65000","rechargeId":"0","oldPrice":"0","priceAdd":0,"isDouble":0,"buyLimitType":0,"buyLimit":-1,"sort":2,"param":"0|0|0|0","vipLimit":0},"480000003":{"id":480000003,"name":"Items-100038","shopType":48,"reward":"100038=50","category":0,"price":"100071=130","rechargeId":"0","oldPrice":"0","priceAdd":0,"isDouble":0,"buyLimitType":0,"buyLimit":-1,"sort":4,"param":"0|0|0|0","vipLimit":0},"500000001":{"id":500000001,"name":"Items-147001","shopType":50,"reward":"147001=1","category":0,"price":"100072=15000","rechargeId":"0","oldPrice":"0","priceAdd":0,"isDouble":0,"buyLimitType":0,"buyLimit":1,"sort":1,"param":"0|0|0|0","vipLimit":0},"500000002":{"id":500000002,"name":"Items-147002","shopType":50,"reward":"147002=1","category":0,"price":"100072=15000","rechargeId":"0","oldPrice":"0","priceAdd":0,"isDouble":0,"buyLimitType":0,"buyLimit":1,"sort":2,"param":"0|0|0|0","vipLimit":0},"500000003":{"id":500000003,"name":"Items-146006","shopType":50,"reward":"146006=1","category":0,"price":"100072=10000","rechargeId":"0","oldPrice":"0","priceAdd":0,"isDouble":0,"buyLimitType":0,"buyLimit":1,"sort":2,"param":"0|0|0|0","vipLimit":0},"540000001":{"id":540000001,"name":"Items-100077","shopType":54,"reward":"100077=1","category":1,"price":"600","rechargeId":"100000000","oldPrice":"600","priceAdd":0,"isDouble":0,"buyLimitType":0,"buyLimit":1,"sort":1,"param":"0|0|0|0","vipLimit":0},"540000002":{"id":540000002,"name":"Items-100078","shopType":54,"reward":"100078=1","category":1,"price":"1800","rechargeId":"100000009","oldPrice":"2700","priceAdd":0,"isDouble":0,"buyLimitType":0,"buyLimit":1,"sort":2,"param":"0|0|0|0","vipLimit":0}}