{"10001":{"id":10001,"materials":"100053=100","composition":"115006=1","sort":1,"systemID":0},"10002":{"id":10002,"materials":"100051=20","composition":"100049=1","sort":2,"systemID":0},"10003":{"id":10003,"materials":"100052=20","composition":"100050=1","sort":3,"systemID":0},"10004":{"id":10004,"materials":"100066=20","composition":"200003=1","sort":4,"systemID":0},"10005":{"id":10005,"materials":"100067=20","composition":"200004=1","sort":5,"systemID":0},"10006":{"id":10006,"materials":"100068=20","composition":"201003=1","sort":6,"systemID":0},"10007":{"id":10007,"materials":"100069=20","composition":"201004=1","sort":7,"systemID":0},"10008":{"id":10008,"materials":"100057=5","composition":"100056=1","sort":8,"systemID":0},"10009":{"id":10009,"materials":"100058=5","composition":"100057=1","sort":9,"systemID":0},"10010":{"id":10010,"materials":"100059=5","composition":"100058=1","sort":10,"systemID":0},"10011":{"id":10011,"materials":"100062=5","composition":"100061=1","sort":11,"systemID":0},"10012":{"id":10012,"materials":"100063=5","composition":"100062=1","sort":12,"systemID":0},"10013":{"id":10013,"materials":"100075=20","composition":"160006=1","sort":13,"systemID":0},"10014":{"id":10014,"materials":"100076=20","composition":"150014=1","sort":14,"systemID":0}}