{"10001":{"id":10001,"level":1,"weight":10,"timeParam":1500,"reward":"100000=2","systemID":0},"10002":{"id":10002,"level":2,"weight":10,"timeParam":4000,"reward":"100000=4","systemID":0},"10003":{"id":10003,"level":3,"weight":10,"timeParam":8000,"reward":"100000=8","systemID":0},"10004":{"id":10004,"level":4,"weight":10,"timeParam":16000,"reward":"100000=15","systemID":0},"10005":{"id":10005,"level":5,"weight":10,"timeParam":32000,"reward":"100000=30","systemID":0},"10006":{"id":10006,"level":6,"weight":10,"timeParam":48000,"reward":"100000=45","systemID":0},"10007":{"id":10007,"level":7,"weight":10,"timeParam":64000,"reward":"100000=60","systemID":0},"10008":{"id":10008,"level":1,"weight":10,"timeParam":13500,"reward":"100025=1","systemID":0},"10009":{"id":10009,"level":2,"weight":10,"timeParam":27000,"reward":"100025=2","systemID":0},"10010":{"id":10010,"level":3,"weight":10,"timeParam":54000,"reward":"100025=3","systemID":0},"10011":{"id":10011,"level":4,"weight":10,"timeParam":108000,"reward":"100025=4","systemID":0},"10012":{"id":10012,"level":5,"weight":10,"timeParam":162000,"reward":"100025=5","systemID":0},"10013":{"id":10013,"level":6,"weight":10,"timeParam":216000,"reward":"100025=6","systemID":0},"10014":{"id":10014,"level":7,"weight":10,"timeParam":270000,"reward":"100025=7","systemID":0},"10015":{"id":10015,"level":1,"weight":10,"timeParam":1500,"reward":"100029=1","systemID":0},"10016":{"id":10016,"level":2,"weight":10,"timeParam":3000,"reward":"100029=2","systemID":0},"10017":{"id":10017,"level":3,"weight":10,"timeParam":6000,"reward":"100029=3","systemID":0},"10018":{"id":10018,"level":4,"weight":10,"timeParam":12000,"reward":"100029=4","systemID":0},"10019":{"id":10019,"level":5,"weight":10,"timeParam":18000,"reward":"100029=5","systemID":0},"10020":{"id":10020,"level":6,"weight":10,"timeParam":24000,"reward":"100029=6","systemID":0},"10021":{"id":10021,"level":7,"weight":10,"timeParam":30000,"reward":"100029=7","systemID":0},"10022":{"id":10022,"level":1,"weight":20,"timeParam":1500,"reward":"100003=350","systemID":0},"10023":{"id":10023,"level":2,"weight":20,"timeParam":3000,"reward":"100003=450","systemID":0},"10024":{"id":10024,"level":3,"weight":20,"timeParam":6000,"reward":"100003=550","systemID":0},"10025":{"id":10025,"level":4,"weight":20,"timeParam":12000,"reward":"100003=650","systemID":0},"10026":{"id":10026,"level":5,"weight":20,"timeParam":18000,"reward":"100003=750","systemID":0},"10027":{"id":10027,"level":6,"weight":20,"timeParam":24000,"reward":"100003=850","systemID":0},"10028":{"id":10028,"level":7,"weight":20,"timeParam":30000,"reward":"100003=1000","systemID":0},"10029":{"id":10029,"level":1,"weight":50,"timeParam":1500,"reward":"100004=3","systemID":0},"10030":{"id":10030,"level":2,"weight":50,"timeParam":3000,"reward":"100004=5","systemID":0},"10031":{"id":10031,"level":3,"weight":50,"timeParam":6000,"reward":"100004=10","systemID":0},"10032":{"id":10032,"level":4,"weight":50,"timeParam":12000,"reward":"100004=20","systemID":0},"10033":{"id":10033,"level":5,"weight":50,"timeParam":18000,"reward":"100004=30","systemID":0},"10034":{"id":10034,"level":6,"weight":50,"timeParam":24000,"reward":"100004=40","systemID":0},"10035":{"id":10035,"level":7,"weight":50,"timeParam":30000,"reward":"100004=50","systemID":0},"10036":{"id":10036,"level":1,"weight":20,"timeParam":1500,"reward":"100044=1","systemID":44},"10037":{"id":10037,"level":2,"weight":20,"timeParam":3000,"reward":"100044=2","systemID":44},"10038":{"id":10038,"level":3,"weight":20,"timeParam":6000,"reward":"100044=5","systemID":44},"10039":{"id":10039,"level":4,"weight":20,"timeParam":12000,"reward":"100044=10","systemID":44},"10040":{"id":10040,"level":5,"weight":20,"timeParam":18000,"reward":"100044=15","systemID":44},"10041":{"id":10041,"level":6,"weight":20,"timeParam":24000,"reward":"100044=20","systemID":44},"10042":{"id":10042,"level":7,"weight":20,"timeParam":30000,"reward":"100044=25","systemID":44},"10043":{"id":10043,"level":1,"weight":20,"timeParam":1500,"reward":"100047=3","systemID":55},"10044":{"id":10044,"level":2,"weight":20,"timeParam":3000,"reward":"100047=5","systemID":55},"10045":{"id":10045,"level":3,"weight":20,"timeParam":6000,"reward":"100047=10","systemID":55},"10046":{"id":10046,"level":4,"weight":20,"timeParam":12000,"reward":"100047=20","systemID":55},"10047":{"id":10047,"level":5,"weight":20,"timeParam":18000,"reward":"100047=30","systemID":55},"10048":{"id":10048,"level":6,"weight":20,"timeParam":24000,"reward":"100047=40","systemID":55},"10049":{"id":10049,"level":7,"weight":20,"timeParam":30000,"reward":"100047=50","systemID":55}}