{"1":{"id":1,"attackBase":-300,"hpBase":"1042","defBase":"0","speedBase":"100","reStun":"100","reCriticalHit":"100","reDoubleAttack":"100","reDodge":"100","reAttackBack":"100","reLifeSteal":"100"},"2":{"id":2,"attackBase":-300,"hpBase":"2084","defBase":"0","speedBase":"100","reStun":"120","reCriticalHit":"120","reDoubleAttack":"120","reDodge":"120","reAttackBack":"120","reLifeSteal":"120"},"3":{"id":3,"attackBase":-300,"hpBase":"3125","defBase":"0","speedBase":"100","reStun":"140","reCriticalHit":"140","reDoubleAttack":"140","reDodge":"140","reAttackBack":"140","reLifeSteal":"140"},"4":{"id":4,"attackBase":-300,"hpBase":"4167","defBase":"0","speedBase":"100","reStun":"160","reCriticalHit":"160","reDoubleAttack":"160","reDodge":"160","reAttackBack":"160","reLifeSteal":"160"},"5":{"id":5,"attackBase":-300,"hpBase":"5209","defBase":"0","speedBase":"100","reStun":"180","reCriticalHit":"180","reDoubleAttack":"180","reDodge":"180","reAttackBack":"180","reLifeSteal":"180"},"6":{"id":6,"attackBase":-300,"hpBase":"6251","defBase":"0","speedBase":"100","reStun":"200","reCriticalHit":"200","reDoubleAttack":"200","reDodge":"200","reAttackBack":"200","reLifeSteal":"200"},"7":{"id":7,"attackBase":-300,"hpBase":"7293","defBase":"0","speedBase":"100","reStun":"220","reCriticalHit":"220","reDoubleAttack":"220","reDodge":"220","reAttackBack":"220","reLifeSteal":"220"},"8":{"id":8,"attackBase":-300,"hpBase":"8334","defBase":"0","speedBase":"100","reStun":"240","reCriticalHit":"240","reDoubleAttack":"240","reDodge":"240","reAttackBack":"240","reLifeSteal":"240"},"9":{"id":9,"attackBase":-300,"hpBase":"9376","defBase":"0","speedBase":"100","reStun":"260","reCriticalHit":"260","reDoubleAttack":"260","reDodge":"260","reAttackBack":"260","reLifeSteal":"260"},"10":{"id":10,"attackBase":-300,"hpBase":"10418","defBase":"0","speedBase":"100","reStun":"300","reCriticalHit":"300","reDoubleAttack":"300","reDodge":"300","reAttackBack":"300","reLifeSteal":"300"},"11":{"id":11,"attackBase":-300,"hpBase":"40000","defBase":"0","speedBase":"100","reStun":"340","reCriticalHit":"340","reDoubleAttack":"340","reDodge":"340","reAttackBack":"340","reLifeSteal":"340"},"12":{"id":12,"attackBase":-300,"hpBase":"60000","defBase":"0","speedBase":"100","reStun":"380","reCriticalHit":"380","reDoubleAttack":"380","reDodge":"380","reAttackBack":"380","reLifeSteal":"380"},"13":{"id":13,"attackBase":-300,"hpBase":"100000","defBase":"0","speedBase":"100","reStun":"420","reCriticalHit":"420","reDoubleAttack":"420","reDodge":"420","reAttackBack":"420","reLifeSteal":"420"},"14":{"id":14,"attackBase":-300,"hpBase":"150000","defBase":"0","speedBase":"100","reStun":"460","reCriticalHit":"460","reDoubleAttack":"460","reDodge":"460","reAttackBack":"460","reLifeSteal":"460"},"15":{"id":15,"attackBase":-300,"hpBase":"200000","defBase":"0","speedBase":"100","reStun":"500","reCriticalHit":"500","reDoubleAttack":"500","reDodge":"500","reAttackBack":"500","reLifeSteal":"500"},"16":{"id":16,"attackBase":-300,"hpBase":"250000","defBase":"0","speedBase":"100","reStun":"540","reCriticalHit":"540","reDoubleAttack":"540","reDodge":"540","reAttackBack":"540","reLifeSteal":"540"},"17":{"id":17,"attackBase":-300,"hpBase":"300000","defBase":"0","speedBase":"100","reStun":"580","reCriticalHit":"580","reDoubleAttack":"580","reDodge":"580","reAttackBack":"580","reLifeSteal":"580"},"18":{"id":18,"attackBase":-200,"hpBase":"5410000","defBase":"0","speedBase":"100","reStun":"620","reCriticalHit":"620","reDoubleAttack":"620","reDodge":"620","reAttackBack":"620","reLifeSteal":"620"},"19":{"id":19,"attackBase":-100,"hpBase":"25030000","defBase":"0","speedBase":"100","reStun":"660","reCriticalHit":"660","reDoubleAttack":"660","reDodge":"660","reAttackBack":"660","reLifeSteal":"660"},"20":{"id":20,"attackBase":0,"hpBase":"85300000","defBase":"0","speedBase":"100","reStun":"700","reCriticalHit":"700","reDoubleAttack":"700","reDodge":"700","reAttackBack":"700","reLifeSteal":"700"},"21":{"id":21,"attackBase":100,"hpBase":"433930000","defBase":"0","speedBase":"100","reStun":"850","reCriticalHit":"850","reDoubleAttack":"850","reDodge":"850","reAttackBack":"850","reLifeSteal":"850"},"22":{"id":22,"attackBase":200,"hpBase":"1466490000","defBase":"0","speedBase":"100","reStun":"1000","reCriticalHit":"1000","reDoubleAttack":"1000","reDodge":"1000","reAttackBack":"1000","reLifeSteal":"1000"},"23":{"id":23,"attackBase":300,"hpBase":"7002340000","defBase":"0","speedBase":"100","reStun":"1150","reCriticalHit":"1150","reDoubleAttack":"1150","reDodge":"1150","reAttackBack":"1150","reLifeSteal":"1150"},"24":{"id":24,"attackBase":400,"hpBase":"23227430000","defBase":"0","speedBase":"100","reStun":"1300","reCriticalHit":"1300","reDoubleAttack":"1300","reDodge":"1300","reAttackBack":"1300","reLifeSteal":"1300"},"25":{"id":25,"attackBase":500,"hpBase":"116050820000","defBase":"0","speedBase":"100","reStun":"1450","reCriticalHit":"1450","reDoubleAttack":"1450","reDodge":"1450","reAttackBack":"1450","reLifeSteal":"1450"},"26":{"id":26,"attackBase":500,"hpBase":"386469590000","defBase":"0","speedBase":"100","reStun":"1600","reCriticalHit":"1600","reDoubleAttack":"1600","reDodge":"1600","reAttackBack":"1600","reLifeSteal":"1600"},"27":{"id":27,"attackBase":500,"hpBase":"1090724500000","defBase":"0","speedBase":"100","reStun":"1750","reCriticalHit":"1750","reDoubleAttack":"1750","reDodge":"1750","reAttackBack":"1750","reLifeSteal":"1750"},"28":{"id":28,"attackBase":500,"hpBase":"4922152290000","defBase":"0","speedBase":"100","reStun":"1900","reCriticalHit":"1900","reDoubleAttack":"1900","reDodge":"1900","reAttackBack":"1900","reLifeSteal":"1900"},"29":{"id":29,"attackBase":500,"hpBase":"16386588030000","defBase":"0","speedBase":"100","reStun":"2050","reCriticalHit":"2050","reDoubleAttack":"2050","reDodge":"2050","reAttackBack":"2050","reLifeSteal":"2050"},"30":{"id":30,"attackBase":500,"hpBase":"16386588030000","defBase":"0","speedBase":"100","reStun":"2200","reCriticalHit":"2200","reDoubleAttack":"2200","reDodge":"2200","reAttackBack":"2200","reLifeSteal":"2200"},"31":{"id":31,"attackBase":500,"hpBase":"16386588030000","defBase":"0","speedBase":"100","reStun":"2350","reCriticalHit":"2350","reDoubleAttack":"2350","reDodge":"2350","reAttackBack":"2350","reLifeSteal":"2350"},"32":{"id":32,"attackBase":500,"hpBase":"16386588030000","defBase":"0","speedBase":"100","reStun":"2500","reCriticalHit":"2500","reDoubleAttack":"2500","reDodge":"2500","reAttackBack":"2500","reLifeSteal":"2500"},"33":{"id":33,"attackBase":500,"hpBase":"16386588030000","defBase":"0","speedBase":"100","reStun":"2650","reCriticalHit":"2650","reDoubleAttack":"2650","reDodge":"2650","reAttackBack":"2650","reLifeSteal":"2650"},"34":{"id":34,"attackBase":500,"hpBase":"16386588030000","defBase":"0","speedBase":"100","reStun":"2800","reCriticalHit":"2800","reDoubleAttack":"2800","reDodge":"2800","reAttackBack":"2800","reLifeSteal":"2800"},"35":{"id":35,"attackBase":500,"hpBase":"16386588030000","defBase":"0","speedBase":"100","reStun":"2950","reCriticalHit":"2950","reDoubleAttack":"2950","reDodge":"2950","reAttackBack":"2950","reLifeSteal":"2950"},"36":{"id":36,"attackBase":500,"hpBase":"16386588030000","defBase":"0","speedBase":"100","reStun":"3100","reCriticalHit":"3100","reDoubleAttack":"3100","reDodge":"3100","reAttackBack":"3100","reLifeSteal":"3100"},"37":{"id":37,"attackBase":500,"hpBase":"16386588030000","defBase":"0","speedBase":"100","reStun":"3250","reCriticalHit":"3250","reDoubleAttack":"3250","reDodge":"3250","reAttackBack":"3250","reLifeSteal":"3250"},"38":{"id":38,"attackBase":500,"hpBase":"16386588030000","defBase":"0","speedBase":"100","reStun":"3400","reCriticalHit":"3400","reDoubleAttack":"3400","reDodge":"3400","reAttackBack":"3400","reLifeSteal":"3400"},"39":{"id":39,"attackBase":500,"hpBase":"16386588030000","defBase":"0","speedBase":"100","reStun":"3550","reCriticalHit":"3550","reDoubleAttack":"3550","reDodge":"3550","reAttackBack":"3550","reLifeSteal":"3550"},"40":{"id":40,"attackBase":500,"hpBase":"16386588030000","defBase":"0","speedBase":"100","reStun":"3700","reCriticalHit":"3700","reDoubleAttack":"3700","reDodge":"3700","reAttackBack":"3700","reLifeSteal":"3700"},"41":{"id":41,"attackBase":500,"hpBase":"16386588030000","defBase":"0","speedBase":"100","reStun":"3850","reCriticalHit":"3850","reDoubleAttack":"3850","reDodge":"3850","reAttackBack":"3850","reLifeSteal":"3850"},"42":{"id":42,"attackBase":500,"hpBase":"16386588030000","defBase":"0","speedBase":"100","reStun":"4000","reCriticalHit":"4000","reDoubleAttack":"4000","reDodge":"4000","reAttackBack":"4000","reLifeSteal":"4000"},"43":{"id":43,"attackBase":500,"hpBase":"16386588030000","defBase":"0","speedBase":"100","reStun":"4150","reCriticalHit":"4150","reDoubleAttack":"4150","reDodge":"4150","reAttackBack":"4150","reLifeSteal":"4150"},"44":{"id":44,"attackBase":500,"hpBase":"16386588030000","defBase":"0","speedBase":"100","reStun":"4300","reCriticalHit":"4300","reDoubleAttack":"4300","reDodge":"4300","reAttackBack":"4300","reLifeSteal":"4300"},"45":{"id":45,"attackBase":500,"hpBase":"16386588030000","defBase":"0","speedBase":"100","reStun":"4450","reCriticalHit":"4450","reDoubleAttack":"4450","reDodge":"4450","reAttackBack":"4450","reLifeSteal":"4450"},"46":{"id":46,"attackBase":500,"hpBase":"16386588030000","defBase":"0","speedBase":"100","reStun":"4600","reCriticalHit":"4600","reDoubleAttack":"4600","reDodge":"4600","reAttackBack":"4600","reLifeSteal":"4600"},"47":{"id":47,"attackBase":500,"hpBase":"16386588030000","defBase":"0","speedBase":"100","reStun":"4750","reCriticalHit":"4750","reDoubleAttack":"4750","reDodge":"4750","reAttackBack":"4750","reLifeSteal":"4750"},"48":{"id":48,"attackBase":500,"hpBase":"16386588030000","defBase":"0","speedBase":"100","reStun":"4900","reCriticalHit":"4900","reDoubleAttack":"4900","reDodge":"4900","reAttackBack":"4900","reLifeSteal":"4900"},"49":{"id":49,"attackBase":500,"hpBase":"16386588030000","defBase":"0","speedBase":"100","reStun":"5050","reCriticalHit":"5050","reDoubleAttack":"5050","reDodge":"5050","reAttackBack":"5050","reLifeSteal":"5050"},"50":{"id":50,"attackBase":500,"hpBase":"16386588030000","defBase":"0","speedBase":"100","reStun":"5200","reCriticalHit":"5200","reDoubleAttack":"5200","reDodge":"5200","reAttackBack":"5200","reLifeSteal":"5200"},"51":{"id":51,"attackBase":500,"hpBase":"16386588030000","defBase":"0","speedBase":"100","reStun":"5350","reCriticalHit":"5350","reDoubleAttack":"5350","reDodge":"5350","reAttackBack":"5350","reLifeSteal":"5350"},"52":{"id":52,"attackBase":500,"hpBase":"16386588030000","defBase":"0","speedBase":"100","reStun":"5500","reCriticalHit":"5500","reDoubleAttack":"5500","reDodge":"5500","reAttackBack":"5500","reLifeSteal":"5500"},"53":{"id":53,"attackBase":500,"hpBase":"16386588030000","defBase":"0","speedBase":"100","reStun":"5650","reCriticalHit":"5650","reDoubleAttack":"5650","reDodge":"5650","reAttackBack":"5650","reLifeSteal":"5650"},"54":{"id":54,"attackBase":500,"hpBase":"16386588030000","defBase":"0","speedBase":"100","reStun":"5800","reCriticalHit":"5800","reDoubleAttack":"5800","reDodge":"5800","reAttackBack":"5800","reLifeSteal":"5800"},"55":{"id":55,"attackBase":500,"hpBase":"16386588030000","defBase":"0","speedBase":"100","reStun":"5950","reCriticalHit":"5950","reDoubleAttack":"5950","reDodge":"5950","reAttackBack":"5950","reLifeSteal":"5950"}}