{"1":{"id":1,"monsterId":101003,"name":"UnionKillEvil_Name-1","attackBase":-300,"hpBase":6800,"hpNumber":100,"defBase":"0","speedBase":"100","reStun":"160","reCriticalHit":"160","reDoubleAttack":"160","reDodge":"160","reAttackBack":"160","reLifeSteal":"160","bigReward":"100004=10|100003=5000|100009=100","rewardHpNum":"5","boxReward":"150059=1"},"2":{"id":2,"monsterId":101005,"name":"UnionKillEvil_Name-2","attackBase":-200,"hpBase":33200,"hpNumber":200,"defBase":"0","speedBase":"100","reStun":"300","reCriticalHit":"300","reDoubleAttack":"300","reDodge":"300","reAttackBack":"300","reLifeSteal":"300","bigReward":"100025=5|100003=5000|100009=100","rewardHpNum":"10","boxReward":"150059=1"},"3":{"id":3,"monsterId":101008,"name":"UnionKillEvil_Name-3","attackBase":0,"hpBase":330000,"hpNumber":500,"defBase":"0","speedBase":"100","reStun":"540","reCriticalHit":"540","reDoubleAttack":"540","reDodge":"540","reAttackBack":"540","reLifeSteal":"540","bigReward":"100005=5|100003=5000|100009=100","rewardHpNum":"20","boxReward":"150059=1"},"4":{"id":4,"monsterId":101009,"name":"UnionKillEvil_Name-4","attackBase":200,"hpBase":3450000,"hpNumber":1000,"defBase":"0","speedBase":"100","reStun":"930","reCriticalHit":"930","reDoubleAttack":"930","reDodge":"930","reAttackBack":"930","reLifeSteal":"930","bigReward":"100010=10|100003=5000|100009=100","rewardHpNum":"40","boxReward":"150059=1"},"5":{"id":5,"monsterId":101010,"name":"UnionKillEvil_Name-5","attackBase":300,"hpBase":25170000,"hpNumber":2000,"defBase":"0","speedBase":"100","reStun":"1050","reCriticalHit":"1050","reDoubleAttack":"1050","reDodge":"1050","reAttackBack":"1050","reLifeSteal":"1050","bigReward":"100008=1|100003=5000|100009=100","rewardHpNum":"80","boxReward":"150059=1"},"6":{"id":6,"monsterId":104061,"name":"UnionKillEvil_Name-6","attackBase":400,"hpBase":131220000,"hpNumber":4000,"defBase":"0","speedBase":"100","reStun":"1275","reCriticalHit":"1275","reDoubleAttack":"1275","reDodge":"1275","reAttackBack":"1275","reLifeSteal":"1275","bigReward":"100023=1|100003=5000|100009=100","rewardHpNum":"80","boxReward":"150059=1"},"7":{"id":7,"monsterId":104051,"name":"UnionKillEvil_Name-7","attackBase":500,"hpBase":263110000,"hpNumber":10000,"defBase":"0","speedBase":"100","reStun":"1725","reCriticalHit":"1725","reDoubleAttack":"1725","reDodge":"1725","reAttackBack":"1725","reLifeSteal":"1725","bigReward":"100044=20|100003=10000|100009=100","rewardHpNum":"200","boxReward":"150059=1"},"8":{"id":8,"monsterId":104071,"name":"UnionKillEvil_Name-8","attackBase":500,"hpBase":625480000,"hpNumber":20000,"defBase":"0","speedBase":"100","reStun":"2400","reCriticalHit":"2400","reDoubleAttack":"2400","reDodge":"2400","reAttackBack":"2400","reLifeSteal":"2400","bigReward":"100047=20|100003=10000|100009=100","rewardHpNum":"400","boxReward":"150059=1"},"9":{"id":9,"monsterId":104081,"name":"UnionKillEvil_Name-9","attackBase":500,"hpBase":711900000,"hpNumber":40000,"defBase":"0","speedBase":"100","reStun":"2625","reCriticalHit":"2625","reDoubleAttack":"2625","reDodge":"2625","reAttackBack":"2625","reLifeSteal":"2625","bigReward":"100048=5|100003=10000|100009=100","rewardHpNum":"800","boxReward":"150059=1"},"10":{"id":10,"monsterId":101007,"name":"UnionKillEvil_Name-10","attackBase":500,"hpBase":715970000,"hpNumber":80000,"defBase":"0","speedBase":"100","reStun":"3075","reCriticalHit":"3075","reDoubleAttack":"3075","reDodge":"3075","reAttackBack":"3075","reLifeSteal":"3075","bigReward":"100006=1|100003=10000|100009=100","rewardHpNum":"1600","boxReward":"150059=1"}}