{"10001":{"id":10001,"quality":1,"level":1,"cost":"100059=40","needStar":0,"needLevel":156},"10002":{"id":10002,"quality":1,"level":2,"cost":"100059=40","needStar":0,"needLevel":156},"10003":{"id":10003,"quality":1,"level":3,"cost":"100059=40","needStar":0,"needLevel":156},"10004":{"id":10004,"quality":1,"level":4,"cost":"100059=40","needStar":0,"needLevel":156},"10005":{"id":10005,"quality":1,"level":5,"cost":"100059=40","needStar":0,"needLevel":156},"10006":{"id":10006,"quality":1,"level":6,"cost":"100059=80","needStar":0,"needLevel":236},"10007":{"id":10007,"quality":1,"level":7,"cost":"100059=80","needStar":0,"needLevel":251},"10008":{"id":10008,"quality":1,"level":8,"cost":"100059=80","needStar":0,"needLevel":266},"10009":{"id":10009,"quality":1,"level":9,"cost":"100059=80","needStar":0,"needLevel":276},"10010":{"id":10010,"quality":1,"level":10,"cost":"100059=80","needStar":0,"needLevel":286},"10011":{"id":10011,"quality":1,"level":11,"cost":"100058=40","needStar":0,"needLevel":296},"10012":{"id":10012,"quality":1,"level":12,"cost":"100058=40","needStar":0,"needLevel":306},"10013":{"id":10013,"quality":1,"level":13,"cost":"100058=40","needStar":0,"needLevel":316},"10014":{"id":10014,"quality":1,"level":14,"cost":"100058=40","needStar":0,"needLevel":326},"10015":{"id":10015,"quality":1,"level":15,"cost":"100058=40","needStar":0,"needLevel":336},"10016":{"id":10016,"quality":1,"level":16,"cost":"100058=80","needStar":0,"needLevel":346},"10017":{"id":10017,"quality":1,"level":17,"cost":"100058=80","needStar":0,"needLevel":356},"10018":{"id":10018,"quality":1,"level":18,"cost":"100058=80","needStar":0,"needLevel":365},"10019":{"id":10019,"quality":1,"level":19,"cost":"100058=80","needStar":0,"needLevel":375},"10020":{"id":10020,"quality":1,"level":20,"cost":"100058=80","needStar":0,"needLevel":385},"10021":{"id":10021,"quality":1,"level":21,"cost":"100057=40","needStar":0,"needLevel":393},"10022":{"id":10022,"quality":1,"level":22,"cost":"100057=40","needStar":0,"needLevel":401},"10023":{"id":10023,"quality":1,"level":23,"cost":"100057=40","needStar":0,"needLevel":409},"10024":{"id":10024,"quality":1,"level":24,"cost":"100057=40","needStar":0,"needLevel":417},"10025":{"id":10025,"quality":1,"level":25,"cost":"100057=40","needStar":0,"needLevel":425},"10026":{"id":10026,"quality":1,"level":26,"cost":"100057=80","needStar":0,"needLevel":431},"10027":{"id":10027,"quality":1,"level":27,"cost":"100057=80","needStar":0,"needLevel":437},"10028":{"id":10028,"quality":1,"level":28,"cost":"100057=80","needStar":0,"needLevel":443},"10029":{"id":10029,"quality":1,"level":29,"cost":"100057=80","needStar":0,"needLevel":449},"10030":{"id":10030,"quality":1,"level":30,"cost":"100057=80","needStar":0,"needLevel":455},"10031":{"id":10031,"quality":1,"level":31,"cost":"100056=40","needStar":0,"needLevel":463},"10032":{"id":10032,"quality":1,"level":32,"cost":"100056=40","needStar":0,"needLevel":471},"10033":{"id":10033,"quality":1,"level":33,"cost":"100056=40","needStar":0,"needLevel":479},"10034":{"id":10034,"quality":1,"level":34,"cost":"100056=40","needStar":0,"needLevel":487},"10035":{"id":10035,"quality":1,"level":35,"cost":"100056=40","needStar":0,"needLevel":495},"10036":{"id":10036,"quality":1,"level":36,"cost":"100056=80","needStar":0,"needLevel":503},"10037":{"id":10037,"quality":1,"level":37,"cost":"100056=80","needStar":0,"needLevel":511},"10038":{"id":10038,"quality":1,"level":38,"cost":"100056=80","needStar":0,"needLevel":519},"10039":{"id":10039,"quality":1,"level":39,"cost":"100056=80","needStar":0,"needLevel":527},"10040":{"id":10040,"quality":1,"level":40,"cost":"100056=80","needStar":0,"needLevel":535},"10041":{"id":10041,"quality":1,"level":41,"cost":"100056=120","needStar":0,"needLevel":541},"10042":{"id":10042,"quality":1,"level":42,"cost":"100056=120","needStar":0,"needLevel":547},"10043":{"id":10043,"quality":1,"level":43,"cost":"100056=120","needStar":0,"needLevel":553},"10044":{"id":10044,"quality":1,"level":44,"cost":"100056=120","needStar":0,"needLevel":559},"10045":{"id":10045,"quality":1,"level":45,"cost":"100056=120","needStar":0,"needLevel":565},"10046":{"id":10046,"quality":1,"level":46,"cost":"100056=160","needStar":0,"needLevel":571},"10047":{"id":10047,"quality":1,"level":47,"cost":"100056=160","needStar":0,"needLevel":577},"10048":{"id":10048,"quality":1,"level":48,"cost":"100056=160","needStar":0,"needLevel":583},"10049":{"id":10049,"quality":1,"level":49,"cost":"100056=160","needStar":0,"needLevel":589},"10050":{"id":10050,"quality":1,"level":50,"cost":"0","needStar":0,"needLevel":595},"20001":{"id":20001,"quality":2,"level":1,"cost":"100059=40","needStar":0,"needLevel":156},"20002":{"id":20002,"quality":2,"level":2,"cost":"100059=40","needStar":0,"needLevel":156},"20003":{"id":20003,"quality":2,"level":3,"cost":"100059=40","needStar":0,"needLevel":156},"20004":{"id":20004,"quality":2,"level":4,"cost":"100059=40","needStar":0,"needLevel":156},"20005":{"id":20005,"quality":2,"level":5,"cost":"100059=40","needStar":0,"needLevel":156},"20006":{"id":20006,"quality":2,"level":6,"cost":"100059=80","needStar":0,"needLevel":236},"20007":{"id":20007,"quality":2,"level":7,"cost":"100059=80","needStar":0,"needLevel":251},"20008":{"id":20008,"quality":2,"level":8,"cost":"100059=80","needStar":0,"needLevel":266},"20009":{"id":20009,"quality":2,"level":9,"cost":"100059=80","needStar":0,"needLevel":276},"20010":{"id":20010,"quality":2,"level":10,"cost":"100059=80","needStar":0,"needLevel":286},"20011":{"id":20011,"quality":2,"level":11,"cost":"100058=40","needStar":0,"needLevel":296},"20012":{"id":20012,"quality":2,"level":12,"cost":"100058=40","needStar":0,"needLevel":306},"20013":{"id":20013,"quality":2,"level":13,"cost":"100058=40","needStar":0,"needLevel":316},"20014":{"id":20014,"quality":2,"level":14,"cost":"100058=40","needStar":0,"needLevel":326},"20015":{"id":20015,"quality":2,"level":15,"cost":"100058=40","needStar":0,"needLevel":336},"20016":{"id":20016,"quality":2,"level":16,"cost":"100058=80","needStar":0,"needLevel":346},"20017":{"id":20017,"quality":2,"level":17,"cost":"100058=80","needStar":0,"needLevel":356},"20018":{"id":20018,"quality":2,"level":18,"cost":"100058=80","needStar":0,"needLevel":365},"20019":{"id":20019,"quality":2,"level":19,"cost":"100058=80","needStar":0,"needLevel":375},"20020":{"id":20020,"quality":2,"level":20,"cost":"100058=80","needStar":0,"needLevel":385},"20021":{"id":20021,"quality":2,"level":21,"cost":"100057=40","needStar":0,"needLevel":393},"20022":{"id":20022,"quality":2,"level":22,"cost":"100057=40","needStar":0,"needLevel":401},"20023":{"id":20023,"quality":2,"level":23,"cost":"100057=40","needStar":0,"needLevel":409},"20024":{"id":20024,"quality":2,"level":24,"cost":"100057=40","needStar":0,"needLevel":417},"20025":{"id":20025,"quality":2,"level":25,"cost":"100057=40","needStar":0,"needLevel":425},"20026":{"id":20026,"quality":2,"level":26,"cost":"100057=80","needStar":0,"needLevel":431},"20027":{"id":20027,"quality":2,"level":27,"cost":"100057=80","needStar":0,"needLevel":437},"20028":{"id":20028,"quality":2,"level":28,"cost":"100057=80","needStar":0,"needLevel":443},"20029":{"id":20029,"quality":2,"level":29,"cost":"100057=80","needStar":0,"needLevel":449},"20030":{"id":20030,"quality":2,"level":30,"cost":"100057=80","needStar":0,"needLevel":455},"20031":{"id":20031,"quality":2,"level":31,"cost":"100056=40","needStar":0,"needLevel":463},"20032":{"id":20032,"quality":2,"level":32,"cost":"100056=40","needStar":0,"needLevel":471},"20033":{"id":20033,"quality":2,"level":33,"cost":"100056=40","needStar":0,"needLevel":479},"20034":{"id":20034,"quality":2,"level":34,"cost":"100056=40","needStar":0,"needLevel":487},"20035":{"id":20035,"quality":2,"level":35,"cost":"100056=40","needStar":0,"needLevel":495},"20036":{"id":20036,"quality":2,"level":36,"cost":"100056=80","needStar":0,"needLevel":503},"20037":{"id":20037,"quality":2,"level":37,"cost":"100056=80","needStar":0,"needLevel":511},"20038":{"id":20038,"quality":2,"level":38,"cost":"100056=80","needStar":0,"needLevel":519},"20039":{"id":20039,"quality":2,"level":39,"cost":"100056=80","needStar":0,"needLevel":527},"20040":{"id":20040,"quality":2,"level":40,"cost":"100056=80","needStar":0,"needLevel":535},"20041":{"id":20041,"quality":2,"level":41,"cost":"100056=120","needStar":0,"needLevel":541},"20042":{"id":20042,"quality":2,"level":42,"cost":"100056=120","needStar":0,"needLevel":547},"20043":{"id":20043,"quality":2,"level":43,"cost":"100056=120","needStar":0,"needLevel":553},"20044":{"id":20044,"quality":2,"level":44,"cost":"100056=120","needStar":0,"needLevel":559},"20045":{"id":20045,"quality":2,"level":45,"cost":"100056=120","needStar":0,"needLevel":565},"20046":{"id":20046,"quality":2,"level":46,"cost":"100056=160","needStar":0,"needLevel":571},"20047":{"id":20047,"quality":2,"level":47,"cost":"100056=160","needStar":0,"needLevel":577},"20048":{"id":20048,"quality":2,"level":48,"cost":"100056=160","needStar":0,"needLevel":583},"20049":{"id":20049,"quality":2,"level":49,"cost":"100056=160","needStar":0,"needLevel":589},"20050":{"id":20050,"quality":2,"level":50,"cost":"0","needStar":0,"needLevel":595},"30001":{"id":30001,"quality":3,"level":1,"cost":"100059=40","needStar":0,"needLevel":156},"30002":{"id":30002,"quality":3,"level":2,"cost":"100059=40","needStar":0,"needLevel":156},"30003":{"id":30003,"quality":3,"level":3,"cost":"100059=40","needStar":0,"needLevel":156},"30004":{"id":30004,"quality":3,"level":4,"cost":"100059=40","needStar":0,"needLevel":156},"30005":{"id":30005,"quality":3,"level":5,"cost":"100059=40","needStar":0,"needLevel":156},"30006":{"id":30006,"quality":3,"level":6,"cost":"100059=80","needStar":0,"needLevel":236},"30007":{"id":30007,"quality":3,"level":7,"cost":"100059=80","needStar":0,"needLevel":251},"30008":{"id":30008,"quality":3,"level":8,"cost":"100059=80","needStar":0,"needLevel":266},"30009":{"id":30009,"quality":3,"level":9,"cost":"100059=80","needStar":0,"needLevel":276},"30010":{"id":30010,"quality":3,"level":10,"cost":"100059=80","needStar":0,"needLevel":286},"30011":{"id":30011,"quality":3,"level":11,"cost":"100058=40","needStar":0,"needLevel":296},"30012":{"id":30012,"quality":3,"level":12,"cost":"100058=40","needStar":0,"needLevel":306},"30013":{"id":30013,"quality":3,"level":13,"cost":"100058=40","needStar":0,"needLevel":316},"30014":{"id":30014,"quality":3,"level":14,"cost":"100058=40","needStar":0,"needLevel":326},"30015":{"id":30015,"quality":3,"level":15,"cost":"100058=40","needStar":0,"needLevel":336},"30016":{"id":30016,"quality":3,"level":16,"cost":"100058=80","needStar":0,"needLevel":346},"30017":{"id":30017,"quality":3,"level":17,"cost":"100058=80","needStar":0,"needLevel":356},"30018":{"id":30018,"quality":3,"level":18,"cost":"100058=80","needStar":0,"needLevel":365},"30019":{"id":30019,"quality":3,"level":19,"cost":"100058=80","needStar":0,"needLevel":375},"30020":{"id":30020,"quality":3,"level":20,"cost":"100058=80","needStar":0,"needLevel":385},"30021":{"id":30021,"quality":3,"level":21,"cost":"100057=40","needStar":0,"needLevel":393},"30022":{"id":30022,"quality":3,"level":22,"cost":"100057=40","needStar":0,"needLevel":401},"30023":{"id":30023,"quality":3,"level":23,"cost":"100057=40","needStar":0,"needLevel":409},"30024":{"id":30024,"quality":3,"level":24,"cost":"100057=40","needStar":0,"needLevel":417},"30025":{"id":30025,"quality":3,"level":25,"cost":"100057=40","needStar":0,"needLevel":425},"30026":{"id":30026,"quality":3,"level":26,"cost":"100057=80","needStar":0,"needLevel":431},"30027":{"id":30027,"quality":3,"level":27,"cost":"100057=80","needStar":0,"needLevel":437},"30028":{"id":30028,"quality":3,"level":28,"cost":"100057=80","needStar":0,"needLevel":443},"30029":{"id":30029,"quality":3,"level":29,"cost":"100057=80","needStar":0,"needLevel":449},"30030":{"id":30030,"quality":3,"level":30,"cost":"100057=80","needStar":0,"needLevel":455},"30031":{"id":30031,"quality":3,"level":31,"cost":"100056=40","needStar":0,"needLevel":463},"30032":{"id":30032,"quality":3,"level":32,"cost":"100056=40","needStar":0,"needLevel":471},"30033":{"id":30033,"quality":3,"level":33,"cost":"100056=40","needStar":0,"needLevel":479},"30034":{"id":30034,"quality":3,"level":34,"cost":"100056=40","needStar":0,"needLevel":487},"30035":{"id":30035,"quality":3,"level":35,"cost":"100056=40","needStar":0,"needLevel":495},"30036":{"id":30036,"quality":3,"level":36,"cost":"100056=80","needStar":0,"needLevel":503},"30037":{"id":30037,"quality":3,"level":37,"cost":"100056=80","needStar":0,"needLevel":511},"30038":{"id":30038,"quality":3,"level":38,"cost":"100056=80","needStar":0,"needLevel":519},"30039":{"id":30039,"quality":3,"level":39,"cost":"100056=80","needStar":0,"needLevel":527},"30040":{"id":30040,"quality":3,"level":40,"cost":"100056=80","needStar":0,"needLevel":535},"30041":{"id":30041,"quality":3,"level":41,"cost":"100056=120","needStar":0,"needLevel":541},"30042":{"id":30042,"quality":3,"level":42,"cost":"100056=120","needStar":0,"needLevel":547},"30043":{"id":30043,"quality":3,"level":43,"cost":"100056=120","needStar":0,"needLevel":553},"30044":{"id":30044,"quality":3,"level":44,"cost":"100056=120","needStar":0,"needLevel":559},"30045":{"id":30045,"quality":3,"level":45,"cost":"100056=120","needStar":0,"needLevel":565},"30046":{"id":30046,"quality":3,"level":46,"cost":"100056=160","needStar":0,"needLevel":571},"30047":{"id":30047,"quality":3,"level":47,"cost":"100056=160","needStar":0,"needLevel":577},"30048":{"id":30048,"quality":3,"level":48,"cost":"100056=160","needStar":0,"needLevel":583},"30049":{"id":30049,"quality":3,"level":49,"cost":"100056=160","needStar":0,"needLevel":589},"30050":{"id":30050,"quality":3,"level":50,"cost":"0","needStar":0,"needLevel":595},"40001":{"id":40001,"quality":4,"level":1,"cost":"100059=40","needStar":0,"needLevel":156},"40002":{"id":40002,"quality":4,"level":2,"cost":"100059=40","needStar":0,"needLevel":156},"40003":{"id":40003,"quality":4,"level":3,"cost":"100059=40","needStar":0,"needLevel":156},"40004":{"id":40004,"quality":4,"level":4,"cost":"100059=40","needStar":0,"needLevel":156},"40005":{"id":40005,"quality":4,"level":5,"cost":"100059=40","needStar":0,"needLevel":156},"40006":{"id":40006,"quality":4,"level":6,"cost":"100059=80","needStar":0,"needLevel":236},"40007":{"id":40007,"quality":4,"level":7,"cost":"100059=80","needStar":0,"needLevel":251},"40008":{"id":40008,"quality":4,"level":8,"cost":"100059=80","needStar":0,"needLevel":266},"40009":{"id":40009,"quality":4,"level":9,"cost":"100059=80","needStar":0,"needLevel":276},"40010":{"id":40010,"quality":4,"level":10,"cost":"100059=80","needStar":0,"needLevel":286},"40011":{"id":40011,"quality":4,"level":11,"cost":"100058=40","needStar":0,"needLevel":296},"40012":{"id":40012,"quality":4,"level":12,"cost":"100058=40","needStar":0,"needLevel":306},"40013":{"id":40013,"quality":4,"level":13,"cost":"100058=40","needStar":0,"needLevel":316},"40014":{"id":40014,"quality":4,"level":14,"cost":"100058=40","needStar":0,"needLevel":326},"40015":{"id":40015,"quality":4,"level":15,"cost":"100058=40","needStar":0,"needLevel":336},"40016":{"id":40016,"quality":4,"level":16,"cost":"100058=80","needStar":0,"needLevel":346},"40017":{"id":40017,"quality":4,"level":17,"cost":"100058=80","needStar":0,"needLevel":356},"40018":{"id":40018,"quality":4,"level":18,"cost":"100058=80","needStar":0,"needLevel":365},"40019":{"id":40019,"quality":4,"level":19,"cost":"100058=80","needStar":0,"needLevel":375},"40020":{"id":40020,"quality":4,"level":20,"cost":"100058=80","needStar":0,"needLevel":385},"40021":{"id":40021,"quality":4,"level":21,"cost":"100057=40","needStar":0,"needLevel":393},"40022":{"id":40022,"quality":4,"level":22,"cost":"100057=40","needStar":0,"needLevel":401},"40023":{"id":40023,"quality":4,"level":23,"cost":"100057=40","needStar":0,"needLevel":409},"40024":{"id":40024,"quality":4,"level":24,"cost":"100057=40","needStar":0,"needLevel":417},"40025":{"id":40025,"quality":4,"level":25,"cost":"100057=40","needStar":0,"needLevel":425},"40026":{"id":40026,"quality":4,"level":26,"cost":"100057=80","needStar":0,"needLevel":431},"40027":{"id":40027,"quality":4,"level":27,"cost":"100057=80","needStar":0,"needLevel":437},"40028":{"id":40028,"quality":4,"level":28,"cost":"100057=80","needStar":0,"needLevel":443},"40029":{"id":40029,"quality":4,"level":29,"cost":"100057=80","needStar":0,"needLevel":449},"40030":{"id":40030,"quality":4,"level":30,"cost":"100057=80","needStar":0,"needLevel":455},"40031":{"id":40031,"quality":4,"level":31,"cost":"100056=40","needStar":0,"needLevel":463},"40032":{"id":40032,"quality":4,"level":32,"cost":"100056=40","needStar":0,"needLevel":471},"40033":{"id":40033,"quality":4,"level":33,"cost":"100056=40","needStar":0,"needLevel":479},"40034":{"id":40034,"quality":4,"level":34,"cost":"100056=40","needStar":0,"needLevel":487},"40035":{"id":40035,"quality":4,"level":35,"cost":"100056=40","needStar":0,"needLevel":495},"40036":{"id":40036,"quality":4,"level":36,"cost":"100056=80","needStar":0,"needLevel":503},"40037":{"id":40037,"quality":4,"level":37,"cost":"100056=80","needStar":0,"needLevel":511},"40038":{"id":40038,"quality":4,"level":38,"cost":"100056=80","needStar":0,"needLevel":519},"40039":{"id":40039,"quality":4,"level":39,"cost":"100056=80","needStar":0,"needLevel":527},"40040":{"id":40040,"quality":4,"level":40,"cost":"100056=80","needStar":0,"needLevel":535},"40041":{"id":40041,"quality":4,"level":41,"cost":"100056=120","needStar":0,"needLevel":541},"40042":{"id":40042,"quality":4,"level":42,"cost":"100056=120","needStar":0,"needLevel":547},"40043":{"id":40043,"quality":4,"level":43,"cost":"100056=120","needStar":0,"needLevel":553},"40044":{"id":40044,"quality":4,"level":44,"cost":"100056=120","needStar":0,"needLevel":559},"40045":{"id":40045,"quality":4,"level":45,"cost":"100056=120","needStar":0,"needLevel":565},"40046":{"id":40046,"quality":4,"level":46,"cost":"100056=160","needStar":0,"needLevel":571},"40047":{"id":40047,"quality":4,"level":47,"cost":"100056=160","needStar":0,"needLevel":577},"40048":{"id":40048,"quality":4,"level":48,"cost":"100056=160","needStar":0,"needLevel":583},"40049":{"id":40049,"quality":4,"level":49,"cost":"100056=160","needStar":0,"needLevel":589},"40050":{"id":40050,"quality":4,"level":50,"cost":"0","needStar":0,"needLevel":595}}