{"1100":{"id":1100,"type":1,"quality":1,"icon":1100,"effectId":131100,"itemId":171100,"stoneNum":1,"stoneUnlock":"25","stoneType":"1|2|3","combineId":11005},"1101":{"id":1101,"type":1,"quality":1,"icon":1101,"effectId":131101,"itemId":171101,"stoneNum":1,"stoneUnlock":"25","stoneType":"1|2|3","combineId":11001},"1102":{"id":1102,"type":1,"quality":1,"icon":1102,"effectId":131102,"itemId":171102,"stoneNum":1,"stoneUnlock":"25","stoneType":"1|2|3","combineId":11020},"1200":{"id":1200,"type":1,"quality":2,"icon":1200,"effectId":131200,"itemId":171200,"stoneNum":1,"stoneUnlock":"25","stoneType":"1|2|3","combineId":11001},"1201":{"id":1201,"type":1,"quality":2,"icon":1201,"effectId":131201,"itemId":171201,"stoneNum":1,"stoneUnlock":"25","stoneType":"1|2|3","combineId":11006},"1202":{"id":1202,"type":1,"quality":2,"icon":1202,"effectId":131202,"itemId":171202,"stoneNum":1,"stoneUnlock":"25","stoneType":"1|2|3","combineId":11015},"1203":{"id":1203,"type":1,"quality":2,"icon":1203,"effectId":131203,"itemId":171203,"stoneNum":1,"stoneUnlock":"25","stoneType":"1|2|3","combineId":11020},"1300":{"id":1300,"type":1,"quality":3,"icon":1300,"effectId":131300,"itemId":171300,"stoneNum":2,"stoneUnlock":"25|50","stoneType":"1|2|3","combineId":11009},"1301":{"id":1301,"type":1,"quality":3,"icon":1301,"effectId":131301,"itemId":171301,"stoneNum":2,"stoneUnlock":"25|50","stoneType":"1|2|3","combineId":11012},"1302":{"id":1302,"type":1,"quality":3,"icon":1302,"effectId":131302,"itemId":171302,"stoneNum":2,"stoneUnlock":"25|50","stoneType":"1|2|3","combineId":11016},"1303":{"id":1303,"type":1,"quality":3,"icon":1303,"effectId":131303,"itemId":171303,"stoneNum":2,"stoneUnlock":"25|50","stoneType":"1|2|3","combineId":11005},"1304":{"id":1304,"type":1,"quality":3,"icon":1304,"effectId":131304,"itemId":171304,"stoneNum":2,"stoneUnlock":"25|50","stoneType":"1|2|3","combineId":11021},"1400":{"id":1400,"type":1,"quality":4,"icon":1400,"effectId":131400,"itemId":171400,"stoneNum":2,"stoneUnlock":"25|50","stoneType":"1|2|3","combineId":11015},"1401":{"id":1401,"type":1,"quality":4,"icon":1401,"effectId":131401,"itemId":171401,"stoneNum":2,"stoneUnlock":"25|50","stoneType":"1|2|3","combineId":11010},"1402":{"id":1402,"type":1,"quality":4,"icon":1402,"effectId":131402,"itemId":171402,"stoneNum":2,"stoneUnlock":"25|50","stoneType":"1|2|3","combineId":11015},"1403":{"id":1403,"type":1,"quality":4,"icon":1403,"effectId":131403,"itemId":171403,"stoneNum":2,"stoneUnlock":"25|50","stoneType":"1|2|3","combineId":11017},"1404":{"id":1404,"type":1,"quality":4,"icon":1404,"effectId":131404,"itemId":171404,"stoneNum":2,"stoneUnlock":"25|50","stoneType":"1|2|3","combineId":11013},"1405":{"id":1405,"type":1,"quality":4,"icon":1405,"effectId":131405,"itemId":171405,"stoneNum":2,"stoneUnlock":"25|50","stoneType":"1|2|3","combineId":11013},"1406":{"id":1406,"type":1,"quality":4,"icon":1406,"effectId":131406,"itemId":171406,"stoneNum":2,"stoneUnlock":"25|50","stoneType":"1|2|3","combineId":11019},"2100":{"id":2100,"type":2,"quality":1,"icon":2100,"effectId":132100,"itemId":172100,"stoneNum":1,"stoneUnlock":"25","stoneType":"4|5|6","combineId":11006},"2101":{"id":2101,"type":2,"quality":1,"icon":2101,"effectId":132101,"itemId":172101,"stoneNum":1,"stoneUnlock":"25","stoneType":"4|5|6","combineId":11003},"2102":{"id":2102,"type":2,"quality":1,"icon":2102,"effectId":132102,"itemId":172102,"stoneNum":1,"stoneUnlock":"25","stoneType":"4|5|6","combineId":11020},"2200":{"id":2200,"type":2,"quality":2,"icon":2200,"effectId":132200,"itemId":172200,"stoneNum":1,"stoneUnlock":"25","stoneType":"4|5|6","combineId":11003},"2201":{"id":2201,"type":2,"quality":2,"icon":2201,"effectId":132201,"itemId":172201,"stoneNum":1,"stoneUnlock":"25","stoneType":"4|5|6","combineId":11001},"2202":{"id":2202,"type":2,"quality":2,"icon":2202,"effectId":132202,"itemId":172202,"stoneNum":1,"stoneUnlock":"25","stoneType":"4|5|6","combineId":11008},"2203":{"id":2203,"type":2,"quality":2,"icon":2203,"effectId":132203,"itemId":172203,"stoneNum":1,"stoneUnlock":"25","stoneType":"4|5|6","combineId":11019},"2300":{"id":2300,"type":2,"quality":3,"icon":2300,"effectId":132300,"itemId":172300,"stoneNum":2,"stoneUnlock":"25|50","stoneType":"4|5|6","combineId":11007},"2301":{"id":2301,"type":2,"quality":3,"icon":2301,"effectId":132301,"itemId":172301,"stoneNum":2,"stoneUnlock":"25|50","stoneType":"4|5|6","combineId":11007},"2302":{"id":2302,"type":2,"quality":3,"icon":2302,"effectId":132302,"itemId":172302,"stoneNum":2,"stoneUnlock":"25|50","stoneType":"4|5|6","combineId":11004},"2303":{"id":2303,"type":2,"quality":3,"icon":2303,"effectId":132303,"itemId":172303,"stoneNum":2,"stoneUnlock":"25|50","stoneType":"4|5|6","combineId":11009},"2304":{"id":2304,"type":2,"quality":3,"icon":2304,"effectId":132304,"itemId":172304,"stoneNum":2,"stoneUnlock":"25|50","stoneType":"4|5|6","combineId":11019},"2400":{"id":2400,"type":2,"quality":4,"icon":2400,"effectId":132400,"itemId":172400,"stoneNum":2,"stoneUnlock":"25|50","stoneType":"4|5|6","combineId":11012},"2401":{"id":2401,"type":2,"quality":4,"icon":2401,"effectId":132401,"itemId":172401,"stoneNum":2,"stoneUnlock":"25|50","stoneType":"4|5|6","combineId":11007},"2402":{"id":2402,"type":2,"quality":4,"icon":2402,"effectId":132402,"itemId":172402,"stoneNum":2,"stoneUnlock":"25|50","stoneType":"4|5|6","combineId":11017},"2403":{"id":2403,"type":2,"quality":4,"icon":2403,"effectId":132403,"itemId":172403,"stoneNum":2,"stoneUnlock":"25|50","stoneType":"4|5|6","combineId":11016},"2404":{"id":2404,"type":2,"quality":4,"icon":2404,"effectId":132404,"itemId":172404,"stoneNum":2,"stoneUnlock":"25|50","stoneType":"4|5|6","combineId":11014},"2405":{"id":2405,"type":2,"quality":4,"icon":2405,"effectId":132405,"itemId":172405,"stoneNum":2,"stoneUnlock":"25|50","stoneType":"4|5|6","combineId":11015},"2406":{"id":2406,"type":2,"quality":4,"icon":2406,"effectId":132406,"itemId":172406,"stoneNum":2,"stoneUnlock":"25|50","stoneType":"4|5|6","combineId":11018},"3100":{"id":3100,"type":3,"quality":1,"icon":3100,"effectId":133100,"itemId":173100,"stoneNum":1,"stoneUnlock":"25","stoneType":"7|8|9","combineId":11002},"3101":{"id":3101,"type":3,"quality":1,"icon":3101,"effectId":133101,"itemId":173101,"stoneNum":1,"stoneUnlock":"25","stoneType":"7|8|9","combineId":11014},"3102":{"id":3102,"type":3,"quality":1,"icon":3102,"effectId":133102,"itemId":173102,"stoneNum":1,"stoneUnlock":"25","stoneType":"7|8|9","combineId":11020},"3200":{"id":3200,"type":3,"quality":2,"icon":3200,"effectId":133200,"itemId":173200,"stoneNum":1,"stoneUnlock":"25","stoneType":"7|8|9","combineId":11002},"3201":{"id":3201,"type":3,"quality":2,"icon":3201,"effectId":133201,"itemId":173201,"stoneNum":1,"stoneUnlock":"25","stoneType":"7|8|9","combineId":11011},"3202":{"id":3202,"type":3,"quality":2,"icon":3202,"effectId":133202,"itemId":173202,"stoneNum":1,"stoneUnlock":"25","stoneType":"7|8|9","combineId":11006},"3203":{"id":3203,"type":3,"quality":2,"icon":3203,"effectId":133203,"itemId":173203,"stoneNum":1,"stoneUnlock":"25","stoneType":"7|8|9","combineId":11018},"3300":{"id":3300,"type":3,"quality":3,"icon":3300,"effectId":133300,"itemId":173300,"stoneNum":2,"stoneUnlock":"25|50","stoneType":"7|8|9","combineId":11014},"3301":{"id":3301,"type":3,"quality":3,"icon":3301,"effectId":133301,"itemId":173301,"stoneNum":2,"stoneUnlock":"25|50","stoneType":"7|8|9","combineId":11003},"3302":{"id":3302,"type":3,"quality":3,"icon":3302,"effectId":133302,"itemId":173302,"stoneNum":2,"stoneUnlock":"25|50","stoneType":"7|8|9","combineId":11010},"3303":{"id":3303,"type":3,"quality":3,"icon":3303,"effectId":133303,"itemId":173303,"stoneNum":2,"stoneUnlock":"25|50","stoneType":"7|8|9","combineId":11004},"3304":{"id":3304,"type":3,"quality":3,"icon":3304,"effectId":133304,"itemId":173304,"stoneNum":2,"stoneUnlock":"25|50","stoneType":"7|8|9","combineId":11018},"3400":{"id":3400,"type":3,"quality":4,"icon":3400,"effectId":133400,"itemId":173400,"stoneNum":2,"stoneUnlock":"25|50","stoneType":"7|8|9","combineId":11016},"3401":{"id":3401,"type":3,"quality":4,"icon":3401,"effectId":133401,"itemId":173401,"stoneNum":2,"stoneUnlock":"25|50","stoneType":"7|8|9","combineId":11010},"3402":{"id":3402,"type":3,"quality":4,"icon":3402,"effectId":133402,"itemId":173402,"stoneNum":2,"stoneUnlock":"25|50","stoneType":"7|8|9","combineId":11008},"3403":{"id":3403,"type":3,"quality":4,"icon":3403,"effectId":133403,"itemId":173403,"stoneNum":2,"stoneUnlock":"25|50","stoneType":"7|8|9","combineId":11011},"3404":{"id":3404,"type":3,"quality":4,"icon":3404,"effectId":133404,"itemId":173404,"stoneNum":2,"stoneUnlock":"25|50","stoneType":"7|8|9","combineId":11009},"3405":{"id":3405,"type":3,"quality":4,"icon":3405,"effectId":133405,"itemId":173405,"stoneNum":2,"stoneUnlock":"25|50","stoneType":"7|8|9","combineId":11014},"3406":{"id":3406,"type":3,"quality":4,"icon":3406,"effectId":133406,"itemId":173406,"stoneNum":2,"stoneUnlock":"25|50","stoneType":"7|8|9","combineId":11021},"4100":{"id":4100,"type":4,"quality":1,"icon":4100,"effectId":134100,"itemId":174100,"stoneNum":1,"stoneUnlock":"25","stoneType":"10|11|12","combineId":11011},"4101":{"id":4101,"type":4,"quality":1,"icon":4101,"effectId":134101,"itemId":174101,"stoneNum":1,"stoneUnlock":"25","stoneType":"10|11|12","combineId":11012},"4102":{"id":4102,"type":4,"quality":1,"icon":4102,"effectId":134102,"itemId":174102,"stoneNum":1,"stoneUnlock":"25","stoneType":"10|11|12","combineId":11019},"4200":{"id":4200,"type":4,"quality":2,"icon":4200,"effectId":134200,"itemId":174200,"stoneNum":1,"stoneUnlock":"25","stoneType":"10|11|12","combineId":11009},"4201":{"id":4201,"type":4,"quality":2,"icon":4201,"effectId":134201,"itemId":174201,"stoneNum":1,"stoneUnlock":"25","stoneType":"10|11|12","combineId":11004},"4202":{"id":4202,"type":4,"quality":2,"icon":4202,"effectId":134202,"itemId":174202,"stoneNum":1,"stoneUnlock":"25","stoneType":"10|11|12","combineId":11005},"4203":{"id":4203,"type":4,"quality":2,"icon":4203,"effectId":134203,"itemId":174203,"stoneNum":1,"stoneUnlock":"25","stoneType":"10|11|12","combineId":11021},"4300":{"id":4300,"type":4,"quality":3,"icon":4300,"effectId":134300,"itemId":174300,"stoneNum":2,"stoneUnlock":"25|50","stoneType":"10|11|12","combineId":11005},"4301":{"id":4301,"type":4,"quality":3,"icon":4301,"effectId":134301,"itemId":174301,"stoneNum":2,"stoneUnlock":"25|50","stoneType":"10|11|12","combineId":11017},"4302":{"id":4302,"type":4,"quality":3,"icon":4302,"effectId":134302,"itemId":174302,"stoneNum":2,"stoneUnlock":"25|50","stoneType":"10|11|12","combineId":11002},"4303":{"id":4303,"type":4,"quality":3,"icon":4303,"effectId":134303,"itemId":174303,"stoneNum":2,"stoneUnlock":"25|50","stoneType":"10|11|12","combineId":11008},"4304":{"id":4304,"type":4,"quality":3,"icon":4304,"effectId":134304,"itemId":174304,"stoneNum":2,"stoneUnlock":"25|50","stoneType":"10|11|12","combineId":11018},"4400":{"id":4400,"type":4,"quality":4,"icon":4400,"effectId":134400,"itemId":174400,"stoneNum":2,"stoneUnlock":"25|50","stoneType":"10|11|12","combineId":11012},"4401":{"id":4401,"type":4,"quality":4,"icon":4401,"effectId":134401,"itemId":174401,"stoneNum":2,"stoneUnlock":"25|50","stoneType":"10|11|12","combineId":11011},"4402":{"id":4402,"type":4,"quality":4,"icon":4402,"effectId":134402,"itemId":174402,"stoneNum":2,"stoneUnlock":"25|50","stoneType":"10|11|12","combineId":11006},"4403":{"id":4403,"type":4,"quality":4,"icon":4403,"effectId":134403,"itemId":174403,"stoneNum":2,"stoneUnlock":"25|50","stoneType":"10|11|12","combineId":11013},"4404":{"id":4404,"type":4,"quality":4,"icon":4404,"effectId":134404,"itemId":174404,"stoneNum":2,"stoneUnlock":"25|50","stoneType":"10|11|12","combineId":11016},"4405":{"id":4405,"type":4,"quality":4,"icon":4405,"effectId":134405,"itemId":174405,"stoneNum":2,"stoneUnlock":"25|50","stoneType":"10|11|12","combineId":11017},"4406":{"id":4406,"type":4,"quality":4,"icon":4406,"effectId":134406,"itemId":174406,"stoneNum":2,"stoneUnlock":"25|50","stoneType":"10|11|12","combineId":11021},"5001":{"id":5001,"type":5,"quality":0,"icon":0,"effectId":135001,"itemId":0,"stoneNum":0,"stoneUnlock":"0","stoneType":"0","combineId":0},"5002":{"id":5002,"type":5,"quality":0,"icon":0,"effectId":135002,"itemId":0,"stoneNum":0,"stoneUnlock":"0","stoneType":"0","combineId":0}}