{"10001":{"id":10001,"quality":1,"level":1,"num":50,"cost":"0","attriEffectUp":1,"effectUp":0},"10002":{"id":10002,"quality":1,"level":2,"num":50,"cost":"0","attriEffectUp":2,"effectUp":100},"10003":{"id":10003,"quality":1,"level":3,"num":100,"cost":"0","attriEffectUp":3,"effectUp":200},"10004":{"id":10004,"quality":1,"level":4,"num":200,"cost":"0","attriEffectUp":4,"effectUp":300},"10005":{"id":10005,"quality":1,"level":5,"num":0,"cost":"100063=600","attriEffectUp":5,"effectUp":400},"10006":{"id":10006,"quality":1,"level":6,"num":0,"cost":"100063=900","attriEffectUp":8,"effectUp":700},"10007":{"id":10007,"quality":1,"level":7,"num":0,"cost":"100063=1200","attriEffectUp":11,"effectUp":1000},"10008":{"id":10008,"quality":1,"level":8,"num":0,"cost":"100063=1500","attriEffectUp":14,"effectUp":1300},"10009":{"id":10009,"quality":1,"level":9,"num":0,"cost":"100063=2000","attriEffectUp":17,"effectUp":1600},"10010":{"id":10010,"quality":1,"level":10,"num":0,"cost":"0","attriEffectUp":20,"effectUp":1900},"20001":{"id":20001,"quality":2,"level":1,"num":50,"cost":"0","attriEffectUp":1,"effectUp":0},"20002":{"id":20002,"quality":2,"level":2,"num":50,"cost":"0","attriEffectUp":2,"effectUp":100},"20003":{"id":20003,"quality":2,"level":3,"num":100,"cost":"0","attriEffectUp":3,"effectUp":200},"20004":{"id":20004,"quality":2,"level":4,"num":200,"cost":"0","attriEffectUp":4,"effectUp":300},"20005":{"id":20005,"quality":2,"level":5,"num":0,"cost":"100062=600","attriEffectUp":5,"effectUp":400},"20006":{"id":20006,"quality":2,"level":6,"num":0,"cost":"100062=900","attriEffectUp":8,"effectUp":700},"20007":{"id":20007,"quality":2,"level":7,"num":0,"cost":"100062=1200","attriEffectUp":11,"effectUp":1000},"20008":{"id":20008,"quality":2,"level":8,"num":0,"cost":"100062=1500","attriEffectUp":14,"effectUp":1300},"20009":{"id":20009,"quality":2,"level":9,"num":0,"cost":"100062=2000","attriEffectUp":17,"effectUp":1600},"20010":{"id":20010,"quality":2,"level":10,"num":0,"cost":"0","attriEffectUp":20,"effectUp":1900},"30001":{"id":30001,"quality":3,"level":1,"num":50,"cost":"0","attriEffectUp":1,"effectUp":0},"30002":{"id":30002,"quality":3,"level":2,"num":50,"cost":"0","attriEffectUp":2,"effectUp":100},"30003":{"id":30003,"quality":3,"level":3,"num":100,"cost":"0","attriEffectUp":3,"effectUp":200},"30004":{"id":30004,"quality":3,"level":4,"num":200,"cost":"0","attriEffectUp":4,"effectUp":300},"30005":{"id":30005,"quality":3,"level":5,"num":0,"cost":"100061=600","attriEffectUp":5,"effectUp":400},"30006":{"id":30006,"quality":3,"level":6,"num":0,"cost":"100061=900","attriEffectUp":8,"effectUp":700},"30007":{"id":30007,"quality":3,"level":7,"num":0,"cost":"100061=1200","attriEffectUp":11,"effectUp":1000},"30008":{"id":30008,"quality":3,"level":8,"num":0,"cost":"100061=1500","attriEffectUp":14,"effectUp":1300},"30009":{"id":30009,"quality":3,"level":9,"num":0,"cost":"100061=2000","attriEffectUp":17,"effectUp":1600},"30010":{"id":30010,"quality":3,"level":10,"num":0,"cost":"0","attriEffectUp":20,"effectUp":1900},"40001":{"id":40001,"quality":4,"level":1,"num":50,"cost":"0","attriEffectUp":1,"effectUp":0},"40002":{"id":40002,"quality":4,"level":2,"num":50,"cost":"0","attriEffectUp":2,"effectUp":100},"40003":{"id":40003,"quality":4,"level":3,"num":100,"cost":"0","attriEffectUp":3,"effectUp":200},"40004":{"id":40004,"quality":4,"level":4,"num":200,"cost":"0","attriEffectUp":4,"effectUp":300},"40005":{"id":40005,"quality":4,"level":5,"num":0,"cost":"100060=600","attriEffectUp":5,"effectUp":400},"40006":{"id":40006,"quality":4,"level":6,"num":0,"cost":"100060=900","attriEffectUp":8,"effectUp":700},"40007":{"id":40007,"quality":4,"level":7,"num":0,"cost":"100060=1200","attriEffectUp":11,"effectUp":1000},"40008":{"id":40008,"quality":4,"level":8,"num":0,"cost":"100060=1500","attriEffectUp":14,"effectUp":1300},"40009":{"id":40009,"quality":4,"level":9,"num":0,"cost":"100060=2000","attriEffectUp":17,"effectUp":1600},"40010":{"id":40010,"quality":4,"level":10,"num":0,"cost":"0","attriEffectUp":20,"effectUp":1900}}