{"111001":{"id":111001,"name":"Pet_Name-111001","desc":"Pet_Desc-111001","quality":1,"type":2,"weight":300,"appearanceScaleList":"800|550","appearanceRow":"0|0","appearanceId":"1110010","icon":"111001","activeSkill":30001,"activeSkillUpgrade":"0","gvgActiveSkill":70001,"passiveSkill":1,"hpBasic":400,"attackBasic":400,"defenseBasic":400,"hpAdd":10,"attackAdd":10,"defenseAdd":10,"hpStarAdd":100,"attackStarAdd":100,"defenseStarAdd":100,"createCost":"100010=30","backReward":"100009=480","levelCost":"100009=10","levelLimit":200,"starLimit":40,"combineId":10006},"111002":{"id":111002,"name":"Pet_Name-111002","desc":"Pet_Desc-111002","quality":1,"type":1,"weight":300,"appearanceScaleList":"800|550","appearanceRow":"0|0","appearanceId":"1110020","icon":"111002","activeSkill":30002,"activeSkillUpgrade":"0","gvgActiveSkill":70002,"passiveSkill":1,"hpBasic":400,"attackBasic":400,"defenseBasic":400,"hpAdd":10,"attackAdd":10,"defenseAdd":10,"hpStarAdd":100,"attackStarAdd":100,"defenseStarAdd":100,"createCost":"100010=30","backReward":"100009=480","levelCost":"100009=10","levelLimit":200,"starLimit":40,"combineId":10003},"111003":{"id":111003,"name":"Pet_Name-111003","desc":"Pet_Desc-111003","quality":1,"type":5,"weight":300,"appearanceScaleList":"800|550","appearanceRow":"0|0","appearanceId":"1110030","icon":"111003","activeSkill":30003,"activeSkillUpgrade":"0","gvgActiveSkill":70003,"passiveSkill":1,"hpBasic":400,"attackBasic":400,"defenseBasic":400,"hpAdd":10,"attackAdd":10,"defenseAdd":10,"hpStarAdd":100,"attackStarAdd":100,"defenseStarAdd":100,"createCost":"100010=30","backReward":"100009=480","levelCost":"100009=10","levelLimit":200,"starLimit":40,"combineId":10001},"111004":{"id":111004,"name":"Pet_Name-111004","desc":"Pet_Desc-111004","quality":1,"type":4,"weight":300,"appearanceScaleList":"800|550","appearanceRow":"0|0","appearanceId":"1110040","icon":"111004","activeSkill":30021,"activeSkillUpgrade":"0","gvgActiveSkill":70021,"passiveSkill":1,"hpBasic":400,"attackBasic":400,"defenseBasic":400,"hpAdd":10,"attackAdd":10,"defenseAdd":10,"hpStarAdd":100,"attackStarAdd":100,"defenseStarAdd":100,"createCost":"100010=30","backReward":"100009=480","levelCost":"100009=10","levelLimit":200,"starLimit":40,"combineId":10010},"111005":{"id":111005,"name":"Pet_Name-111005","desc":"Pet_Desc-111005","quality":1,"type":3,"weight":300,"appearanceScaleList":"800|550","appearanceRow":"0|0","appearanceId":"1110050","icon":"111005","activeSkill":30022,"activeSkillUpgrade":"0","gvgActiveSkill":70022,"passiveSkill":1,"hpBasic":400,"attackBasic":400,"defenseBasic":400,"hpAdd":10,"attackAdd":10,"defenseAdd":10,"hpStarAdd":100,"attackStarAdd":100,"defenseStarAdd":100,"createCost":"100010=30","backReward":"100009=480","levelCost":"100009=10","levelLimit":200,"starLimit":40,"combineId":10010},"112001":{"id":112001,"name":"Pet_Name-112001","desc":"Pet_Desc-112001","quality":2,"type":5,"weight":500,"appearanceScaleList":"800|600","appearanceRow":"0|0","appearanceId":"1120010","icon":"112001","activeSkill":30004,"activeSkillUpgrade":"0","gvgActiveSkill":70004,"passiveSkill":1,"hpBasic":600,"attackBasic":600,"defenseBasic":600,"hpAdd":15,"attackAdd":15,"defenseAdd":15,"hpStarAdd":150,"attackStarAdd":150,"defenseStarAdd":150,"createCost":"100010=80","backReward":"100009=1280","levelCost":"100009=20","levelLimit":200,"starLimit":40,"combineId":10005},"112002":{"id":112002,"name":"Pet_Name-112002","desc":"Pet_Desc-112002","quality":2,"type":4,"weight":500,"appearanceScaleList":"800|600","appearanceRow":"10|0","appearanceId":"1120020","icon":"112002","activeSkill":30005,"activeSkillUpgrade":"0","gvgActiveSkill":70005,"passiveSkill":1,"hpBasic":600,"attackBasic":600,"defenseBasic":600,"hpAdd":15,"attackAdd":15,"defenseAdd":15,"hpStarAdd":150,"attackStarAdd":150,"defenseStarAdd":150,"createCost":"100010=80","backReward":"100009=1280","levelCost":"100009=20","levelLimit":200,"starLimit":40,"combineId":10001},"112003":{"id":112003,"name":"Pet_Name-112003","desc":"Pet_Desc-112003","quality":2,"type":3,"weight":500,"appearanceScaleList":"800|600","appearanceRow":"0|0","appearanceId":"1120030","icon":"112003","activeSkill":30006,"activeSkillUpgrade":"0","gvgActiveSkill":70006,"passiveSkill":1,"hpBasic":600,"attackBasic":600,"defenseBasic":600,"hpAdd":15,"attackAdd":15,"defenseAdd":15,"hpStarAdd":150,"attackStarAdd":150,"defenseStarAdd":150,"createCost":"100010=80","backReward":"100009=1280","levelCost":"100009=20","levelLimit":200,"starLimit":40,"combineId":10003},"112004":{"id":112004,"name":"Pet_Name-112004","desc":"Pet_Desc-112004","quality":2,"type":2,"weight":500,"appearanceScaleList":"800|600","appearanceRow":"0|0","appearanceId":"1120040","icon":"112004","activeSkill":30007,"activeSkillUpgrade":"0","gvgActiveSkill":70007,"passiveSkill":1,"hpBasic":600,"attackBasic":600,"defenseBasic":600,"hpAdd":15,"attackAdd":15,"defenseAdd":15,"hpStarAdd":150,"attackStarAdd":150,"defenseStarAdd":150,"createCost":"100010=80","backReward":"100009=1280","levelCost":"100009=20","levelLimit":200,"starLimit":40,"combineId":10002},"112005":{"id":112005,"name":"Pet_Name-112005","desc":"Pet_Desc-112005","quality":2,"type":1,"weight":500,"appearanceScaleList":"800|600","appearanceRow":"0|0","appearanceId":"1120050","icon":"112005","activeSkill":30023,"activeSkillUpgrade":"0","gvgActiveSkill":70023,"passiveSkill":1,"hpBasic":600,"attackBasic":600,"defenseBasic":600,"hpAdd":15,"attackAdd":15,"defenseAdd":15,"hpStarAdd":150,"attackStarAdd":150,"defenseStarAdd":150,"createCost":"100010=80","backReward":"100009=1280","levelCost":"100009=20","levelLimit":200,"starLimit":40,"combineId":10010},"113001":{"id":113001,"name":"Pet_Name-113001","desc":"Pet_Desc-113001","quality":3,"type":3,"weight":160,"appearanceScaleList":"800|650","appearanceRow":"0|0","appearanceId":"1130010","icon":"113001","activeSkill":30008,"activeSkillUpgrade":"0","gvgActiveSkill":70008,"passiveSkill":2,"hpBasic":900,"attackBasic":900,"defenseBasic":900,"hpAdd":20,"attackAdd":20,"defenseAdd":20,"hpStarAdd":200,"attackStarAdd":200,"defenseStarAdd":200,"createCost":"100010=150","backReward":"100009=2400","levelCost":"100009=50","levelLimit":200,"starLimit":40,"combineId":10003},"113002":{"id":113002,"name":"Pet_Name-113002","desc":"Pet_Desc-113002","quality":3,"type":1,"weight":160,"appearanceScaleList":"800|650","appearanceRow":"0|0","appearanceId":"1130020","icon":"113002","activeSkill":30009,"activeSkillUpgrade":"0","gvgActiveSkill":70009,"passiveSkill":2,"hpBasic":900,"attackBasic":900,"defenseBasic":900,"hpAdd":20,"attackAdd":20,"defenseAdd":20,"hpStarAdd":200,"attackStarAdd":200,"defenseStarAdd":200,"createCost":"100010=150","backReward":"100009=2400","levelCost":"100009=50","levelLimit":200,"starLimit":40,"combineId":10005},"113003":{"id":113003,"name":"Pet_Name-113003","desc":"Pet_Desc-113003","quality":3,"type":4,"weight":160,"appearanceScaleList":"800|650","appearanceRow":"0|0","appearanceId":"1130030","icon":"113003","activeSkill":30010,"activeSkillUpgrade":"0","gvgActiveSkill":70010,"passiveSkill":2,"hpBasic":900,"attackBasic":900,"defenseBasic":900,"hpAdd":20,"attackAdd":20,"defenseAdd":20,"hpStarAdd":200,"attackStarAdd":200,"defenseStarAdd":200,"createCost":"100010=150","backReward":"100009=2400","levelCost":"100009=50","levelLimit":200,"starLimit":40,"combineId":10004},"113004":{"id":113004,"name":"Pet_Name-113004","desc":"Pet_Desc-113004","quality":3,"type":5,"weight":160,"appearanceScaleList":"800|650","appearanceRow":"20|0","appearanceId":"1130040","icon":"113004","activeSkill":30011,"activeSkillUpgrade":"0","gvgActiveSkill":70011,"passiveSkill":2,"hpBasic":900,"attackBasic":900,"defenseBasic":900,"hpAdd":20,"attackAdd":20,"defenseAdd":20,"hpStarAdd":200,"attackStarAdd":200,"defenseStarAdd":200,"createCost":"100010=150","backReward":"100009=2400","levelCost":"100009=50","levelLimit":200,"starLimit":40,"combineId":10005},"113005":{"id":113005,"name":"Pet_Name-113005","desc":"Pet_Desc-113005","quality":3,"type":4,"weight":160,"appearanceScaleList":"800|650","appearanceRow":"0|0","appearanceId":"1130050","icon":"113005","activeSkill":30012,"activeSkillUpgrade":"0","gvgActiveSkill":70012,"passiveSkill":2,"hpBasic":900,"attackBasic":900,"defenseBasic":900,"hpAdd":20,"attackAdd":20,"defenseAdd":20,"hpStarAdd":200,"attackStarAdd":200,"defenseStarAdd":200,"createCost":"100010=150","backReward":"100009=2400","levelCost":"100009=50","levelLimit":200,"starLimit":40,"combineId":10004},"113006":{"id":113006,"name":"Pet_Name-113006","desc":"Pet_Desc-113006","quality":3,"type":5,"weight":160,"appearanceScaleList":"800|650","appearanceRow":"0|-10","appearanceId":"1130060","icon":"113006","activeSkill":30024,"activeSkillUpgrade":"0","gvgActiveSkill":70024,"passiveSkill":2,"hpBasic":900,"attackBasic":900,"defenseBasic":900,"hpAdd":20,"attackAdd":20,"defenseAdd":20,"hpStarAdd":200,"attackStarAdd":200,"defenseStarAdd":200,"createCost":"100010=150","backReward":"100009=2400","levelCost":"100009=50","levelLimit":200,"starLimit":40,"combineId":10010},"113007":{"id":113007,"name":"Pet_Name-113007","desc":"Pet_Desc-113007","quality":3,"type":2,"weight":160,"appearanceScaleList":"800|650","appearanceRow":"0|0","appearanceId":"1130070","icon":"113007","activeSkill":30025,"activeSkillUpgrade":"0","gvgActiveSkill":70025,"passiveSkill":2,"hpBasic":900,"attackBasic":900,"defenseBasic":900,"hpAdd":20,"attackAdd":20,"defenseAdd":20,"hpStarAdd":200,"attackStarAdd":200,"defenseStarAdd":200,"createCost":"100010=150","backReward":"100009=2400","levelCost":"100009=50","levelLimit":200,"starLimit":40,"combineId":10012},"113008":{"id":113008,"name":"Pet_Name-113008","desc":"Pet_Desc-113008","quality":3,"type":2,"weight":160,"appearanceScaleList":"800|650","appearanceRow":"0|0","appearanceId":"1130080","icon":"113008","activeSkill":30026,"activeSkillUpgrade":"0","gvgActiveSkill":70026,"passiveSkill":2,"hpBasic":900,"attackBasic":900,"defenseBasic":900,"hpAdd":20,"attackAdd":20,"defenseAdd":20,"hpStarAdd":200,"attackStarAdd":200,"defenseStarAdd":200,"createCost":"100010=150","backReward":"100009=2400","levelCost":"100009=50","levelLimit":200,"starLimit":40,"combineId":10011},"114001":{"id":114001,"name":"Pet_Name-114001","desc":"Pet_Desc-114001","quality":4,"type":1,"weight":38,"appearanceScaleList":"800|650;800|750","appearanceRow":"0|0;0|0","appearanceId":"1140010|1141010","icon":"114001|114101","activeSkill":30013,"activeSkillUpgrade":"31013|32013|33013|34013","gvgActiveSkill":70013,"passiveSkill":3,"hpBasic":1200,"attackBasic":1200,"defenseBasic":1200,"hpAdd":25,"attackAdd":25,"defenseAdd":25,"hpStarAdd":250,"attackStarAdd":250,"defenseStarAdd":250,"createCost":"100010=300","backReward":"100009=4800","levelCost":"100009=100","levelLimit":200,"starLimit":40,"combineId":10007},"114002":{"id":114002,"name":"Pet_Name-114002","desc":"Pet_Desc-114002","quality":4,"type":5,"weight":38,"appearanceScaleList":"800|650;1100|750","appearanceRow":"0|0;0|0","appearanceId":"1140020|1141020","icon":"114002|114102","activeSkill":30014,"activeSkillUpgrade":"31014|32014|33014|34014","gvgActiveSkill":70014,"passiveSkill":3,"hpBasic":1200,"attackBasic":1200,"defenseBasic":1200,"hpAdd":25,"attackAdd":25,"defenseAdd":25,"hpStarAdd":250,"attackStarAdd":250,"defenseStarAdd":250,"createCost":"100010=300","backReward":"100009=4800","levelCost":"100009=100","levelLimit":200,"starLimit":40,"combineId":10008},"114003":{"id":114003,"name":"Pet_Name-114003","desc":"Pet_Desc-114003","quality":4,"type":3,"weight":38,"appearanceScaleList":"800|650;800|750","appearanceRow":"0|0;0|0","appearanceId":"1140030|1141030","icon":"114003|114103","activeSkill":30015,"activeSkillUpgrade":"31015|32015|33015|34015","gvgActiveSkill":70015,"passiveSkill":3,"hpBasic":1200,"attackBasic":1200,"defenseBasic":1200,"hpAdd":25,"attackAdd":25,"defenseAdd":25,"hpStarAdd":250,"attackStarAdd":250,"defenseStarAdd":250,"createCost":"100010=300","backReward":"100009=4800","levelCost":"100009=100","levelLimit":200,"starLimit":40,"combineId":10008},"114004":{"id":114004,"name":"Pet_Name-114004","desc":"Pet_Desc-114004","quality":4,"type":2,"weight":38,"appearanceScaleList":"800|650;800|850","appearanceRow":"0|0;0|0","appearanceId":"1140040|1141040","icon":"114004|114104","activeSkill":30016,"activeSkillUpgrade":"31016|32016|33016|34016","gvgActiveSkill":70016,"passiveSkill":3,"hpBasic":1200,"attackBasic":1200,"defenseBasic":1200,"hpAdd":25,"attackAdd":25,"defenseAdd":25,"hpStarAdd":250,"attackStarAdd":250,"defenseStarAdd":250,"createCost":"100010=300","backReward":"100009=4800","levelCost":"100009=100","levelLimit":200,"starLimit":40,"combineId":10006},"114005":{"id":114005,"name":"Pet_Name-114005","desc":"Pet_Desc-114005","quality":4,"type":4,"weight":38,"appearanceScaleList":"800|650;1100|1000","appearanceRow":"0|0;0|0","appearanceId":"1140050|1141050","icon":"114005|114105","activeSkill":30027,"activeSkillUpgrade":"31027|32027|33027|34027","gvgActiveSkill":70027,"passiveSkill":3,"hpBasic":1200,"attackBasic":1200,"defenseBasic":1200,"hpAdd":25,"attackAdd":25,"defenseAdd":25,"hpStarAdd":250,"attackStarAdd":250,"defenseStarAdd":250,"createCost":"100010=300","backReward":"100009=4800","levelCost":"100009=100","levelLimit":200,"starLimit":40,"combineId":10012},"114006":{"id":114006,"name":"Pet_Name-114006","desc":"Pet_Desc-114006","quality":4,"type":3,"weight":38,"appearanceScaleList":"800|650;1000|750","appearanceRow":"0|0;0|0","appearanceId":"1140060|1141060","icon":"114006|114106","activeSkill":30028,"activeSkillUpgrade":"31028|32028|33028|34028","gvgActiveSkill":70028,"passiveSkill":3,"hpBasic":1200,"attackBasic":1200,"defenseBasic":1200,"hpAdd":25,"attackAdd":25,"defenseAdd":25,"hpStarAdd":250,"attackStarAdd":250,"defenseStarAdd":250,"createCost":"100010=300","backReward":"100009=4800","levelCost":"100009=100","levelLimit":200,"starLimit":40,"combineId":10011},"114007":{"id":114007,"name":"Pet_Name-114007","desc":"Pet_Desc-114007","quality":4,"type":1,"weight":38,"appearanceScaleList":"800|650;1000|900","appearanceRow":"0|0;0|0","appearanceId":"1140070|1141070","icon":"114007|114107","activeSkill":30029,"activeSkillUpgrade":"31029|32029|33029|34029","gvgActiveSkill":70029,"passiveSkill":3,"hpBasic":1200,"attackBasic":1200,"defenseBasic":1200,"hpAdd":25,"attackAdd":25,"defenseAdd":25,"hpStarAdd":250,"attackStarAdd":250,"defenseStarAdd":250,"createCost":"100010=300","backReward":"100009=4800","levelCost":"100009=100","levelLimit":200,"starLimit":40,"combineId":10012},"115001":{"id":115001,"name":"Pet_Name-115001","desc":"Pet_Desc-115001","quality":5,"type":1,"weight":2,"appearanceScaleList":"800|650;800|1000","appearanceRow":"0|-20;0|-20","appearanceId":"1150010|1151010","icon":"115001|115101","activeSkill":30017,"activeSkillUpgrade":"31017|32017|33017|34017","gvgActiveSkill":70017,"passiveSkill":4,"hpBasic":1500,"attackBasic":1500,"defenseBasic":1500,"hpAdd":30,"attackAdd":30,"defenseAdd":30,"hpStarAdd":300,"attackStarAdd":300,"defenseStarAdd":300,"createCost":"100010=1000","backReward":"100009=16000","levelCost":"100009=200","levelLimit":200,"starLimit":40,"combineId":10009},"115002":{"id":115002,"name":"Pet_Name-115002","desc":"Pet_Desc-115002","quality":5,"type":5,"weight":2,"appearanceScaleList":"800|700;800|1000","appearanceRow":"0|0;0|0","appearanceId":"1150020|1151020","icon":"115002|115102","activeSkill":30018,"activeSkillUpgrade":"31018|32018|33018|34018","gvgActiveSkill":70018,"passiveSkill":4,"hpBasic":1500,"attackBasic":1500,"defenseBasic":1500,"hpAdd":30,"attackAdd":30,"defenseAdd":30,"hpStarAdd":300,"attackStarAdd":300,"defenseStarAdd":300,"createCost":"100010=1000","backReward":"100009=16000","levelCost":"100009=200","levelLimit":200,"starLimit":40,"combineId":10009},"115003":{"id":115003,"name":"Pet_Name-115003","desc":"Pet_Desc-115003","quality":5,"type":2,"weight":2,"appearanceScaleList":"800|700;800|800","appearanceRow":"0|0;0|0","appearanceId":"1150030|1151030","icon":"115003|115103","activeSkill":30019,"activeSkillUpgrade":"31019|32019|33019|34019","gvgActiveSkill":70019,"passiveSkill":4,"hpBasic":1500,"attackBasic":1500,"defenseBasic":1500,"hpAdd":30,"attackAdd":30,"defenseAdd":30,"hpStarAdd":300,"attackStarAdd":300,"defenseStarAdd":300,"createCost":"100010=1000","backReward":"100009=16000","levelCost":"100009=200","levelLimit":200,"starLimit":40,"combineId":10009},"115004":{"id":115004,"name":"Pet_Name-115004","desc":"Pet_Desc-115004","quality":5,"type":3,"weight":2,"appearanceScaleList":"800|700;800|900","appearanceRow":"50|0;50|0","appearanceId":"1150040|1151040","icon":"115004|115104","activeSkill":30020,"activeSkillUpgrade":"31020|32020|33020|34020","gvgActiveSkill":70020,"passiveSkill":4,"hpBasic":1500,"attackBasic":1500,"defenseBasic":1500,"hpAdd":30,"attackAdd":30,"defenseAdd":30,"hpStarAdd":300,"attackStarAdd":300,"defenseStarAdd":300,"createCost":"100010=1000","backReward":"100009=16000","levelCost":"100009=200","levelLimit":200,"starLimit":40,"combineId":10009},"115005":{"id":115005,"name":"Pet_Name-115005","desc":"Pet_Desc-115005","quality":5,"type":4,"weight":2,"appearanceScaleList":"800|700;800|800","appearanceRow":"0|0;0|0","appearanceId":"1150050|1151050","icon":"115005|115105","activeSkill":30030,"activeSkillUpgrade":"31030|32030|33030|34030","gvgActiveSkill":70030,"passiveSkill":4,"hpBasic":1500,"attackBasic":1500,"defenseBasic":1500,"hpAdd":30,"attackAdd":30,"defenseAdd":30,"hpStarAdd":300,"attackStarAdd":300,"defenseStarAdd":300,"createCost":"100010=1000","backReward":"100009=16000","levelCost":"100009=200","levelLimit":200,"starLimit":40,"combineId":10012},"115006":{"id":115006,"name":"Pet_Name-115006","desc":"Pet_Desc-115006","quality":5,"type":3,"weight":0,"appearanceScaleList":"800|700;800|800","appearanceRow":"0|0;0|0","appearanceId":"1150060|1151060","icon":"115006|115106","activeSkill":30031,"activeSkillUpgrade":"31031|32031|33031|34031","gvgActiveSkill":70031,"passiveSkill":4,"hpBasic":1500,"attackBasic":1500,"defenseBasic":1500,"hpAdd":30,"attackAdd":30,"defenseAdd":30,"hpStarAdd":300,"attackStarAdd":300,"defenseStarAdd":300,"createCost":"100010=1000","backReward":"100009=16000","levelCost":"100009=200","levelLimit":200,"starLimit":40,"combineId":0}}