{"10001":{"id":10001,"quality":4,"level":0,"cost":"100049=20","effect":0,"sepcialType":0,"resChange":0},"10002":{"id":10002,"quality":4,"level":1,"cost":"100049=40","effect":230001,"sepcialType":0,"resChange":0},"10003":{"id":10003,"quality":4,"level":2,"cost":"100049=60","effect":230002,"sepcialType":0,"resChange":0},"10004":{"id":10004,"quality":4,"level":3,"cost":"100049=80","effect":230001,"sepcialType":0,"resChange":0},"10005":{"id":10005,"quality":4,"level":4,"cost":"100049=100","effect":230002,"sepcialType":0,"resChange":0},"10006":{"id":10006,"quality":4,"level":5,"cost":"100049=120","effect":230001,"sepcialType":1,"resChange":0},"10007":{"id":10007,"quality":4,"level":6,"cost":"100049=140","effect":230002,"sepcialType":0,"resChange":0},"10008":{"id":10008,"quality":4,"level":7,"cost":"100049=160","effect":230001,"sepcialType":0,"resChange":0},"10009":{"id":10009,"quality":4,"level":8,"cost":"100049=180","effect":230002,"sepcialType":0,"resChange":0},"10010":{"id":10010,"quality":4,"level":9,"cost":"100049=200","effect":230001,"sepcialType":0,"resChange":0},"10011":{"id":10011,"quality":4,"level":10,"cost":"100049=240","effect":230002,"sepcialType":2,"resChange":0},"10012":{"id":10012,"quality":4,"level":11,"cost":"100049=280","effect":230003,"sepcialType":0,"resChange":0},"10013":{"id":10013,"quality":4,"level":12,"cost":"100049=320","effect":230004,"sepcialType":0,"resChange":0},"10014":{"id":10014,"quality":4,"level":13,"cost":"100049=360","effect":230003,"sepcialType":0,"resChange":0},"10015":{"id":10015,"quality":4,"level":14,"cost":"100049=400","effect":230004,"sepcialType":0,"resChange":0},"10016":{"id":10016,"quality":4,"level":15,"cost":"100049=440","effect":230003,"sepcialType":1,"resChange":0},"10017":{"id":10017,"quality":4,"level":16,"cost":"100049=480","effect":230004,"sepcialType":0,"resChange":0},"10018":{"id":10018,"quality":4,"level":17,"cost":"100049=520","effect":230003,"sepcialType":0,"resChange":0},"10019":{"id":10019,"quality":4,"level":18,"cost":"100049=560","effect":230004,"sepcialType":0,"resChange":0},"10020":{"id":10020,"quality":4,"level":19,"cost":"100049=640","effect":230003,"sepcialType":0,"resChange":0},"10021":{"id":10021,"quality":4,"level":20,"cost":"100049=720","effect":230004,"sepcialType":2,"resChange":1},"10022":{"id":10022,"quality":4,"level":21,"cost":"100049=800","effect":230005,"sepcialType":0,"resChange":0},"10023":{"id":10023,"quality":4,"level":22,"cost":"100049=880","effect":230006,"sepcialType":0,"resChange":0},"10024":{"id":10024,"quality":4,"level":23,"cost":"100049=960","effect":230005,"sepcialType":0,"resChange":0},"10025":{"id":10025,"quality":4,"level":24,"cost":"100049=1040","effect":230006,"sepcialType":0,"resChange":0},"10026":{"id":10026,"quality":4,"level":25,"cost":"100049=1120","effect":230005,"sepcialType":1,"resChange":0},"10027":{"id":10027,"quality":4,"level":26,"cost":"100049=1200","effect":230006,"sepcialType":0,"resChange":0},"10028":{"id":10028,"quality":4,"level":27,"cost":"100049=1280","effect":230005,"sepcialType":0,"resChange":0},"10029":{"id":10029,"quality":4,"level":28,"cost":"100049=1360","effect":230006,"sepcialType":0,"resChange":0},"10030":{"id":10030,"quality":4,"level":29,"cost":"100049=1440","effect":230005,"sepcialType":0,"resChange":0},"10031":{"id":10031,"quality":4,"level":30,"cost":"100049=1600","effect":230006,"sepcialType":2,"resChange":0},"10032":{"id":10032,"quality":4,"level":31,"cost":"100049=1760","effect":230007,"sepcialType":0,"resChange":0},"10033":{"id":10033,"quality":4,"level":32,"cost":"100049=1920","effect":230008,"sepcialType":0,"resChange":0},"10034":{"id":10034,"quality":4,"level":33,"cost":"100049=2080","effect":230007,"sepcialType":0,"resChange":0},"10035":{"id":10035,"quality":4,"level":34,"cost":"100049=2240","effect":230008,"sepcialType":0,"resChange":0},"10036":{"id":10036,"quality":4,"level":35,"cost":"100049=2400","effect":230007,"sepcialType":1,"resChange":0},"10037":{"id":10037,"quality":4,"level":36,"cost":"100049=2560","effect":230008,"sepcialType":0,"resChange":0},"10038":{"id":10038,"quality":4,"level":37,"cost":"100049=2720","effect":230007,"sepcialType":0,"resChange":0},"10039":{"id":10039,"quality":4,"level":38,"cost":"100049=2880","effect":230008,"sepcialType":0,"resChange":0},"10040":{"id":10040,"quality":4,"level":39,"cost":"100049=3040","effect":230007,"sepcialType":0,"resChange":0},"10041":{"id":10041,"quality":4,"level":40,"cost":"0","effect":230008,"sepcialType":2,"resChange":0},"10042":{"id":10042,"quality":5,"level":0,"cost":"100050=5","effect":0,"sepcialType":0,"resChange":0},"10043":{"id":10043,"quality":5,"level":1,"cost":"100050=10","effect":230001,"sepcialType":0,"resChange":0},"10044":{"id":10044,"quality":5,"level":2,"cost":"100050=15","effect":230002,"sepcialType":0,"resChange":0},"10045":{"id":10045,"quality":5,"level":3,"cost":"100050=20","effect":230001,"sepcialType":0,"resChange":0},"10046":{"id":10046,"quality":5,"level":4,"cost":"100050=25","effect":230002,"sepcialType":0,"resChange":0},"10047":{"id":10047,"quality":5,"level":5,"cost":"100050=30","effect":230001,"sepcialType":1,"resChange":0},"10048":{"id":10048,"quality":5,"level":6,"cost":"100050=35","effect":230002,"sepcialType":0,"resChange":0},"10049":{"id":10049,"quality":5,"level":7,"cost":"100050=40","effect":230001,"sepcialType":0,"resChange":0},"10050":{"id":10050,"quality":5,"level":8,"cost":"100050=45","effect":230002,"sepcialType":0,"resChange":0},"10051":{"id":10051,"quality":5,"level":9,"cost":"100050=50","effect":230001,"sepcialType":0,"resChange":0},"10052":{"id":10052,"quality":5,"level":10,"cost":"100050=60","effect":230002,"sepcialType":2,"resChange":0},"10053":{"id":10053,"quality":5,"level":11,"cost":"100050=70","effect":230003,"sepcialType":0,"resChange":0},"10054":{"id":10054,"quality":5,"level":12,"cost":"100050=80","effect":230004,"sepcialType":0,"resChange":0},"10055":{"id":10055,"quality":5,"level":13,"cost":"100050=90","effect":230003,"sepcialType":0,"resChange":0},"10056":{"id":10056,"quality":5,"level":14,"cost":"100050=100","effect":230004,"sepcialType":0,"resChange":0},"10057":{"id":10057,"quality":5,"level":15,"cost":"100050=110","effect":230003,"sepcialType":1,"resChange":0},"10058":{"id":10058,"quality":5,"level":16,"cost":"100050=120","effect":230004,"sepcialType":0,"resChange":0},"10059":{"id":10059,"quality":5,"level":17,"cost":"100050=130","effect":230003,"sepcialType":0,"resChange":0},"10060":{"id":10060,"quality":5,"level":18,"cost":"100050=140","effect":230004,"sepcialType":0,"resChange":0},"10061":{"id":10061,"quality":5,"level":19,"cost":"100050=160","effect":230003,"sepcialType":0,"resChange":0},"10062":{"id":10062,"quality":5,"level":20,"cost":"100050=180","effect":230004,"sepcialType":2,"resChange":1},"10063":{"id":10063,"quality":5,"level":21,"cost":"100050=200","effect":230005,"sepcialType":0,"resChange":0},"10064":{"id":10064,"quality":5,"level":22,"cost":"100050=220","effect":230006,"sepcialType":0,"resChange":0},"10065":{"id":10065,"quality":5,"level":23,"cost":"100050=240","effect":230005,"sepcialType":0,"resChange":0},"10066":{"id":10066,"quality":5,"level":24,"cost":"100050=260","effect":230006,"sepcialType":0,"resChange":0},"10067":{"id":10067,"quality":5,"level":25,"cost":"100050=280","effect":230005,"sepcialType":1,"resChange":0},"10068":{"id":10068,"quality":5,"level":26,"cost":"100050=300","effect":230006,"sepcialType":0,"resChange":0},"10069":{"id":10069,"quality":5,"level":27,"cost":"100050=320","effect":230005,"sepcialType":0,"resChange":0},"10070":{"id":10070,"quality":5,"level":28,"cost":"100050=340","effect":230006,"sepcialType":0,"resChange":0},"10071":{"id":10071,"quality":5,"level":29,"cost":"100050=360","effect":230005,"sepcialType":0,"resChange":0},"10072":{"id":10072,"quality":5,"level":30,"cost":"100050=400","effect":230006,"sepcialType":2,"resChange":0},"10073":{"id":10073,"quality":5,"level":31,"cost":"100050=440","effect":230007,"sepcialType":0,"resChange":0},"10074":{"id":10074,"quality":5,"level":32,"cost":"100050=480","effect":230008,"sepcialType":0,"resChange":0},"10075":{"id":10075,"quality":5,"level":33,"cost":"100050=520","effect":230007,"sepcialType":0,"resChange":0},"10076":{"id":10076,"quality":5,"level":34,"cost":"100050=560","effect":230008,"sepcialType":0,"resChange":0},"10077":{"id":10077,"quality":5,"level":35,"cost":"100050=600","effect":230007,"sepcialType":1,"resChange":0},"10078":{"id":10078,"quality":5,"level":36,"cost":"100050=640","effect":230008,"sepcialType":0,"resChange":0},"10079":{"id":10079,"quality":5,"level":37,"cost":"100050=680","effect":230007,"sepcialType":0,"resChange":0},"10080":{"id":10080,"quality":5,"level":38,"cost":"100050=720","effect":230008,"sepcialType":0,"resChange":0},"10081":{"id":10081,"quality":5,"level":39,"cost":"100050=760","effect":230007,"sepcialType":0,"resChange":0},"10082":{"id":10082,"quality":5,"level":40,"cost":"0","effect":230008,"sepcialType":2,"resChange":0}}