{"1":{"id":1,"surname":"赵","name":"老","title":"大仙","language":"zh_cn"},"2":{"id":2,"surname":"钱","name":"阿","title":"大王","language":"zh_cn"},"3":{"id":3,"surname":"孙","name":"大","title":"道人","language":"zh_cn"},"4":{"id":4,"surname":"李","name":"小","title":"仙长","language":"zh_cn"},"5":{"id":5,"surname":"周","name":"三","title":"道尊","language":"zh_cn"},"6":{"id":6,"surname":"吴","name":"四","title":"尊者","language":"zh_cn"},"7":{"id":7,"surname":"郑","name":"五","title":"仙尊","language":"zh_cn"},"8":{"id":8,"surname":"王","name":"六","title":"天师","language":"zh_cn"},"9":{"id":9,"surname":"冯","name":"丁","title":"真人","language":"zh_cn"},"10":{"id":10,"surname":"陈","name":"乞","title":"星君","language":"zh_cn"},"11":{"id":11,"surname":"褚","name":"凡","title":"大帝","language":"zh_cn"},"12":{"id":12,"surname":"卫","name":"开","title":"天尊","language":"zh_cn"},"13":{"id":13,"surname":"蒋","name":"丑","title":"帝君","language":"zh_cn"},"14":{"id":14,"surname":"沈","name":"乌","title":"居士","language":"zh_cn"},"15":{"id":15,"surname":"韩","name":"井","title":"上仙","language":"zh_cn"},"16":{"id":16,"surname":"杨","name":"焦","title":"修士","language":"zh_cn"},"17":{"id":17,"surname":"朱","name":"了","title":"觉者","language":"zh_cn"},"18":{"id":18,"surname":"秦","name":"子","title":"祖师","language":"zh_cn"},"19":{"id":19,"surname":"尤","name":"寅","title":"道祖","language":"zh_cn"},"20":{"id":20,"surname":"许","name":"卯","title":"散人","language":"zh_cn"},"21":{"id":21,"surname":"何","name":"辰","title":"0","language":"zh_cn"},"22":{"id":22,"surname":"吕","name":"肆","title":"0","language":"zh_cn"},"23":{"id":23,"surname":"施","name":"午","title":"0","language":"zh_cn"},"24":{"id":24,"surname":"张","name":"未","title":"0","language":"zh_cn"},"25":{"id":25,"surname":"孔","name":"申","title":"0","language":"zh_cn"},"26":{"id":26,"surname":"曹","name":"酉","title":"0","language":"zh_cn"},"27":{"id":27,"surname":"严","name":"戌","title":"0","language":"zh_cn"},"28":{"id":28,"surname":"花","name":"亥","title":"0","language":"zh_cn"},"29":{"id":29,"surname":"金","name":"主","title":"0","language":"zh_cn"},"30":{"id":30,"surname":"魏","name":"亦","title":"0","language":"zh_cn"},"31":{"id":31,"surname":"陶","name":"人","title":"0","language":"zh_cn"},"32":{"id":32,"surname":"姜","name":"亿","title":"0","language":"zh_cn"},"33":{"id":33,"surname":"戚","name":"仁","title":"0","language":"zh_cn"},"34":{"id":34,"surname":"谢","name":"仆","title":"0","language":"zh_cn"},"35":{"id":35,"surname":"邹","name":"令","title":"0","language":"zh_cn"},"36":{"id":36,"surname":"喻","name":"仪","title":"0","language":"zh_cn"},"37":{"id":37,"surname":"柏","name":"仲","title":"0","language":"zh_cn"},"38":{"id":38,"surname":"水","name":"任","title":"0","language":"zh_cn"},"39":{"id":39,"surname":"窦","name":"伉","title":"0","language":"zh_cn"},"40":{"id":40,"surname":"章","name":"伍","title":"0","language":"zh_cn"},"41":{"id":41,"surname":"云","name":"先","title":"0","language":"zh_cn"},"42":{"id":42,"surname":"苏","name":"光","title":"0","language":"zh_cn"},"43":{"id":43,"surname":"潘","name":"党","title":"0","language":"zh_cn"},"44":{"id":44,"surname":"葛","name":"兜","title":"0","language":"zh_cn"},"45":{"id":45,"surname":"奚","name":"全","title":"0","language":"zh_cn"},"46":{"id":46,"surname":"范","name":"公","title":"0","language":"zh_cn"},"47":{"id":47,"surname":"彭","name":"关","title":"0","language":"zh_cn"},"48":{"id":48,"surname":"郎","name":"兴","title":"0","language":"zh_cn"},"49":{"id":49,"surname":"鲁","name":"其","title":"0","language":"zh_cn"},"50":{"id":50,"surname":"韦","name":"农","title":"0","language":"zh_cn"},"51":{"id":51,"surname":"昌","name":"冬","title":"0","language":"zh_cn"},"52":{"id":52,"surname":"马","name":"卫","title":"0","language":"zh_cn"},"53":{"id":53,"surname":"苗","name":"史","title":"0","language":"zh_cn"},"54":{"id":54,"surname":"凤","name":"合","title":"0","language":"zh_cn"},"55":{"id":55,"surname":"花","name":"吉","title":"0","language":"zh_cn"},"56":{"id":56,"surname":"方","name":"同","title":"0","language":"zh_cn"},"57":{"id":57,"surname":"俞","name":"名","title":"0","language":"zh_cn"},"58":{"id":58,"surname":"任","name":"士","title":"0","language":"zh_cn"},"59":{"id":59,"surname":"袁","name":"壬","title":"0","language":"zh_cn"},"60":{"id":60,"surname":"柳","name":"壮","title":"0","language":"zh_cn"},"61":{"id":61,"surname":"邓","name":"尤","title":"0","language":"zh_cn"},"62":{"id":62,"surname":"鲍","name":"干","title":"0","language":"zh_cn"},"63":{"id":63,"surname":"史","name":"平","title":"0","language":"zh_cn"},"64":{"id":64,"surname":"唐","name":"广","title":"0","language":"zh_cn"},"65":{"id":65,"surname":"费","name":"庄","title":"0","language":"zh_cn"},"66":{"id":66,"surname":"廉","name":"庆","title":"0","language":"zh_cn"},"67":{"id":67,"surname":"岑","name":"晋","title":"0","language":"zh_cn"},"68":{"id":68,"surname":"薛","name":"头","title":"0","language":"zh_cn"},"69":{"id":69,"surname":"雷","name":"黑","title":"0","language":"zh_cn"},"70":{"id":70,"surname":"贺","name":"钢","title":"0","language":"zh_cn"},"71":{"id":71,"surname":"倪","name":"铁","title":"0","language":"zh_cn"},"72":{"id":72,"surname":"汤","name":"金","title":"0","language":"zh_cn"},"73":{"id":73,"surname":"藤","name":"银","title":"0","language":"zh_cn"},"74":{"id":74,"surname":"殷","name":"千","title":"0","language":"zh_cn"},"75":{"id":75,"surname":"罗","name":"万","title":"0","language":"zh_cn"},"76":{"id":76,"surname":"毕","name":"十","title":"0","language":"zh_cn"},"77":{"id":77,"surname":"郝","name":"飞","title":"0","language":"zh_cn"},"78":{"id":78,"surname":"邬","name":"一","title":"0","language":"zh_cn"},"79":{"id":79,"surname":"安","name":"二","title":"0","language":"zh_cn"},"80":{"id":80,"surname":"常","name":"笑","title":"0","language":"zh_cn"},"81":{"id":81,"surname":"乐","name":"晓","title":"0","language":"zh_cn"},"82":{"id":82,"surname":"于","name":"天","title":"0","language":"zh_cn"},"83":{"id":83,"surname":"时","name":"地","title":"0","language":"zh_cn"},"84":{"id":84,"surname":"付","name":"夜","title":"0","language":"zh_cn"},"85":{"id":85,"surname":"皮","name":"水","title":"0","language":"zh_cn"},"86":{"id":86,"surname":"卞","name":"傅","title":"0","language":"zh_cn"},"87":{"id":87,"surname":"齐","name":"海","title":"0","language":"zh_cn"},"88":{"id":88,"surname":"康","name":"诗","title":"0","language":"zh_cn"},"89":{"id":89,"surname":"伍","name":"文","title":"0","language":"zh_cn"},"90":{"id":90,"surname":"余","name":"荣","title":"0","language":"zh_cn"},"91":{"id":91,"surname":"元","name":"青","title":"0","language":"zh_cn"},"92":{"id":92,"surname":"卜","name":"煌","title":"0","language":"zh_cn"},"93":{"id":93,"surname":"顾","name":"昊","title":"0","language":"zh_cn"},"94":{"id":94,"surname":"孟","name":"润","title":"0","language":"zh_cn"},"95":{"id":95,"surname":"平","name":"腾","title":"0","language":"zh_cn"},"96":{"id":96,"surname":"黄","name":"悌","title":"0","language":"zh_cn"},"97":{"id":97,"surname":"和","name":"东","title":"0","language":"zh_cn"},"98":{"id":98,"surname":"穆","name":"南","title":"0","language":"zh_cn"},"99":{"id":99,"surname":"肖","name":"西","title":"0","language":"zh_cn"},"100":{"id":100,"surname":"尹","name":"北","title":"0","language":"zh_cn"},"101":{"id":101,"surname":"姚","name":"安","title":"0","language":"zh_cn"},"102":{"id":102,"surname":"邵","name":"宁","title":"0","language":"zh_cn"},"103":{"id":103,"surname":"湛","name":"团","title":"0","language":"zh_cn"},"104":{"id":104,"surname":"汪","name":"哥","title":"0","language":"zh_cn"},"105":{"id":105,"surname":"祁","name":"孝","title":"0","language":"zh_cn"},"106":{"id":106,"surname":"毛","name":"多","title":"0","language":"zh_cn"},"107":{"id":107,"surname":"禹","name":"少","title":"0","language":"zh_cn"},"108":{"id":108,"surname":"狄","name":"守","title":"0","language":"zh_cn"},"109":{"id":109,"surname":"米","name":"布","title":"0","language":"zh_cn"},"110":{"id":110,"surname":"贝","name":"志","title":"0","language":"zh_cn"},"111":{"id":111,"surname":"明","name":"门","title":"0","language":"zh_cn"},"112":{"id":112,"surname":"藏","name":"牙","title":"0","language":"zh_cn"},"113":{"id":113,"surname":"计","name":"歪","title":"0","language":"zh_cn"},"114":{"id":114,"surname":"伏","name":"如","title":"0","language":"zh_cn"},"115":{"id":115,"surname":"成","name":"广","title":"0","language":"zh_cn"},"116":{"id":116,"surname":"戴","name":"吉","title":"0","language":"zh_cn"},"117":{"id":117,"surname":"谈","name":"棍","title":"0","language":"zh_cn"},"118":{"id":118,"surname":"宋","name":"豹","title":"0","language":"zh_cn"},"119":{"id":119,"surname":"茅","name":"拐","title":"0","language":"zh_cn"},"120":{"id":120,"surname":"庞","name":"缺","title":"0","language":"zh_cn"},"121":{"id":121,"surname":"熊","name":"长","title":"0","language":"zh_cn"},"122":{"id":122,"surname":"纪","name":"先","title":"0","language":"zh_cn"},"123":{"id":123,"surname":"舒","name":"端","title":"0","language":"zh_cn"},"124":{"id":124,"surname":"屈","name":"后","title":"0","language":"zh_cn"},"125":{"id":125,"surname":"项","name":"猴","title":"0","language":"zh_cn"},"126":{"id":126,"surname":"祝","name":"福","title":"0","language":"zh_cn"},"127":{"id":127,"surname":"董","name":"德","title":"0","language":"zh_cn"},"128":{"id":128,"surname":"梁","name":"才","title":"0","language":"zh_cn"},"129":{"id":129,"surname":"杜","name":"财","title":"0","language":"zh_cn"},"130":{"id":130,"surname":"阮","name":"旺","title":"0","language":"zh_cn"},"131":{"id":131,"surname":"蓝","name":"寿","title":"0","language":"zh_cn"},"132":{"id":132,"surname":"闵","name":"康","title":"0","language":"zh_cn"},"133":{"id":133,"surname":"席","name":"狼","title":"0","language":"zh_cn"},"134":{"id":134,"surname":"季","name":"虎","title":"0","language":"zh_cn"},"135":{"id":135,"surname":"麻","name":"豹","title":"0","language":"zh_cn"},"136":{"id":136,"surname":"强","name":"猫","title":"0","language":"zh_cn"},"137":{"id":137,"surname":"贾","name":"汪","title":"0","language":"zh_cn"},"138":{"id":138,"surname":"路","name":"牛","title":"0","language":"zh_cn"},"139":{"id":139,"surname":"娄","name":"羊","title":"0","language":"zh_cn"},"140":{"id":140,"surname":"危","name":"林","title":"0","language":"zh_cn"},"141":{"id":141,"surname":"江","name":"森","title":"0","language":"zh_cn"},"142":{"id":142,"surname":"童","name":"木","title":"0","language":"zh_cn"},"143":{"id":143,"surname":"颜","name":"根","title":"0","language":"zh_cn"},"144":{"id":144,"surname":"郭","name":"川","title":"0","language":"zh_cn"},"145":{"id":145,"surname":"梅","name":"斗","title":"0","language":"zh_cn"},"146":{"id":146,"surname":"盛","name":"有","title":"0","language":"zh_cn"},"147":{"id":147,"surname":"林","name":"迎","title":"0","language":"zh_cn"},"148":{"id":148,"surname":"刁","name":"英","title":"0","language":"zh_cn"},"149":{"id":149,"surname":"钟","name":"枫","title":"0","language":"zh_cn"},"150":{"id":150,"surname":"徐","name":"秋","title":"0","language":"zh_cn"},"151":{"id":151,"surname":"邱","name":"姿","title":"0","language":"zh_cn"},"152":{"id":152,"surname":"骆","name":"芷","title":"0","language":"zh_cn"},"153":{"id":153,"surname":"高","name":"芝","title":"0","language":"zh_cn"},"154":{"id":154,"surname":"夏","name":"筝","title":"0","language":"zh_cn"},"155":{"id":155,"surname":"蔡","name":"真","title":"0","language":"zh_cn"},"156":{"id":156,"surname":"田","name":"珍","title":"0","language":"zh_cn"},"157":{"id":157,"surname":"樊","name":"贞","title":"0","language":"zh_cn"},"158":{"id":158,"surname":"胡","name":"婴","title":"0","language":"zh_cn"},"159":{"id":159,"surname":"凌","name":"秀","title":"0","language":"zh_cn"},"160":{"id":160,"surname":"霍","name":"雯","title":"0","language":"zh_cn"},"161":{"id":161,"surname":"虞","name":"兰","title":"0","language":"zh_cn"},"162":{"id":162,"surname":"万","name":"惠","title":"0","language":"zh_cn"},"163":{"id":163,"surname":"支","name":"芯","title":"0","language":"zh_cn"},"164":{"id":164,"surname":"柯","name":"沂","title":"0","language":"zh_cn"},"165":{"id":165,"surname":"昝","name":"衣","title":"0","language":"zh_cn"},"166":{"id":166,"surname":"管","name":"钧","title":"0","language":"zh_cn"},"167":{"id":167,"surname":"卢","name":"坤","title":"0","language":"zh_cn"},"168":{"id":168,"surname":"莫","name":"荆","title":"0","language":"zh_cn"},"169":{"id":169,"surname":"经","name":"匕","title":"0","language":"zh_cn"},"170":{"id":170,"surname":"房","name":"修","title":"0","language":"zh_cn"},"171":{"id":171,"surname":"裘","name":"兆","title":"0","language":"zh_cn"},"172":{"id":172,"surname":"缪","name":"克","title":"0","language":"zh_cn"},"173":{"id":173,"surname":"干","name":"具","title":"0","language":"zh_cn"},"174":{"id":174,"surname":"解","name":"全","title":"0","language":"zh_cn"},"175":{"id":175,"surname":"应","name":"内","title":"0","language":"zh_cn"},"176":{"id":176,"surname":"宗","name":"宁","title":"0","language":"zh_cn"},"177":{"id":177,"surname":"丁","name":"制","title":"0","language":"zh_cn"},"178":{"id":178,"surname":"宣","name":"化","title":"0","language":"zh_cn"},"179":{"id":179,"surname":"贲","name":"匠","title":"0","language":"zh_cn"},"180":{"id":180,"surname":"郁","name":"匡","title":"0","language":"zh_cn"},"181":{"id":181,"surname":"单","name":"印","title":"0","language":"zh_cn"},"182":{"id":182,"surname":"杭","name":"卷","title":"0","language":"zh_cn"},"183":{"id":183,"surname":"洪","name":"卿","title":"0","language":"zh_cn"},"184":{"id":184,"surname":"包","name":"香","title":"0","language":"zh_cn"},"185":{"id":185,"surname":"诸","name":"玲","title":"0","language":"zh_cn"},"186":{"id":186,"surname":"左","name":"召","title":"0","language":"zh_cn"},"187":{"id":187,"surname":"石","name":"艳","title":"0","language":"zh_cn"},"188":{"id":188,"surname":"崔","name":"地","title":"0","language":"zh_cn"},"189":{"id":189,"surname":"吉","name":"芳","title":"0","language":"zh_cn"},"190":{"id":190,"surname":"钮","name":"丝","title":"0","language":"zh_cn"},"191":{"id":191,"surname":"龚","name":"竺","title":"0","language":"zh_cn"},"192":{"id":192,"surname":"程","name":"洙","title":"0","language":"zh_cn"},"193":{"id":193,"surname":"嵇","name":"珠","title":"0","language":"zh_cn"},"194":{"id":194,"surname":"邢","name":"衫","title":"0","language":"zh_cn"},"195":{"id":195,"surname":"滑","name":"沁","title":"0","language":"zh_cn"},"196":{"id":196,"surname":"裴","name":"柔","title":"0","language":"zh_cn"},"197":{"id":197,"surname":"陆","name":"妍","title":"0","language":"zh_cn"},"198":{"id":198,"surname":"荣","name":"莹","title":"0","language":"zh_cn"},"199":{"id":199,"surname":"翁","name":"斌","title":"0","language":"zh_cn"},"200":{"id":200,"surname":"荀","name":"瑛","title":"0","language":"zh_cn"},"201":{"id":201,"surname":"羊","name":"卿","title":"0","language":"zh_cn"},"202":{"id":202,"surname":"惠","name":"芹","title":"0","language":"zh_cn"},"203":{"id":203,"surname":"甄","name":"崎","title":"0","language":"zh_cn"},"204":{"id":204,"surname":"曲","name":"巩","title":"0","language":"zh_cn"},"205":{"id":205,"surname":"家","name":"已","title":"0","language":"zh_cn"},"206":{"id":206,"surname":"封","name":"帅","title":"0","language":"zh_cn"},"207":{"id":207,"surname":"芮","name":"帆","title":"0","language":"zh_cn"},"208":{"id":208,"surname":"羿","name":"师","title":"0","language":"zh_cn"},"209":{"id":209,"surname":"储","name":"库","title":"0","language":"zh_cn"},"210":{"id":210,"surname":"靳","name":"应","title":"0","language":"zh_cn"},"211":{"id":211,"surname":"汲","name":"庚","title":"0","language":"zh_cn"},"212":{"id":212,"surname":"邴","name":"府","title":"0","language":"zh_cn"},"213":{"id":213,"surname":"糜","name":"度","title":"0","language":"zh_cn"},"214":{"id":214,"surname":"松","name":"庶","title":"0","language":"zh_cn"},"215":{"id":215,"surname":"井","name":"延","title":"0","language":"zh_cn"},"216":{"id":216,"surname":"段","name":"廷","title":"0","language":"zh_cn"},"217":{"id":217,"surname":"富","name":"心","title":"0","language":"zh_cn"},"218":{"id":218,"surname":"巫","name":"忆","title":"0","language":"zh_cn"},"219":{"id":219,"surname":"乌","name":"昭","title":"0","language":"zh_cn"},"220":{"id":220,"surname":"焦","name":"鱼","title":"0","language":"zh_cn"},"221":{"id":221,"surname":"巴","name":"娜","title":"0","language":"zh_cn"},"222":{"id":222,"surname":"弓","name":"儿","title":"0","language":"zh_cn"},"223":{"id":223,"surname":"牧","name":"滨","title":"0","language":"zh_cn"},"224":{"id":224,"surname":"隗","name":"丽","title":"0","language":"zh_cn"},"225":{"id":225,"surname":"山","name":"泉","title":"0","language":"zh_cn"},"226":{"id":226,"surname":"谷","name":"展","title":"0","language":"zh_cn"},"227":{"id":227,"surname":"车","name":"松","title":"0","language":"zh_cn"},"228":{"id":228,"surname":"侯","name":"泽","title":"0","language":"zh_cn"},"229":{"id":229,"surname":"宓","name":"飞","title":"0","language":"zh_cn"},"230":{"id":230,"surname":"蓬","name":"膀","title":"0","language":"zh_cn"},"231":{"id":231,"surname":"全","name":"封","title":"0","language":"zh_cn"},"232":{"id":232,"surname":"郗","name":"和","title":"0","language":"zh_cn"},"233":{"id":233,"surname":"班","name":"黑","title":"0","language":"zh_cn"},"234":{"id":234,"surname":"仰","name":"威","title":"0","language":"zh_cn"},"235":{"id":235,"surname":"秋","name":"荡","title":"0","language":"zh_cn"},"236":{"id":236,"surname":"仲","name":"峥","title":"0","language":"zh_cn"},"237":{"id":237,"surname":"伊","name":"尤","title":"0","language":"zh_cn"},"238":{"id":238,"surname":"宫","name":"外","title":"0","language":"zh_cn"},"239":{"id":239,"surname":"宁","name":"中","title":"0","language":"zh_cn"},"240":{"id":240,"surname":"仇","name":"蒙","title":"0","language":"zh_cn"},"241":{"id":241,"surname":"栾","name":"吉","title":"0","language":"zh_cn"},"242":{"id":242,"surname":"暴","name":"祥","title":"0","language":"zh_cn"},"243":{"id":243,"surname":"甘","name":"娘","title":"0","language":"zh_cn"},"244":{"id":244,"surname":"钭","name":"郎","title":"0","language":"zh_cn"},"245":{"id":245,"surname":"厉","name":"俨","title":"0","language":"zh_cn"},"246":{"id":246,"surname":"戎","name":"氏","title":"0","language":"zh_cn"},"247":{"id":247,"surname":"祖","name":"力","title":"0","language":"zh_cn"},"248":{"id":248,"surname":"武","name":"眼","title":"0","language":"zh_cn"},"249":{"id":249,"surname":"符","name":"忠","title":"0","language":"zh_cn"},"250":{"id":250,"surname":"刘","name":"厨","title":"0","language":"zh_cn"},"251":{"id":251,"surname":"景","name":"夫","title":"0","language":"zh_cn"},"252":{"id":252,"surname":"詹","name":"0","title":"0","language":"zh_cn"},"253":{"id":253,"surname":"束","name":"0","title":"0","language":"zh_cn"},"254":{"id":254,"surname":"龙","name":"0","title":"0","language":"zh_cn"},"255":{"id":255,"surname":"叶","name":"0","title":"0","language":"zh_cn"},"256":{"id":256,"surname":"幸","name":"0","title":"0","language":"zh_cn"},"257":{"id":257,"surname":"司","name":"0","title":"0","language":"zh_cn"},"258":{"id":258,"surname":"韶","name":"0","title":"0","language":"zh_cn"},"259":{"id":259,"surname":"郜","name":"0","title":"0","language":"zh_cn"},"260":{"id":260,"surname":"黎","name":"0","title":"0","language":"zh_cn"},"261":{"id":261,"surname":"蓟","name":"0","title":"0","language":"zh_cn"},"262":{"id":262,"surname":"薄","name":"0","title":"0","language":"zh_cn"},"263":{"id":263,"surname":"印","name":"0","title":"0","language":"zh_cn"},"264":{"id":264,"surname":"宿","name":"0","title":"0","language":"zh_cn"},"265":{"id":265,"surname":"白","name":"0","title":"0","language":"zh_cn"},"266":{"id":266,"surname":"怀","name":"0","title":"0","language":"zh_cn"},"267":{"id":267,"surname":"蒲","name":"0","title":"0","language":"zh_cn"},"268":{"id":268,"surname":"邰","name":"0","title":"0","language":"zh_cn"},"269":{"id":269,"surname":"从","name":"0","title":"0","language":"zh_cn"},"270":{"id":270,"surname":"鄂","name":"0","title":"0","language":"zh_cn"},"271":{"id":271,"surname":"索","name":"0","title":"0","language":"zh_cn"},"272":{"id":272,"surname":"咸","name":"0","title":"0","language":"zh_cn"},"273":{"id":273,"surname":"籍","name":"0","title":"0","language":"zh_cn"},"274":{"id":274,"surname":"赖","name":"0","title":"0","language":"zh_cn"},"275":{"id":275,"surname":"卓","name":"0","title":"0","language":"zh_cn"},"276":{"id":276,"surname":"蔺","name":"0","title":"0","language":"zh_cn"},"277":{"id":277,"surname":"屠","name":"0","title":"0","language":"zh_cn"},"278":{"id":278,"surname":"蒙","name":"0","title":"0","language":"zh_cn"},"279":{"id":279,"surname":"池","name":"0","title":"0","language":"zh_cn"},"280":{"id":280,"surname":"乔","name":"0","title":"0","language":"zh_cn"},"281":{"id":281,"surname":"阴","name":"0","title":"0","language":"zh_cn"},"282":{"id":282,"surname":"胥","name":"0","title":"0","language":"zh_cn"},"283":{"id":283,"surname":"能","name":"0","title":"0","language":"zh_cn"},"284":{"id":284,"surname":"苍","name":"0","title":"0","language":"zh_cn"},"285":{"id":285,"surname":"双","name":"0","title":"0","language":"zh_cn"},"286":{"id":286,"surname":"闻","name":"0","title":"0","language":"zh_cn"},"287":{"id":287,"surname":"莘","name":"0","title":"0","language":"zh_cn"},"288":{"id":288,"surname":"党","name":"0","title":"0","language":"zh_cn"},"289":{"id":289,"surname":"翟","name":"0","title":"0","language":"zh_cn"},"290":{"id":290,"surname":"谭","name":"0","title":"0","language":"zh_cn"},"291":{"id":291,"surname":"贡","name":"0","title":"0","language":"zh_cn"},"292":{"id":292,"surname":"劳","name":"0","title":"0","language":"zh_cn"},"293":{"id":293,"surname":"逄","name":"0","title":"0","language":"zh_cn"},"294":{"id":294,"surname":"姬","name":"0","title":"0","language":"zh_cn"},"295":{"id":295,"surname":"申","name":"0","title":"0","language":"zh_cn"},"296":{"id":296,"surname":"扶","name":"0","title":"0","language":"zh_cn"},"297":{"id":297,"surname":"堵","name":"0","title":"0","language":"zh_cn"},"298":{"id":298,"surname":"冉","name":"0","title":"0","language":"zh_cn"},"299":{"id":299,"surname":"宰","name":"0","title":"0","language":"zh_cn"},"300":{"id":300,"surname":"郦","name":"0","title":"0","language":"zh_cn"},"301":{"id":301,"surname":"雍","name":"0","title":"0","language":"zh_cn"},"302":{"id":302,"surname":"隙","name":"0","title":"0","language":"zh_cn"},"303":{"id":303,"surname":"桑","name":"0","title":"0","language":"zh_cn"},"304":{"id":304,"surname":"桂","name":"0","title":"0","language":"zh_cn"},"305":{"id":305,"surname":"濮","name":"0","title":"0","language":"zh_cn"},"306":{"id":306,"surname":"牛","name":"0","title":"0","language":"zh_cn"},"307":{"id":307,"surname":"寿","name":"0","title":"0","language":"zh_cn"},"308":{"id":308,"surname":"通","name":"0","title":"0","language":"zh_cn"},"309":{"id":309,"surname":"边","name":"0","title":"0","language":"zh_cn"},"310":{"id":310,"surname":"扈","name":"0","title":"0","language":"zh_cn"},"311":{"id":311,"surname":"燕","name":"0","title":"0","language":"zh_cn"},"312":{"id":312,"surname":"冀","name":"0","title":"0","language":"zh_cn"},"313":{"id":313,"surname":"郏","name":"0","title":"0","language":"zh_cn"},"314":{"id":314,"surname":"浦","name":"0","title":"0","language":"zh_cn"},"315":{"id":315,"surname":"尚","name":"0","title":"0","language":"zh_cn"},"316":{"id":316,"surname":"农","name":"0","title":"0","language":"zh_cn"},"317":{"id":317,"surname":"温","name":"0","title":"0","language":"zh_cn"},"318":{"id":318,"surname":"别","name":"0","title":"0","language":"zh_cn"},"319":{"id":319,"surname":"庄","name":"0","title":"0","language":"zh_cn"},"320":{"id":320,"surname":"晏","name":"0","title":"0","language":"zh_cn"},"321":{"id":321,"surname":"柴","name":"0","title":"0","language":"zh_cn"},"322":{"id":322,"surname":"瞿","name":"0","title":"0","language":"zh_cn"},"323":{"id":323,"surname":"阎","name":"0","title":"0","language":"zh_cn"},"324":{"id":324,"surname":"充","name":"0","title":"0","language":"zh_cn"},"325":{"id":325,"surname":"慕","name":"0","title":"0","language":"zh_cn"},"326":{"id":326,"surname":"连","name":"0","title":"0","language":"zh_cn"},"327":{"id":327,"surname":"茹","name":"0","title":"0","language":"zh_cn"},"328":{"id":328,"surname":"习","name":"0","title":"0","language":"zh_cn"},"329":{"id":329,"surname":"宦","name":"0","title":"0","language":"zh_cn"},"330":{"id":330,"surname":"艾","name":"0","title":"0","language":"zh_cn"},"331":{"id":331,"surname":"鱼","name":"0","title":"0","language":"zh_cn"},"332":{"id":332,"surname":"容","name":"0","title":"0","language":"zh_cn"},"333":{"id":333,"surname":"向","name":"0","title":"0","language":"zh_cn"},"334":{"id":334,"surname":"古","name":"0","title":"0","language":"zh_cn"},"335":{"id":335,"surname":"易","name":"0","title":"0","language":"zh_cn"},"336":{"id":336,"surname":"慎","name":"0","title":"0","language":"zh_cn"},"337":{"id":337,"surname":"戈","name":"0","title":"0","language":"zh_cn"},"338":{"id":338,"surname":"廖","name":"0","title":"0","language":"zh_cn"},"339":{"id":339,"surname":"庾","name":"0","title":"0","language":"zh_cn"},"340":{"id":340,"surname":"终","name":"0","title":"0","language":"zh_cn"},"341":{"id":341,"surname":"暨","name":"0","title":"0","language":"zh_cn"},"342":{"id":342,"surname":"居","name":"0","title":"0","language":"zh_cn"},"343":{"id":343,"surname":"衡","name":"0","title":"0","language":"zh_cn"},"344":{"id":344,"surname":"步","name":"0","title":"0","language":"zh_cn"},"345":{"id":345,"surname":"都","name":"0","title":"0","language":"zh_cn"},"346":{"id":346,"surname":"耿","name":"0","title":"0","language":"zh_cn"},"347":{"id":347,"surname":"满","name":"0","title":"0","language":"zh_cn"},"348":{"id":348,"surname":"弘","name":"0","title":"0","language":"zh_cn"},"349":{"id":349,"surname":"匡","name":"0","title":"0","language":"zh_cn"},"350":{"id":350,"surname":"文","name":"0","title":"0","language":"zh_cn"},"351":{"id":351,"surname":"国","name":"0","title":"0","language":"zh_cn"},"352":{"id":352,"surname":"寇","name":"0","title":"0","language":"zh_cn"},"353":{"id":353,"surname":"广","name":"0","title":"0","language":"zh_cn"},"354":{"id":354,"surname":"禄","name":"0","title":"0","language":"zh_cn"},"355":{"id":355,"surname":"阙","name":"0","title":"0","language":"zh_cn"},"356":{"id":356,"surname":"东","name":"0","title":"0","language":"zh_cn"},"357":{"id":357,"surname":"欧","name":"0","title":"0","language":"zh_cn"},"358":{"id":358,"surname":"殳","name":"0","title":"0","language":"zh_cn"},"359":{"id":359,"surname":"沃","name":"0","title":"0","language":"zh_cn"},"360":{"id":360,"surname":"利","name":"0","title":"0","language":"zh_cn"},"361":{"id":361,"surname":"蔚","name":"0","title":"0","language":"zh_cn"},"362":{"id":362,"surname":"越","name":"0","title":"0","language":"zh_cn"},"363":{"id":363,"surname":"夔","name":"0","title":"0","language":"zh_cn"},"364":{"id":364,"surname":"隆","name":"0","title":"0","language":"zh_cn"},"365":{"id":365,"surname":"师","name":"0","title":"0","language":"zh_cn"},"366":{"id":366,"surname":"巩","name":"0","title":"0","language":"zh_cn"},"367":{"id":367,"surname":"厍","name":"0","title":"0","language":"zh_cn"},"368":{"id":368,"surname":"聂","name":"0","title":"0","language":"zh_cn"},"369":{"id":369,"surname":"晁","name":"0","title":"0","language":"zh_cn"},"370":{"id":370,"surname":"勾","name":"0","title":"0","language":"zh_cn"},"371":{"id":371,"surname":"敖","name":"0","title":"0","language":"zh_cn"},"372":{"id":372,"surname":"融","name":"0","title":"0","language":"zh_cn"},"373":{"id":373,"surname":"冷","name":"0","title":"0","language":"zh_cn"},"374":{"id":374,"surname":"热","name":"0","title":"0","language":"zh_cn"},"375":{"id":375,"surname":"辛","name":"0","title":"0","language":"zh_cn"},"376":{"id":376,"surname":"阚","name":"0","title":"0","language":"zh_cn"},"377":{"id":377,"surname":"那","name":"0","title":"0","language":"zh_cn"},"378":{"id":378,"surname":"简","name":"0","title":"0","language":"zh_cn"},"379":{"id":379,"surname":"饶","name":"0","title":"0","language":"zh_cn"},"380":{"id":380,"surname":"空","name":"0","title":"0","language":"zh_cn"},"381":{"id":381,"surname":"曾","name":"0","title":"0","language":"zh_cn"},"382":{"id":382,"surname":"毋","name":"0","title":"0","language":"zh_cn"},"383":{"id":383,"surname":"沙","name":"0","title":"0","language":"zh_cn"},"384":{"id":384,"surname":"乜","name":"0","title":"0","language":"zh_cn"},"385":{"id":385,"surname":"养","name":"0","title":"0","language":"zh_cn"},"386":{"id":386,"surname":"鞠","name":"0","title":"0","language":"zh_cn"},"387":{"id":387,"surname":"须","name":"0","title":"0","language":"zh_cn"},"388":{"id":388,"surname":"丰","name":"0","title":"0","language":"zh_cn"},"389":{"id":389,"surname":"巢","name":"0","title":"0","language":"zh_cn"},"390":{"id":390,"surname":"关","name":"0","title":"0","language":"zh_cn"},"391":{"id":391,"surname":"蒯","name":"0","title":"0","language":"zh_cn"},"392":{"id":392,"surname":"相","name":"0","title":"0","language":"zh_cn"},"393":{"id":393,"surname":"查","name":"0","title":"0","language":"zh_cn"},"394":{"id":394,"surname":"后","name":"0","title":"0","language":"zh_cn"},"395":{"id":395,"surname":"荆","name":"0","title":"0","language":"zh_cn"},"396":{"id":396,"surname":"红","name":"0","title":"0","language":"zh_cn"},"397":{"id":397,"surname":"游","name":"0","title":"0","language":"zh_cn"},"398":{"id":398,"surname":"竺","name":"0","title":"0","language":"zh_cn"},"399":{"id":399,"surname":"权","name":"0","title":"0","language":"zh_cn"},"400":{"id":400,"surname":"逯","name":"0","title":"0","language":"zh_cn"},"401":{"id":401,"surname":"盖","name":"0","title":"0","language":"zh_cn"},"402":{"id":402,"surname":"益","name":"0","title":"0","language":"zh_cn"},"403":{"id":403,"surname":"桓","name":"0","title":"0","language":"zh_cn"},"404":{"id":404,"surname":"公","name":"0","title":"0","language":"zh_cn"},"405":{"id":405,"surname":"俟","name":"0","title":"0","language":"zh_cn"},"406":{"id":406,"surname":"上官","name":"0","title":"0","language":"zh_cn"},"407":{"id":407,"surname":"欧阳","name":"0","title":"0","language":"zh_cn"},"408":{"id":408,"surname":"夏候","name":"0","title":"0","language":"zh_cn"},"409":{"id":409,"surname":"诸葛","name":"0","title":"0","language":"zh_cn"},"410":{"id":410,"surname":"闻人","name":"0","title":"0","language":"zh_cn"},"411":{"id":411,"surname":"东方","name":"0","title":"0","language":"zh_cn"},"412":{"id":412,"surname":"赫连","name":"0","title":"0","language":"zh_cn"},"413":{"id":413,"surname":"皇甫","name":"0","title":"0","language":"zh_cn"},"414":{"id":414,"surname":"尉迟","name":"0","title":"0","language":"zh_cn"},"415":{"id":415,"surname":"公羊","name":"0","title":"0","language":"zh_cn"},"416":{"id":416,"surname":"澹台","name":"0","title":"0","language":"zh_cn"},"417":{"id":417,"surname":"公冶","name":"0","title":"0","language":"zh_cn"},"418":{"id":418,"surname":"宗政","name":"0","title":"0","language":"zh_cn"},"419":{"id":419,"surname":"濮阳","name":"0","title":"0","language":"zh_cn"},"420":{"id":420,"surname":"淳于","name":"0","title":"0","language":"zh_cn"},"421":{"id":421,"surname":"单于","name":"0","title":"0","language":"zh_cn"},"422":{"id":422,"surname":"太叔","name":"0","title":"0","language":"zh_cn"},"423":{"id":423,"surname":"申屠","name":"0","title":"0","language":"zh_cn"},"424":{"id":424,"surname":"公孙","name":"0","title":"0","language":"zh_cn"},"425":{"id":425,"surname":"仲孙","name":"0","title":"0","language":"zh_cn"},"426":{"id":426,"surname":"轩辕","name":"0","title":"0","language":"zh_cn"},"427":{"id":427,"surname":"令狐","name":"0","title":"0","language":"zh_cn"},"428":{"id":428,"surname":"钟离","name":"0","title":"0","language":"zh_cn"},"429":{"id":429,"surname":"宇文","name":"0","title":"0","language":"zh_cn"},"430":{"id":430,"surname":"长孙","name":"0","title":"0","language":"zh_cn"},"431":{"id":431,"surname":"慕容","name":"0","title":"0","language":"zh_cn"},"432":{"id":432,"surname":"鲜于","name":"0","title":"0","language":"zh_cn"},"433":{"id":433,"surname":"闾丘","name":"0","title":"0","language":"zh_cn"},"434":{"id":434,"surname":"司徒","name":"0","title":"0","language":"zh_cn"},"435":{"id":435,"surname":"司空","name":"0","title":"0","language":"zh_cn"},"436":{"id":436,"surname":"亓官","name":"0","title":"0","language":"zh_cn"},"437":{"id":437,"surname":"司寇","name":"0","title":"0","language":"zh_cn"},"438":{"id":438,"surname":"仉督","name":"0","title":"0","language":"zh_cn"},"439":{"id":439,"surname":"子车","name":"0","title":"0","language":"zh_cn"},"440":{"id":440,"surname":"司马","name":"0","title":"0","language":"zh_cn"},"441":{"id":441,"surname":"端木","name":"0","title":"0","language":"zh_cn"},"442":{"id":442,"surname":"巫马","name":"0","title":"0","language":"zh_cn"},"443":{"id":443,"surname":"公西","name":"0","title":"0","language":"zh_cn"},"444":{"id":444,"surname":"漆雕","name":"0","title":"0","language":"zh_cn"},"445":{"id":445,"surname":"乐正","name":"0","title":"0","language":"zh_cn"},"446":{"id":446,"surname":"壤驷","name":"0","title":"0","language":"zh_cn"},"447":{"id":447,"surname":"公良","name":"0","title":"0","language":"zh_cn"},"448":{"id":448,"surname":"拓拔","name":"0","title":"0","language":"zh_cn"},"449":{"id":449,"surname":"夹谷","name":"0","title":"0","language":"zh_cn"},"450":{"id":450,"surname":"宰父","name":"0","title":"0","language":"zh_cn"},"451":{"id":451,"surname":"谷梁","name":"0","title":"0","language":"zh_cn"},"452":{"id":452,"surname":"楚","name":"0","title":"0","language":"zh_cn"},"453":{"id":453,"surname":"晋","name":"0","title":"0","language":"zh_cn"},"454":{"id":454,"surname":"闫","name":"0","title":"0","language":"zh_cn"},"455":{"id":455,"surname":"法","name":"0","title":"0","language":"zh_cn"},"456":{"id":456,"surname":"汝","name":"0","title":"0","language":"zh_cn"},"457":{"id":457,"surname":"鄢","name":"0","title":"0","language":"zh_cn"},"458":{"id":458,"surname":"涂","name":"0","title":"0","language":"zh_cn"},"459":{"id":459,"surname":"钦","name":"0","title":"0","language":"zh_cn"},"460":{"id":460,"surname":"段干","name":"0","title":"0","language":"zh_cn"},"461":{"id":461,"surname":"百里","name":"0","title":"0","language":"zh_cn"},"462":{"id":462,"surname":"东郭","name":"0","title":"0","language":"zh_cn"},"463":{"id":463,"surname":"南门","name":"0","title":"0","language":"zh_cn"},"464":{"id":464,"surname":"呼延","name":"0","title":"0","language":"zh_cn"},"465":{"id":465,"surname":"归海","name":"0","title":"0","language":"zh_cn"},"466":{"id":466,"surname":"羊舌","name":"0","title":"0","language":"zh_cn"},"467":{"id":467,"surname":"微生","name":"0","title":"0","language":"zh_cn"},"468":{"id":468,"surname":"岳","name":"0","title":"0","language":"zh_cn"},"469":{"id":469,"surname":"帅","name":"0","title":"0","language":"zh_cn"},"470":{"id":470,"surname":"缑","name":"0","title":"0","language":"zh_cn"},"471":{"id":471,"surname":"亢","name":"0","title":"0","language":"zh_cn"},"472":{"id":472,"surname":"况","name":"0","title":"0","language":"zh_cn"},"473":{"id":473,"surname":"有","name":"0","title":"0","language":"zh_cn"},"474":{"id":474,"surname":"琴","name":"0","title":"0","language":"zh_cn"},"475":{"id":475,"surname":"梁丘","name":"0","title":"0","language":"zh_cn"},"476":{"id":476,"surname":"左丘","name":"0","title":"0","language":"zh_cn"},"477":{"id":477,"surname":"东门","name":"0","title":"0","language":"zh_cn"},"478":{"id":478,"surname":"西门","name":"0","title":"0","language":"zh_cn"},"479":{"id":479,"surname":"商","name":"0","title":"0","language":"zh_cn"},"480":{"id":480,"surname":"牟","name":"0","title":"0","language":"zh_cn"},"481":{"id":481,"surname":"佘","name":"0","title":"0","language":"zh_cn"},"482":{"id":482,"surname":"耳","name":"0","title":"0","language":"zh_cn"},"483":{"id":483,"surname":"伯","name":"0","title":"0","language":"zh_cn"},"484":{"id":484,"surname":"赏","name":"0","title":"0","language":"zh_cn"},"485":{"id":485,"surname":"南宫","name":"0","title":"0","language":"zh_cn"},"486":{"id":486,"surname":"墨","name":"0","title":"0","language":"zh_cn"},"487":{"id":487,"surname":"哈","name":"0","title":"0","language":"zh_cn"},"488":{"id":488,"surname":"谯笪","name":"0","title":"0","language":"zh_cn"},"489":{"id":489,"surname":"年","name":"0","title":"0","language":"zh_cn"},"490":{"id":490,"surname":"爱","name":"0","title":"0","language":"zh_cn"},"491":{"id":491,"surname":"阳","name":"0","title":"0","language":"zh_cn"},"492":{"id":492,"surname":"佟","name":"0","title":"0","language":"zh_cn"},"493":{"id":493,"surname":"第五","name":"0","title":"0","language":"zh_cn"},"494":{"id":494,"surname":"言","name":"0","title":"0","language":"zh_cn"},"495":{"id":495,"surname":"福","name":"0","title":"0","language":"zh_cn"},"10001":{"id":10001,"surname":"趙","name":"老","title":"大仙","language":"zh_tw"},"10002":{"id":10002,"surname":"錢","name":"阿","title":"大王","language":"zh_tw"},"10003":{"id":10003,"surname":"孫","name":"大","title":"道人","language":"zh_tw"},"10004":{"id":10004,"surname":"李","name":"小","title":"仙長","language":"zh_tw"},"10005":{"id":10005,"surname":"周","name":"三","title":"道尊","language":"zh_tw"},"10006":{"id":10006,"surname":"吳","name":"四","title":"尊者","language":"zh_tw"},"10007":{"id":10007,"surname":"鄭","name":"五","title":"仙尊","language":"zh_tw"},"10008":{"id":10008,"surname":"王","name":"六","title":"天師","language":"zh_tw"},"10009":{"id":10009,"surname":"馮","name":"丁","title":"真人","language":"zh_tw"},"10010":{"id":10010,"surname":"陳","name":"乞","title":"星君","language":"zh_tw"},"10011":{"id":10011,"surname":"褚","name":"凡","title":"大帝","language":"zh_tw"},"10012":{"id":10012,"surname":"衛","name":"開","title":"天尊","language":"zh_tw"},"10013":{"id":10013,"surname":"蔣","name":"醜","title":"帝君","language":"zh_tw"},"10014":{"id":10014,"surname":"沈","name":"烏","title":"居士","language":"zh_tw"},"10015":{"id":10015,"surname":"韓","name":"井","title":"上仙","language":"zh_tw"},"10016":{"id":10016,"surname":"楊","name":"焦","title":"修士","language":"zh_tw"},"10017":{"id":10017,"surname":"朱","name":"了","title":"覺者","language":"zh_tw"},"10018":{"id":10018,"surname":"秦","name":"子","title":"祖師","language":"zh_tw"},"10019":{"id":10019,"surname":"尤","name":"寅","title":"道祖","language":"zh_tw"},"10020":{"id":10020,"surname":"許","name":"卯","title":"散人","language":"zh_tw"},"10021":{"id":10021,"surname":"何","name":"辰","title":"0","language":"zh_tw"},"10022":{"id":10022,"surname":"呂","name":"肆","title":"0","language":"zh_tw"},"10023":{"id":10023,"surname":"施","name":"午","title":"0","language":"zh_tw"},"10024":{"id":10024,"surname":"張","name":"未","title":"0","language":"zh_tw"},"10025":{"id":10025,"surname":"孔","name":"申","title":"0","language":"zh_tw"},"10026":{"id":10026,"surname":"曹","name":"酉","title":"0","language":"zh_tw"},"10027":{"id":10027,"surname":"嚴","name":"戌","title":"0","language":"zh_tw"},"10028":{"id":10028,"surname":"花","name":"亥","title":"0","language":"zh_tw"},"10029":{"id":10029,"surname":"金","name":"主","title":"0","language":"zh_tw"},"10030":{"id":10030,"surname":"魏","name":"亦","title":"0","language":"zh_tw"},"10031":{"id":10031,"surname":"陶","name":"人","title":"0","language":"zh_tw"},"10032":{"id":10032,"surname":"姜","name":"億","title":"0","language":"zh_tw"},"10033":{"id":10033,"surname":"戚","name":"仁","title":"0","language":"zh_tw"},"10034":{"id":10034,"surname":"謝","name":"僕","title":"0","language":"zh_tw"},"10035":{"id":10035,"surname":"鄒","name":"令","title":"0","language":"zh_tw"},"10036":{"id":10036,"surname":"喻","name":"儀","title":"0","language":"zh_tw"},"10037":{"id":10037,"surname":"柏","name":"仲","title":"0","language":"zh_tw"},"10038":{"id":10038,"surname":"水","name":"任","title":"0","language":"zh_tw"},"10039":{"id":10039,"surname":"竇","name":"伉","title":"0","language":"zh_tw"},"10040":{"id":10040,"surname":"章","name":"伍","title":"0","language":"zh_tw"},"10041":{"id":10041,"surname":"雲","name":"先","title":"0","language":"zh_tw"},"10042":{"id":10042,"surname":"蘇","name":"光","title":"0","language":"zh_tw"},"10043":{"id":10043,"surname":"潘","name":"黨","title":"0","language":"zh_tw"},"10044":{"id":10044,"surname":"葛","name":"兜","title":"0","language":"zh_tw"},"10045":{"id":10045,"surname":"奚","name":"全","title":"0","language":"zh_tw"},"10046":{"id":10046,"surname":"範","name":"公","title":"0","language":"zh_tw"},"10047":{"id":10047,"surname":"彭","name":"關","title":"0","language":"zh_tw"},"10048":{"id":10048,"surname":"郎","name":"興","title":"0","language":"zh_tw"},"10049":{"id":10049,"surname":"魯","name":"其","title":"0","language":"zh_tw"},"10050":{"id":10050,"surname":"韋","name":"農","title":"0","language":"zh_tw"},"10051":{"id":10051,"surname":"昌","name":"冬","title":"0","language":"zh_tw"},"10052":{"id":10052,"surname":"馬","name":"衛","title":"0","language":"zh_tw"},"10053":{"id":10053,"surname":"苗","name":"史","title":"0","language":"zh_tw"},"10054":{"id":10054,"surname":"鳳","name":"合","title":"0","language":"zh_tw"},"10055":{"id":10055,"surname":"花","name":"吉","title":"0","language":"zh_tw"},"10056":{"id":10056,"surname":"方","name":"同","title":"0","language":"zh_tw"},"10057":{"id":10057,"surname":"俞","name":"名","title":"0","language":"zh_tw"},"10058":{"id":10058,"surname":"任","name":"士","title":"0","language":"zh_tw"},"10059":{"id":10059,"surname":"袁","name":"壬","title":"0","language":"zh_tw"},"10060":{"id":10060,"surname":"柳","name":"壯","title":"0","language":"zh_tw"},"10061":{"id":10061,"surname":"鄧","name":"尤","title":"0","language":"zh_tw"},"10062":{"id":10062,"surname":"鮑","name":"幹","title":"0","language":"zh_tw"},"10063":{"id":10063,"surname":"史","name":"平","title":"0","language":"zh_tw"},"10064":{"id":10064,"surname":"唐","name":"廣","title":"0","language":"zh_tw"},"10065":{"id":10065,"surname":"費","name":"莊","title":"0","language":"zh_tw"},"10066":{"id":10066,"surname":"廉","name":"慶","title":"0","language":"zh_tw"},"10067":{"id":10067,"surname":"岑","name":"晉","title":"0","language":"zh_tw"},"10068":{"id":10068,"surname":"薛","name":"頭","title":"0","language":"zh_tw"},"10069":{"id":10069,"surname":"雷","name":"黑","title":"0","language":"zh_tw"},"10070":{"id":10070,"surname":"賀","name":"鋼","title":"0","language":"zh_tw"},"10071":{"id":10071,"surname":"倪","name":"鐵","title":"0","language":"zh_tw"},"10072":{"id":10072,"surname":"湯","name":"金","title":"0","language":"zh_tw"},"10073":{"id":10073,"surname":"藤","name":"銀","title":"0","language":"zh_tw"},"10074":{"id":10074,"surname":"殷","name":"千","title":"0","language":"zh_tw"},"10075":{"id":10075,"surname":"羅","name":"萬","title":"0","language":"zh_tw"},"10076":{"id":10076,"surname":"畢","name":"十","title":"0","language":"zh_tw"},"10077":{"id":10077,"surname":"郝","name":"飛","title":"0","language":"zh_tw"},"10078":{"id":10078,"surname":"鄔","name":"一","title":"0","language":"zh_tw"},"10079":{"id":10079,"surname":"安","name":"二","title":"0","language":"zh_tw"},"10080":{"id":10080,"surname":"常","name":"笑","title":"0","language":"zh_tw"},"10081":{"id":10081,"surname":"樂","name":"曉","title":"0","language":"zh_tw"},"10082":{"id":10082,"surname":"於","name":"天","title":"0","language":"zh_tw"},"10083":{"id":10083,"surname":"時","name":"地","title":"0","language":"zh_tw"},"10084":{"id":10084,"surname":"付","name":"夜","title":"0","language":"zh_tw"},"10085":{"id":10085,"surname":"皮","name":"水","title":"0","language":"zh_tw"},"10086":{"id":10086,"surname":"卞","name":"傅","title":"0","language":"zh_tw"},"10087":{"id":10087,"surname":"齊","name":"海","title":"0","language":"zh_tw"},"10088":{"id":10088,"surname":"康","name":"詩","title":"0","language":"zh_tw"},"10089":{"id":10089,"surname":"伍","name":"文","title":"0","language":"zh_tw"},"10090":{"id":10090,"surname":"餘","name":"榮","title":"0","language":"zh_tw"},"10091":{"id":10091,"surname":"元","name":"青","title":"0","language":"zh_tw"},"10092":{"id":10092,"surname":"卜","name":"煌","title":"0","language":"zh_tw"},"10093":{"id":10093,"surname":"顧","name":"昊","title":"0","language":"zh_tw"},"10094":{"id":10094,"surname":"孟","name":"潤","title":"0","language":"zh_tw"},"10095":{"id":10095,"surname":"平","name":"騰","title":"0","language":"zh_tw"},"10096":{"id":10096,"surname":"黃","name":"悌","title":"0","language":"zh_tw"},"10097":{"id":10097,"surname":"和","name":"東","title":"0","language":"zh_tw"},"10098":{"id":10098,"surname":"穆","name":"南","title":"0","language":"zh_tw"},"10099":{"id":10099,"surname":"肖","name":"西","title":"0","language":"zh_tw"},"10100":{"id":10100,"surname":"尹","name":"北","title":"0","language":"zh_tw"},"10101":{"id":10101,"surname":"姚","name":"安","title":"0","language":"zh_tw"},"10102":{"id":10102,"surname":"邵","name":"寧","title":"0","language":"zh_tw"},"10103":{"id":10103,"surname":"湛","name":"團","title":"0","language":"zh_tw"},"10104":{"id":10104,"surname":"汪","name":"哥","title":"0","language":"zh_tw"},"10105":{"id":10105,"surname":"祁","name":"孝","title":"0","language":"zh_tw"},"10106":{"id":10106,"surname":"毛","name":"多","title":"0","language":"zh_tw"},"10107":{"id":10107,"surname":"禹","name":"少","title":"0","language":"zh_tw"},"10108":{"id":10108,"surname":"狄","name":"守","title":"0","language":"zh_tw"},"10109":{"id":10109,"surname":"米","name":"布","title":"0","language":"zh_tw"},"10110":{"id":10110,"surname":"貝","name":"志","title":"0","language":"zh_tw"},"10111":{"id":10111,"surname":"明","name":"門","title":"0","language":"zh_tw"},"10112":{"id":10112,"surname":"藏","name":"牙","title":"0","language":"zh_tw"},"10113":{"id":10113,"surname":"計","name":"歪","title":"0","language":"zh_tw"},"10114":{"id":10114,"surname":"伏","name":"如","title":"0","language":"zh_tw"},"10115":{"id":10115,"surname":"成","name":"廣","title":"0","language":"zh_tw"},"10116":{"id":10116,"surname":"戴","name":"吉","title":"0","language":"zh_tw"},"10117":{"id":10117,"surname":"談","name":"棍","title":"0","language":"zh_tw"},"10118":{"id":10118,"surname":"宋","name":"豹","title":"0","language":"zh_tw"},"10119":{"id":10119,"surname":"茅","name":"拐","title":"0","language":"zh_tw"},"10120":{"id":10120,"surname":"龐","name":"缺","title":"0","language":"zh_tw"},"10121":{"id":10121,"surname":"熊","name":"長","title":"0","language":"zh_tw"},"10122":{"id":10122,"surname":"紀","name":"先","title":"0","language":"zh_tw"},"10123":{"id":10123,"surname":"舒","name":"端","title":"0","language":"zh_tw"},"10124":{"id":10124,"surname":"屈","name":"後","title":"0","language":"zh_tw"},"10125":{"id":10125,"surname":"項","name":"猴","title":"0","language":"zh_tw"},"10126":{"id":10126,"surname":"祝","name":"福","title":"0","language":"zh_tw"},"10127":{"id":10127,"surname":"董","name":"德","title":"0","language":"zh_tw"},"10128":{"id":10128,"surname":"梁","name":"才","title":"0","language":"zh_tw"},"10129":{"id":10129,"surname":"杜","name":"財","title":"0","language":"zh_tw"},"10130":{"id":10130,"surname":"阮","name":"旺","title":"0","language":"zh_tw"},"10131":{"id":10131,"surname":"藍","name":"壽","title":"0","language":"zh_tw"},"10132":{"id":10132,"surname":"閔","name":"康","title":"0","language":"zh_tw"},"10133":{"id":10133,"surname":"席","name":"狼","title":"0","language":"zh_tw"},"10134":{"id":10134,"surname":"季","name":"虎","title":"0","language":"zh_tw"},"10135":{"id":10135,"surname":"麻","name":"豹","title":"0","language":"zh_tw"},"10136":{"id":10136,"surname":"強","name":"貓","title":"0","language":"zh_tw"},"10137":{"id":10137,"surname":"賈","name":"汪","title":"0","language":"zh_tw"},"10138":{"id":10138,"surname":"路","name":"牛","title":"0","language":"zh_tw"},"10139":{"id":10139,"surname":"婁","name":"羊","title":"0","language":"zh_tw"},"10140":{"id":10140,"surname":"危","name":"林","title":"0","language":"zh_tw"},"10141":{"id":10141,"surname":"江","name":"森","title":"0","language":"zh_tw"},"10142":{"id":10142,"surname":"童","name":"木","title":"0","language":"zh_tw"},"10143":{"id":10143,"surname":"顏","name":"根","title":"0","language":"zh_tw"},"10144":{"id":10144,"surname":"郭","name":"川","title":"0","language":"zh_tw"},"10145":{"id":10145,"surname":"梅","name":"鬥","title":"0","language":"zh_tw"},"10146":{"id":10146,"surname":"盛","name":"有","title":"0","language":"zh_tw"},"10147":{"id":10147,"surname":"林","name":"迎","title":"0","language":"zh_tw"},"10148":{"id":10148,"surname":"刁","name":"英","title":"0","language":"zh_tw"},"10149":{"id":10149,"surname":"鍾","name":"楓","title":"0","language":"zh_tw"},"10150":{"id":10150,"surname":"徐","name":"秋","title":"0","language":"zh_tw"},"10151":{"id":10151,"surname":"邱","name":"姿","title":"0","language":"zh_tw"},"10152":{"id":10152,"surname":"駱","name":"芷","title":"0","language":"zh_tw"},"10153":{"id":10153,"surname":"高","name":"芝","title":"0","language":"zh_tw"},"10154":{"id":10154,"surname":"夏","name":"箏","title":"0","language":"zh_tw"},"10155":{"id":10155,"surname":"蔡","name":"真","title":"0","language":"zh_tw"},"10156":{"id":10156,"surname":"田","name":"珍","title":"0","language":"zh_tw"},"10157":{"id":10157,"surname":"樊","name":"貞","title":"0","language":"zh_tw"},"10158":{"id":10158,"surname":"胡","name":"嬰","title":"0","language":"zh_tw"},"10159":{"id":10159,"surname":"凌","name":"秀","title":"0","language":"zh_tw"},"10160":{"id":10160,"surname":"霍","name":"雯","title":"0","language":"zh_tw"},"10161":{"id":10161,"surname":"虞","name":"蘭","title":"0","language":"zh_tw"},"10162":{"id":10162,"surname":"萬","name":"惠","title":"0","language":"zh_tw"},"10163":{"id":10163,"surname":"支","name":"芯","title":"0","language":"zh_tw"},"10164":{"id":10164,"surname":"柯","name":"沂","title":"0","language":"zh_tw"},"10165":{"id":10165,"surname":"昝","name":"衣","title":"0","language":"zh_tw"},"10166":{"id":10166,"surname":"管","name":"鈞","title":"0","language":"zh_tw"},"10167":{"id":10167,"surname":"盧","name":"坤","title":"0","language":"zh_tw"},"10168":{"id":10168,"surname":"莫","name":"荊","title":"0","language":"zh_tw"},"10169":{"id":10169,"surname":"經","name":"匕","title":"0","language":"zh_tw"},"10170":{"id":10170,"surname":"房","name":"修","title":"0","language":"zh_tw"},"10171":{"id":10171,"surname":"裘","name":"兆","title":"0","language":"zh_tw"},"10172":{"id":10172,"surname":"繆","name":"克","title":"0","language":"zh_tw"},"10173":{"id":10173,"surname":"幹","name":"具","title":"0","language":"zh_tw"},"10174":{"id":10174,"surname":"解","name":"全","title":"0","language":"zh_tw"},"10175":{"id":10175,"surname":"應","name":"內","title":"0","language":"zh_tw"},"10176":{"id":10176,"surname":"宗","name":"寧","title":"0","language":"zh_tw"},"10177":{"id":10177,"surname":"丁","name":"制","title":"0","language":"zh_tw"},"10178":{"id":10178,"surname":"宣","name":"化","title":"0","language":"zh_tw"},"10179":{"id":10179,"surname":"賁","name":"匠","title":"0","language":"zh_tw"},"10180":{"id":10180,"surname":"鬱","name":"匡","title":"0","language":"zh_tw"},"10181":{"id":10181,"surname":"單","name":"印","title":"0","language":"zh_tw"},"10182":{"id":10182,"surname":"杭","name":"卷","title":"0","language":"zh_tw"},"10183":{"id":10183,"surname":"洪","name":"卿","title":"0","language":"zh_tw"},"10184":{"id":10184,"surname":"包","name":"香","title":"0","language":"zh_tw"},"10185":{"id":10185,"surname":"諸","name":"玲","title":"0","language":"zh_tw"},"10186":{"id":10186,"surname":"左","name":"召","title":"0","language":"zh_tw"},"10187":{"id":10187,"surname":"石","name":"豔","title":"0","language":"zh_tw"},"10188":{"id":10188,"surname":"崔","name":"地","title":"0","language":"zh_tw"},"10189":{"id":10189,"surname":"吉","name":"芳","title":"0","language":"zh_tw"},"10190":{"id":10190,"surname":"鈕","name":"絲","title":"0","language":"zh_tw"},"10191":{"id":10191,"surname":"龔","name":"竺","title":"0","language":"zh_tw"},"10192":{"id":10192,"surname":"程","name":"洙","title":"0","language":"zh_tw"},"10193":{"id":10193,"surname":"嵇","name":"珠","title":"0","language":"zh_tw"},"10194":{"id":10194,"surname":"邢","name":"衫","title":"0","language":"zh_tw"},"10195":{"id":10195,"surname":"滑","name":"沁","title":"0","language":"zh_tw"},"10196":{"id":10196,"surname":"裴","name":"柔","title":"0","language":"zh_tw"},"10197":{"id":10197,"surname":"陸","name":"妍","title":"0","language":"zh_tw"},"10198":{"id":10198,"surname":"榮","name":"瑩","title":"0","language":"zh_tw"},"10199":{"id":10199,"surname":"翁","name":"斌","title":"0","language":"zh_tw"},"10200":{"id":10200,"surname":"荀","name":"瑛","title":"0","language":"zh_tw"},"10201":{"id":10201,"surname":"羊","name":"卿","title":"0","language":"zh_tw"},"10202":{"id":10202,"surname":"惠","name":"芹","title":"0","language":"zh_tw"},"10203":{"id":10203,"surname":"甄","name":"崎","title":"0","language":"zh_tw"},"10204":{"id":10204,"surname":"曲","name":"鞏","title":"0","language":"zh_tw"},"10205":{"id":10205,"surname":"家","name":"已","title":"0","language":"zh_tw"},"10206":{"id":10206,"surname":"封","name":"帥","title":"0","language":"zh_tw"},"10207":{"id":10207,"surname":"芮","name":"帆","title":"0","language":"zh_tw"},"10208":{"id":10208,"surname":"羿","name":"師","title":"0","language":"zh_tw"},"10209":{"id":10209,"surname":"儲","name":"庫","title":"0","language":"zh_tw"},"10210":{"id":10210,"surname":"靳","name":"應","title":"0","language":"zh_tw"},"10211":{"id":10211,"surname":"汲","name":"庚","title":"0","language":"zh_tw"},"10212":{"id":10212,"surname":"邴","name":"府","title":"0","language":"zh_tw"},"10213":{"id":10213,"surname":"糜","name":"度","title":"0","language":"zh_tw"},"10214":{"id":10214,"surname":"松","name":"庶","title":"0","language":"zh_tw"},"10215":{"id":10215,"surname":"井","name":"延","title":"0","language":"zh_tw"},"10216":{"id":10216,"surname":"段","name":"廷","title":"0","language":"zh_tw"},"10217":{"id":10217,"surname":"富","name":"心","title":"0","language":"zh_tw"},"10218":{"id":10218,"surname":"巫","name":"憶","title":"0","language":"zh_tw"},"10219":{"id":10219,"surname":"烏","name":"昭","title":"0","language":"zh_tw"},"10220":{"id":10220,"surname":"焦","name":"魚","title":"0","language":"zh_tw"},"10221":{"id":10221,"surname":"巴","name":"娜","title":"0","language":"zh_tw"},"10222":{"id":10222,"surname":"弓","name":"兒","title":"0","language":"zh_tw"},"10223":{"id":10223,"surname":"牧","name":"濱","title":"0","language":"zh_tw"},"10224":{"id":10224,"surname":"隗","name":"麗","title":"0","language":"zh_tw"},"10225":{"id":10225,"surname":"山","name":"泉","title":"0","language":"zh_tw"},"10226":{"id":10226,"surname":"谷","name":"展","title":"0","language":"zh_tw"},"10227":{"id":10227,"surname":"車","name":"松","title":"0","language":"zh_tw"},"10228":{"id":10228,"surname":"侯","name":"澤","title":"0","language":"zh_tw"},"10229":{"id":10229,"surname":"宓","name":"飛","title":"0","language":"zh_tw"},"10230":{"id":10230,"surname":"蓬","name":"膀","title":"0","language":"zh_tw"},"10231":{"id":10231,"surname":"全","name":"封","title":"0","language":"zh_tw"},"10232":{"id":10232,"surname":"郗","name":"和","title":"0","language":"zh_tw"},"10233":{"id":10233,"surname":"班","name":"黑","title":"0","language":"zh_tw"},"10234":{"id":10234,"surname":"仰","name":"威","title":"0","language":"zh_tw"},"10235":{"id":10235,"surname":"秋","name":"蕩","title":"0","language":"zh_tw"},"10236":{"id":10236,"surname":"仲","name":"崢","title":"0","language":"zh_tw"},"10237":{"id":10237,"surname":"伊","name":"尤","title":"0","language":"zh_tw"},"10238":{"id":10238,"surname":"宮","name":"外","title":"0","language":"zh_tw"},"10239":{"id":10239,"surname":"寧","name":"中","title":"0","language":"zh_tw"},"10240":{"id":10240,"surname":"仇","name":"蒙","title":"0","language":"zh_tw"},"10241":{"id":10241,"surname":"欒","name":"吉","title":"0","language":"zh_tw"},"10242":{"id":10242,"surname":"暴","name":"祥","title":"0","language":"zh_tw"},"10243":{"id":10243,"surname":"甘","name":"娘","title":"0","language":"zh_tw"},"10244":{"id":10244,"surname":"鈄","name":"郎","title":"0","language":"zh_tw"},"10245":{"id":10245,"surname":"厲","name":"儼","title":"0","language":"zh_tw"},"10246":{"id":10246,"surname":"戎","name":"氏","title":"0","language":"zh_tw"},"10247":{"id":10247,"surname":"祖","name":"力","title":"0","language":"zh_tw"},"10248":{"id":10248,"surname":"武","name":"眼","title":"0","language":"zh_tw"},"10249":{"id":10249,"surname":"符","name":"忠","title":"0","language":"zh_tw"},"10250":{"id":10250,"surname":"劉","name":"廚","title":"0","language":"zh_tw"},"10251":{"id":10251,"surname":"景","name":"夫","title":"0","language":"zh_tw"},"10252":{"id":10252,"surname":"詹","name":"0","title":"0","language":"zh_tw"},"10253":{"id":10253,"surname":"束","name":"0","title":"0","language":"zh_tw"},"10254":{"id":10254,"surname":"龍","name":"0","title":"0","language":"zh_tw"},"10255":{"id":10255,"surname":"葉","name":"0","title":"0","language":"zh_tw"},"10256":{"id":10256,"surname":"幸","name":"0","title":"0","language":"zh_tw"},"10257":{"id":10257,"surname":"司","name":"0","title":"0","language":"zh_tw"},"10258":{"id":10258,"surname":"韶","name":"0","title":"0","language":"zh_tw"},"10259":{"id":10259,"surname":"郜","name":"0","title":"0","language":"zh_tw"},"10260":{"id":10260,"surname":"黎","name":"0","title":"0","language":"zh_tw"},"10261":{"id":10261,"surname":"薊","name":"0","title":"0","language":"zh_tw"},"10262":{"id":10262,"surname":"薄","name":"0","title":"0","language":"zh_tw"},"10263":{"id":10263,"surname":"印","name":"0","title":"0","language":"zh_tw"},"10264":{"id":10264,"surname":"宿","name":"0","title":"0","language":"zh_tw"},"10265":{"id":10265,"surname":"白","name":"0","title":"0","language":"zh_tw"},"10266":{"id":10266,"surname":"懷","name":"0","title":"0","language":"zh_tw"},"10267":{"id":10267,"surname":"蒲","name":"0","title":"0","language":"zh_tw"},"10268":{"id":10268,"surname":"邰","name":"0","title":"0","language":"zh_tw"},"10269":{"id":10269,"surname":"從","name":"0","title":"0","language":"zh_tw"},"10270":{"id":10270,"surname":"鄂","name":"0","title":"0","language":"zh_tw"},"10271":{"id":10271,"surname":"索","name":"0","title":"0","language":"zh_tw"},"10272":{"id":10272,"surname":"鹹","name":"0","title":"0","language":"zh_tw"},"10273":{"id":10273,"surname":"籍","name":"0","title":"0","language":"zh_tw"},"10274":{"id":10274,"surname":"賴","name":"0","title":"0","language":"zh_tw"},"10275":{"id":10275,"surname":"卓","name":"0","title":"0","language":"zh_tw"},"10276":{"id":10276,"surname":"藺","name":"0","title":"0","language":"zh_tw"},"10277":{"id":10277,"surname":"屠","name":"0","title":"0","language":"zh_tw"},"10278":{"id":10278,"surname":"蒙","name":"0","title":"0","language":"zh_tw"},"10279":{"id":10279,"surname":"池","name":"0","title":"0","language":"zh_tw"},"10280":{"id":10280,"surname":"喬","name":"0","title":"0","language":"zh_tw"},"10281":{"id":10281,"surname":"陰","name":"0","title":"0","language":"zh_tw"},"10282":{"id":10282,"surname":"胥","name":"0","title":"0","language":"zh_tw"},"10283":{"id":10283,"surname":"能","name":"0","title":"0","language":"zh_tw"},"10284":{"id":10284,"surname":"蒼","name":"0","title":"0","language":"zh_tw"},"10285":{"id":10285,"surname":"雙","name":"0","title":"0","language":"zh_tw"},"10286":{"id":10286,"surname":"聞","name":"0","title":"0","language":"zh_tw"},"10287":{"id":10287,"surname":"莘","name":"0","title":"0","language":"zh_tw"},"10288":{"id":10288,"surname":"黨","name":"0","title":"0","language":"zh_tw"},"10289":{"id":10289,"surname":"翟","name":"0","title":"0","language":"zh_tw"},"10290":{"id":10290,"surname":"譚","name":"0","title":"0","language":"zh_tw"},"10291":{"id":10291,"surname":"貢","name":"0","title":"0","language":"zh_tw"},"10292":{"id":10292,"surname":"勞","name":"0","title":"0","language":"zh_tw"},"10293":{"id":10293,"surname":"逄","name":"0","title":"0","language":"zh_tw"},"10294":{"id":10294,"surname":"姬","name":"0","title":"0","language":"zh_tw"},"10295":{"id":10295,"surname":"申","name":"0","title":"0","language":"zh_tw"},"10296":{"id":10296,"surname":"扶","name":"0","title":"0","language":"zh_tw"},"10297":{"id":10297,"surname":"堵","name":"0","title":"0","language":"zh_tw"},"10298":{"id":10298,"surname":"冉","name":"0","title":"0","language":"zh_tw"},"10299":{"id":10299,"surname":"宰","name":"0","title":"0","language":"zh_tw"},"10300":{"id":10300,"surname":"酈","name":"0","title":"0","language":"zh_tw"},"10301":{"id":10301,"surname":"雍","name":"0","title":"0","language":"zh_tw"},"10302":{"id":10302,"surname":"隙","name":"0","title":"0","language":"zh_tw"},"10303":{"id":10303,"surname":"桑","name":"0","title":"0","language":"zh_tw"},"10304":{"id":10304,"surname":"桂","name":"0","title":"0","language":"zh_tw"},"10305":{"id":10305,"surname":"濮","name":"0","title":"0","language":"zh_tw"},"10306":{"id":10306,"surname":"牛","name":"0","title":"0","language":"zh_tw"},"10307":{"id":10307,"surname":"壽","name":"0","title":"0","language":"zh_tw"},"10308":{"id":10308,"surname":"通","name":"0","title":"0","language":"zh_tw"},"10309":{"id":10309,"surname":"邊","name":"0","title":"0","language":"zh_tw"},"10310":{"id":10310,"surname":"扈","name":"0","title":"0","language":"zh_tw"},"10311":{"id":10311,"surname":"燕","name":"0","title":"0","language":"zh_tw"},"10312":{"id":10312,"surname":"冀","name":"0","title":"0","language":"zh_tw"},"10313":{"id":10313,"surname":"郟","name":"0","title":"0","language":"zh_tw"},"10314":{"id":10314,"surname":"浦","name":"0","title":"0","language":"zh_tw"},"10315":{"id":10315,"surname":"尚","name":"0","title":"0","language":"zh_tw"},"10316":{"id":10316,"surname":"農","name":"0","title":"0","language":"zh_tw"},"10317":{"id":10317,"surname":"溫","name":"0","title":"0","language":"zh_tw"},"10318":{"id":10318,"surname":"別","name":"0","title":"0","language":"zh_tw"},"10319":{"id":10319,"surname":"莊","name":"0","title":"0","language":"zh_tw"},"10320":{"id":10320,"surname":"晏","name":"0","title":"0","language":"zh_tw"},"10321":{"id":10321,"surname":"柴","name":"0","title":"0","language":"zh_tw"},"10322":{"id":10322,"surname":"瞿","name":"0","title":"0","language":"zh_tw"},"10323":{"id":10323,"surname":"閻","name":"0","title":"0","language":"zh_tw"},"10324":{"id":10324,"surname":"充","name":"0","title":"0","language":"zh_tw"},"10325":{"id":10325,"surname":"慕","name":"0","title":"0","language":"zh_tw"},"10326":{"id":10326,"surname":"連","name":"0","title":"0","language":"zh_tw"},"10327":{"id":10327,"surname":"茹","name":"0","title":"0","language":"zh_tw"},"10328":{"id":10328,"surname":"習","name":"0","title":"0","language":"zh_tw"},"10329":{"id":10329,"surname":"宦","name":"0","title":"0","language":"zh_tw"},"10330":{"id":10330,"surname":"艾","name":"0","title":"0","language":"zh_tw"},"10331":{"id":10331,"surname":"魚","name":"0","title":"0","language":"zh_tw"},"10332":{"id":10332,"surname":"容","name":"0","title":"0","language":"zh_tw"},"10333":{"id":10333,"surname":"向","name":"0","title":"0","language":"zh_tw"},"10334":{"id":10334,"surname":"古","name":"0","title":"0","language":"zh_tw"},"10335":{"id":10335,"surname":"易","name":"0","title":"0","language":"zh_tw"},"10336":{"id":10336,"surname":"慎","name":"0","title":"0","language":"zh_tw"},"10337":{"id":10337,"surname":"戈","name":"0","title":"0","language":"zh_tw"},"10338":{"id":10338,"surname":"廖","name":"0","title":"0","language":"zh_tw"},"10339":{"id":10339,"surname":"庾","name":"0","title":"0","language":"zh_tw"},"10340":{"id":10340,"surname":"終","name":"0","title":"0","language":"zh_tw"},"10341":{"id":10341,"surname":"暨","name":"0","title":"0","language":"zh_tw"},"10342":{"id":10342,"surname":"居","name":"0","title":"0","language":"zh_tw"},"10343":{"id":10343,"surname":"衡","name":"0","title":"0","language":"zh_tw"},"10344":{"id":10344,"surname":"步","name":"0","title":"0","language":"zh_tw"},"10345":{"id":10345,"surname":"都","name":"0","title":"0","language":"zh_tw"},"10346":{"id":10346,"surname":"耿","name":"0","title":"0","language":"zh_tw"},"10347":{"id":10347,"surname":"滿","name":"0","title":"0","language":"zh_tw"},"10348":{"id":10348,"surname":"弘","name":"0","title":"0","language":"zh_tw"},"10349":{"id":10349,"surname":"匡","name":"0","title":"0","language":"zh_tw"},"10350":{"id":10350,"surname":"文","name":"0","title":"0","language":"zh_tw"},"10351":{"id":10351,"surname":"國","name":"0","title":"0","language":"zh_tw"},"10352":{"id":10352,"surname":"寇","name":"0","title":"0","language":"zh_tw"},"10353":{"id":10353,"surname":"廣","name":"0","title":"0","language":"zh_tw"},"10354":{"id":10354,"surname":"祿","name":"0","title":"0","language":"zh_tw"},"10355":{"id":10355,"surname":"闕","name":"0","title":"0","language":"zh_tw"},"10356":{"id":10356,"surname":"東","name":"0","title":"0","language":"zh_tw"},"10357":{"id":10357,"surname":"歐","name":"0","title":"0","language":"zh_tw"},"10358":{"id":10358,"surname":"殳","name":"0","title":"0","language":"zh_tw"},"10359":{"id":10359,"surname":"沃","name":"0","title":"0","language":"zh_tw"},"10360":{"id":10360,"surname":"利","name":"0","title":"0","language":"zh_tw"},"10361":{"id":10361,"surname":"蔚","name":"0","title":"0","language":"zh_tw"},"10362":{"id":10362,"surname":"越","name":"0","title":"0","language":"zh_tw"},"10363":{"id":10363,"surname":"夔","name":"0","title":"0","language":"zh_tw"},"10364":{"id":10364,"surname":"隆","name":"0","title":"0","language":"zh_tw"},"10365":{"id":10365,"surname":"師","name":"0","title":"0","language":"zh_tw"},"10366":{"id":10366,"surname":"鞏","name":"0","title":"0","language":"zh_tw"},"10367":{"id":10367,"surname":"厙","name":"0","title":"0","language":"zh_tw"},"10368":{"id":10368,"surname":"聶","name":"0","title":"0","language":"zh_tw"},"10369":{"id":10369,"surname":"晁","name":"0","title":"0","language":"zh_tw"},"10370":{"id":10370,"surname":"勾","name":"0","title":"0","language":"zh_tw"},"10371":{"id":10371,"surname":"敖","name":"0","title":"0","language":"zh_tw"},"10372":{"id":10372,"surname":"融","name":"0","title":"0","language":"zh_tw"},"10373":{"id":10373,"surname":"冷","name":"0","title":"0","language":"zh_tw"},"10374":{"id":10374,"surname":"熱","name":"0","title":"0","language":"zh_tw"},"10375":{"id":10375,"surname":"辛","name":"0","title":"0","language":"zh_tw"},"10376":{"id":10376,"surname":"闞","name":"0","title":"0","language":"zh_tw"},"10377":{"id":10377,"surname":"那","name":"0","title":"0","language":"zh_tw"},"10378":{"id":10378,"surname":"簡","name":"0","title":"0","language":"zh_tw"},"10379":{"id":10379,"surname":"饒","name":"0","title":"0","language":"zh_tw"},"10380":{"id":10380,"surname":"空","name":"0","title":"0","language":"zh_tw"},"10381":{"id":10381,"surname":"曾","name":"0","title":"0","language":"zh_tw"},"10382":{"id":10382,"surname":"毋","name":"0","title":"0","language":"zh_tw"},"10383":{"id":10383,"surname":"沙","name":"0","title":"0","language":"zh_tw"},"10384":{"id":10384,"surname":"乜","name":"0","title":"0","language":"zh_tw"},"10385":{"id":10385,"surname":"養","name":"0","title":"0","language":"zh_tw"},"10386":{"id":10386,"surname":"鞠","name":"0","title":"0","language":"zh_tw"},"10387":{"id":10387,"surname":"須","name":"0","title":"0","language":"zh_tw"},"10388":{"id":10388,"surname":"豐","name":"0","title":"0","language":"zh_tw"},"10389":{"id":10389,"surname":"巢","name":"0","title":"0","language":"zh_tw"},"10390":{"id":10390,"surname":"關","name":"0","title":"0","language":"zh_tw"},"10391":{"id":10391,"surname":"蒯","name":"0","title":"0","language":"zh_tw"},"10392":{"id":10392,"surname":"相","name":"0","title":"0","language":"zh_tw"},"10393":{"id":10393,"surname":"查","name":"0","title":"0","language":"zh_tw"},"10394":{"id":10394,"surname":"後","name":"0","title":"0","language":"zh_tw"},"10395":{"id":10395,"surname":"荊","name":"0","title":"0","language":"zh_tw"},"10396":{"id":10396,"surname":"紅","name":"0","title":"0","language":"zh_tw"},"10397":{"id":10397,"surname":"遊","name":"0","title":"0","language":"zh_tw"},"10398":{"id":10398,"surname":"竺","name":"0","title":"0","language":"zh_tw"},"10399":{"id":10399,"surname":"權","name":"0","title":"0","language":"zh_tw"},"10400":{"id":10400,"surname":"逯","name":"0","title":"0","language":"zh_tw"},"10401":{"id":10401,"surname":"蓋","name":"0","title":"0","language":"zh_tw"},"10402":{"id":10402,"surname":"益","name":"0","title":"0","language":"zh_tw"},"10403":{"id":10403,"surname":"桓","name":"0","title":"0","language":"zh_tw"},"10404":{"id":10404,"surname":"公","name":"0","title":"0","language":"zh_tw"},"10405":{"id":10405,"surname":"俟","name":"0","title":"0","language":"zh_tw"},"10406":{"id":10406,"surname":"上官","name":"0","title":"0","language":"zh_tw"},"10407":{"id":10407,"surname":"歐陽","name":"0","title":"0","language":"zh_tw"},"10408":{"id":10408,"surname":"夏候","name":"0","title":"0","language":"zh_tw"},"10409":{"id":10409,"surname":"諸葛","name":"0","title":"0","language":"zh_tw"},"10410":{"id":10410,"surname":"聞人","name":"0","title":"0","language":"zh_tw"},"10411":{"id":10411,"surname":"東方","name":"0","title":"0","language":"zh_tw"},"10412":{"id":10412,"surname":"赫連","name":"0","title":"0","language":"zh_tw"},"10413":{"id":10413,"surname":"皇甫","name":"0","title":"0","language":"zh_tw"},"10414":{"id":10414,"surname":"尉遲","name":"0","title":"0","language":"zh_tw"},"10415":{"id":10415,"surname":"公羊","name":"0","title":"0","language":"zh_tw"},"10416":{"id":10416,"surname":"澹臺","name":"0","title":"0","language":"zh_tw"},"10417":{"id":10417,"surname":"公冶","name":"0","title":"0","language":"zh_tw"},"10418":{"id":10418,"surname":"宗政","name":"0","title":"0","language":"zh_tw"},"10419":{"id":10419,"surname":"濮陽","name":"0","title":"0","language":"zh_tw"},"10420":{"id":10420,"surname":"淳于","name":"0","title":"0","language":"zh_tw"},"10421":{"id":10421,"surname":"單于","name":"0","title":"0","language":"zh_tw"},"10422":{"id":10422,"surname":"太叔","name":"0","title":"0","language":"zh_tw"},"10423":{"id":10423,"surname":"申屠","name":"0","title":"0","language":"zh_tw"},"10424":{"id":10424,"surname":"公孫","name":"0","title":"0","language":"zh_tw"},"10425":{"id":10425,"surname":"仲孫","name":"0","title":"0","language":"zh_tw"},"10426":{"id":10426,"surname":"軒轅","name":"0","title":"0","language":"zh_tw"},"10427":{"id":10427,"surname":"令狐","name":"0","title":"0","language":"zh_tw"},"10428":{"id":10428,"surname":"鍾離","name":"0","title":"0","language":"zh_tw"},"10429":{"id":10429,"surname":"宇文","name":"0","title":"0","language":"zh_tw"},"10430":{"id":10430,"surname":"長孫","name":"0","title":"0","language":"zh_tw"},"10431":{"id":10431,"surname":"慕容","name":"0","title":"0","language":"zh_tw"},"10432":{"id":10432,"surname":"鮮于","name":"0","title":"0","language":"zh_tw"},"10433":{"id":10433,"surname":"閭丘","name":"0","title":"0","language":"zh_tw"},"10434":{"id":10434,"surname":"司徒","name":"0","title":"0","language":"zh_tw"},"10435":{"id":10435,"surname":"司空","name":"0","title":"0","language":"zh_tw"},"10436":{"id":10436,"surname":"亓官","name":"0","title":"0","language":"zh_tw"},"10437":{"id":10437,"surname":"司寇","name":"0","title":"0","language":"zh_tw"},"10438":{"id":10438,"surname":"仉督","name":"0","title":"0","language":"zh_tw"},"10439":{"id":10439,"surname":"子車","name":"0","title":"0","language":"zh_tw"},"10440":{"id":10440,"surname":"司馬","name":"0","title":"0","language":"zh_tw"},"10441":{"id":10441,"surname":"端木","name":"0","title":"0","language":"zh_tw"},"10442":{"id":10442,"surname":"巫馬","name":"0","title":"0","language":"zh_tw"},"10443":{"id":10443,"surname":"公西","name":"0","title":"0","language":"zh_tw"},"10444":{"id":10444,"surname":"漆雕","name":"0","title":"0","language":"zh_tw"},"10445":{"id":10445,"surname":"樂正","name":"0","title":"0","language":"zh_tw"},"10446":{"id":10446,"surname":"壤駟","name":"0","title":"0","language":"zh_tw"},"10447":{"id":10447,"surname":"公良","name":"0","title":"0","language":"zh_tw"},"10448":{"id":10448,"surname":"拓拔","name":"0","title":"0","language":"zh_tw"},"10449":{"id":10449,"surname":"夾谷","name":"0","title":"0","language":"zh_tw"},"10450":{"id":10450,"surname":"宰父","name":"0","title":"0","language":"zh_tw"},"10451":{"id":10451,"surname":"穀梁","name":"0","title":"0","language":"zh_tw"},"10452":{"id":10452,"surname":"楚","name":"0","title":"0","language":"zh_tw"},"10453":{"id":10453,"surname":"晉","name":"0","title":"0","language":"zh_tw"},"10454":{"id":10454,"surname":"閆","name":"0","title":"0","language":"zh_tw"},"10455":{"id":10455,"surname":"法","name":"0","title":"0","language":"zh_tw"},"10456":{"id":10456,"surname":"汝","name":"0","title":"0","language":"zh_tw"},"10457":{"id":10457,"surname":"鄢","name":"0","title":"0","language":"zh_tw"},"10458":{"id":10458,"surname":"塗","name":"0","title":"0","language":"zh_tw"},"10459":{"id":10459,"surname":"欽","name":"0","title":"0","language":"zh_tw"},"10460":{"id":10460,"surname":"段幹","name":"0","title":"0","language":"zh_tw"},"10461":{"id":10461,"surname":"百里","name":"0","title":"0","language":"zh_tw"},"10462":{"id":10462,"surname":"東郭","name":"0","title":"0","language":"zh_tw"},"10463":{"id":10463,"surname":"南門","name":"0","title":"0","language":"zh_tw"},"10464":{"id":10464,"surname":"呼延","name":"0","title":"0","language":"zh_tw"},"10465":{"id":10465,"surname":"歸海","name":"0","title":"0","language":"zh_tw"},"10466":{"id":10466,"surname":"羊舌","name":"0","title":"0","language":"zh_tw"},"10467":{"id":10467,"surname":"微生","name":"0","title":"0","language":"zh_tw"},"10468":{"id":10468,"surname":"嶽","name":"0","title":"0","language":"zh_tw"},"10469":{"id":10469,"surname":"帥","name":"0","title":"0","language":"zh_tw"},"10470":{"id":10470,"surname":"緱","name":"0","title":"0","language":"zh_tw"},"10471":{"id":10471,"surname":"亢","name":"0","title":"0","language":"zh_tw"},"10472":{"id":10472,"surname":"況","name":"0","title":"0","language":"zh_tw"},"10473":{"id":10473,"surname":"有","name":"0","title":"0","language":"zh_tw"},"10474":{"id":10474,"surname":"琴","name":"0","title":"0","language":"zh_tw"},"10475":{"id":10475,"surname":"梁丘","name":"0","title":"0","language":"zh_tw"},"10476":{"id":10476,"surname":"左丘","name":"0","title":"0","language":"zh_tw"},"10477":{"id":10477,"surname":"東門","name":"0","title":"0","language":"zh_tw"},"10478":{"id":10478,"surname":"西門","name":"0","title":"0","language":"zh_tw"},"10479":{"id":10479,"surname":"商","name":"0","title":"0","language":"zh_tw"},"10480":{"id":10480,"surname":"牟","name":"0","title":"0","language":"zh_tw"},"10481":{"id":10481,"surname":"佘","name":"0","title":"0","language":"zh_tw"},"10482":{"id":10482,"surname":"耳","name":"0","title":"0","language":"zh_tw"},"10483":{"id":10483,"surname":"伯","name":"0","title":"0","language":"zh_tw"},"10484":{"id":10484,"surname":"賞","name":"0","title":"0","language":"zh_tw"},"10485":{"id":10485,"surname":"南宮","name":"0","title":"0","language":"zh_tw"},"10486":{"id":10486,"surname":"墨","name":"0","title":"0","language":"zh_tw"},"10487":{"id":10487,"surname":"哈","name":"0","title":"0","language":"zh_tw"},"10488":{"id":10488,"surname":"譙笪","name":"0","title":"0","language":"zh_tw"},"10489":{"id":10489,"surname":"年","name":"0","title":"0","language":"zh_tw"},"10490":{"id":10490,"surname":"愛","name":"0","title":"0","language":"zh_tw"},"10491":{"id":10491,"surname":"陽","name":"0","title":"0","language":"zh_tw"},"10492":{"id":10492,"surname":"佟","name":"0","title":"0","language":"zh_tw"},"10493":{"id":10493,"surname":"第五","name":"0","title":"0","language":"zh_tw"},"10494":{"id":10494,"surname":"言","name":"0","title":"0","language":"zh_tw"},"10495":{"id":10495,"surname":"福","name":"0","title":"0","language":"zh_tw"}}