{"140401":{"id":140401,"icon":140401,"type":1,"titleType":3,"getType":1,"skill":0,"bodyHeight":160,"belong":4,"quality":1,"create":1,"unlock":1,"params":"0|0|0|0","attackType":"3","attackExcursion":"0|0","treeRomote":0,"treeExcursion":"0|0","formationExcursion":"0|0","name":"Player_Chara_Name-141001","desc":"Player_Chara__Desc-141001"},"140402":{"id":140402,"icon":140402,"type":1,"titleType":3,"getType":1,"skill":0,"bodyHeight":160,"belong":4,"quality":2,"create":0,"unlock":2,"params":"0|0|0|0","attackType":"3","attackExcursion":"0|0","treeRomote":0,"treeExcursion":"0|0","formationExcursion":"0|0","name":"Player_Chara_Name-141002","desc":"Player_Chara__Desc-141002"},"140403":{"id":140403,"icon":140403,"type":1,"titleType":3,"getType":1,"skill":0,"bodyHeight":175,"belong":4,"quality":3,"create":0,"unlock":4,"params":"0|0|0|0","attackType":"3","attackExcursion":"0|0","treeRomote":0,"treeExcursion":"0|0","formationExcursion":"0|0","name":"Player_Chara_Name-141003","desc":"Player_Chara__Desc-141003"},"140404":{"id":140404,"icon":140404,"type":1,"titleType":3,"getType":1,"skill":0,"bodyHeight":175,"belong":4,"quality":4,"create":0,"unlock":7,"params":"0|0|0|0","attackType":"3","attackExcursion":"0|0","treeRomote":0,"treeExcursion":"0|0","formationExcursion":"0|0","name":"Player_Chara_Name-141004","desc":"Player_Chara__Desc-141004"},"140405":{"id":140405,"icon":140405,"type":1,"titleType":3,"getType":1,"skill":0,"bodyHeight":200,"belong":4,"quality":5,"create":0,"unlock":10,"params":"0|0|0|0","attackType":"3","attackExcursion":"0|0","treeRomote":0,"treeExcursion":"0|0","formationExcursion":"0|0","name":"Player_Chara_Name-141005","desc":"Player_Chara__Desc-141005"},"140406":{"id":140406,"icon":140406,"type":1,"titleType":3,"getType":1,"skill":0,"bodyHeight":200,"belong":4,"quality":6,"create":0,"unlock":13,"params":"0|0|0|0","attackType":"3","attackExcursion":"0|0","treeRomote":0,"treeExcursion":"0|0","formationExcursion":"0|0","name":"Player_Chara_Name-141006","desc":"Player_Chara__Desc-141006"},"140407":{"id":140407,"icon":140407,"type":1,"titleType":3,"getType":1,"skill":0,"bodyHeight":210,"belong":4,"quality":6,"create":0,"unlock":16,"params":"0|0|0|0","attackType":"12","attackExcursion":"0|0","treeRomote":1,"treeExcursion":"100|0","formationExcursion":"0|0","name":"Player_Chara_Name-141007","desc":"Player_Chara__Desc-141007"},"140408":{"id":140408,"icon":140408,"type":1,"titleType":3,"getType":1,"skill":0,"bodyHeight":210,"belong":4,"quality":6,"create":0,"unlock":19,"params":"0|0|0|0","attackType":"12","attackExcursion":"0|0","treeRomote":1,"treeExcursion":"100|0","formationExcursion":"0|0","name":"Player_Chara_Name-141008","desc":"Player_Chara__Desc-141008"},"140409":{"id":140409,"icon":140409,"type":1,"titleType":3,"getType":1,"skill":0,"bodyHeight":250,"belong":4,"quality":6,"create":0,"unlock":22,"params":"0|0|0|0","attackType":"12","attackExcursion":"0|0","treeRomote":1,"treeExcursion":"100|0","formationExcursion":"0|0","name":"Player_Chara_Name-141009","desc":"Player_Chara__Desc-141009"},"140410":{"id":140410,"icon":140410,"type":1,"titleType":3,"getType":1,"skill":0,"bodyHeight":250,"belong":4,"quality":6,"create":0,"unlock":25,"params":"0|0|0|0","attackType":"12","attackExcursion":"0|0","treeRomote":1,"treeExcursion":"100|0","formationExcursion":"0|0","name":"Player_Chara_Name-141010","desc":"Player_Chara__Desc-141010"},"140411":{"id":140411,"icon":140411,"type":1,"titleType":3,"getType":1,"skill":0,"bodyHeight":250,"belong":4,"quality":6,"create":0,"unlock":31,"params":"0|0|0|0","attackType":"11","attackExcursion":"0|0","treeRomote":1,"treeExcursion":"100|0","formationExcursion":"0|0","name":"Player_Chara_Name-141011","desc":"Player_Chara__Desc-141011"},"140501":{"id":140501,"icon":140501,"type":1,"titleType":3,"getType":1,"skill":0,"bodyHeight":160,"belong":5,"quality":1,"create":1,"unlock":1,"params":"0|0|0|0","attackType":"3","attackExcursion":"0|0","treeRomote":0,"treeExcursion":"0|0","formationExcursion":"0|0","name":"Player_Chara_Name-141001","desc":"Player_Chara__Desc-141001"},"140502":{"id":140502,"icon":140502,"type":1,"titleType":3,"getType":1,"skill":0,"bodyHeight":160,"belong":5,"quality":2,"create":0,"unlock":2,"params":"0|0|0|0","attackType":"3","attackExcursion":"0|0","treeRomote":0,"treeExcursion":"0|0","formationExcursion":"0|0","name":"Player_Chara_Name-141002","desc":"Player_Chara__Desc-141002"},"140503":{"id":140503,"icon":140503,"type":1,"titleType":3,"getType":1,"skill":0,"bodyHeight":175,"belong":5,"quality":3,"create":0,"unlock":4,"params":"0|0|0|0","attackType":"3","attackExcursion":"0|0","treeRomote":0,"treeExcursion":"0|0","formationExcursion":"0|0","name":"Player_Chara_Name-141003","desc":"Player_Chara__Desc-141003"},"140504":{"id":140504,"icon":140504,"type":1,"titleType":3,"getType":1,"skill":0,"bodyHeight":175,"belong":5,"quality":4,"create":0,"unlock":7,"params":"0|0|0|0","attackType":"3","attackExcursion":"0|0","treeRomote":0,"treeExcursion":"0|0","formationExcursion":"0|0","name":"Player_Chara_Name-141004","desc":"Player_Chara__Desc-141004"},"140505":{"id":140505,"icon":140505,"type":1,"titleType":3,"getType":1,"skill":0,"bodyHeight":200,"belong":5,"quality":5,"create":0,"unlock":10,"params":"0|0|0|0","attackType":"3","attackExcursion":"0|0","treeRomote":0,"treeExcursion":"0|0","formationExcursion":"0|0","name":"Player_Chara_Name-141005","desc":"Player_Chara__Desc-141005"},"140506":{"id":140506,"icon":140506,"type":1,"titleType":3,"getType":1,"skill":0,"bodyHeight":200,"belong":5,"quality":6,"create":0,"unlock":13,"params":"0|0|0|0","attackType":"3","attackExcursion":"0|0","treeRomote":0,"treeExcursion":"0|0","formationExcursion":"0|0","name":"Player_Chara_Name-141006","desc":"Player_Chara__Desc-141006"},"140507":{"id":140507,"icon":140507,"type":1,"titleType":3,"getType":1,"skill":0,"bodyHeight":210,"belong":5,"quality":6,"create":0,"unlock":16,"params":"0|0|0|0","attackType":"12","attackExcursion":"0|0","treeRomote":1,"treeExcursion":"100|0","formationExcursion":"0|0","name":"Player_Chara_Name-141007","desc":"Player_Chara__Desc-141007"},"140508":{"id":140508,"icon":140508,"type":1,"titleType":3,"getType":1,"skill":0,"bodyHeight":210,"belong":5,"quality":6,"create":0,"unlock":19,"params":"0|0|0|0","attackType":"12","attackExcursion":"0|0","treeRomote":1,"treeExcursion":"100|0","formationExcursion":"0|0","name":"Player_Chara_Name-141008","desc":"Player_Chara__Desc-141008"},"140509":{"id":140509,"icon":140509,"type":1,"titleType":3,"getType":1,"skill":0,"bodyHeight":250,"belong":5,"quality":6,"create":0,"unlock":22,"params":"0|0|0|0","attackType":"12","attackExcursion":"0|0","treeRomote":1,"treeExcursion":"100|0","formationExcursion":"0|0","name":"Player_Chara_Name-141009","desc":"Player_Chara__Desc-141009"},"140510":{"id":140510,"icon":140510,"type":1,"titleType":3,"getType":1,"skill":0,"bodyHeight":250,"belong":5,"quality":6,"create":0,"unlock":25,"params":"0|0|0|0","attackType":"12","attackExcursion":"0|0","treeRomote":1,"treeExcursion":"100|0","formationExcursion":"0|0","name":"Player_Chara_Name-141010","desc":"Player_Chara__Desc-141010"},"140511":{"id":140511,"icon":140511,"type":1,"titleType":3,"getType":1,"skill":0,"bodyHeight":250,"belong":5,"quality":6,"create":0,"unlock":31,"params":"0|0|0|0","attackType":"11","attackExcursion":"0|0","treeRomote":1,"treeExcursion":"100|0","formationExcursion":"0|0","name":"Player_Chara_Name-141011","desc":"Player_Chara__Desc-141011"},"140601":{"id":140601,"icon":140601,"type":1,"titleType":3,"getType":1,"skill":0,"bodyHeight":175,"belong":6,"quality":1,"create":1,"unlock":1,"params":"0|0|0|0","attackType":"1","attackExcursion":"0|0","treeRomote":0,"treeExcursion":"0|0","formationExcursion":"0|0","name":"Player_Chara_Name-141001","desc":"Player_Chara__Desc-141001"},"140602":{"id":140602,"icon":141002,"type":1,"titleType":3,"getType":1,"skill":0,"bodyHeight":175,"belong":6,"quality":2,"create":0,"unlock":2,"params":"0|0|0|0","attackType":"1","attackExcursion":"0|0","treeRomote":0,"treeExcursion":"0|0","formationExcursion":"0|0","name":"Player_Chara_Name-141002","desc":"Player_Chara__Desc-141002"},"140603":{"id":140603,"icon":141003,"type":1,"titleType":3,"getType":1,"skill":0,"bodyHeight":190,"belong":6,"quality":3,"create":0,"unlock":4,"params":"0|0|0|0","attackType":"1","attackExcursion":"0|0","treeRomote":0,"treeExcursion":"0|0","formationExcursion":"0|0","name":"Player_Chara_Name-141003","desc":"Player_Chara__Desc-141003"},"140604":{"id":140604,"icon":141004,"type":1,"titleType":3,"getType":1,"skill":0,"bodyHeight":190,"belong":6,"quality":4,"create":0,"unlock":7,"params":"0|0|0|0","attackType":"2","attackExcursion":"0|0","treeRomote":0,"treeExcursion":"0|0","formationExcursion":"0|0","name":"Player_Chara_Name-141004","desc":"Player_Chara__Desc-141004"},"140605":{"id":140605,"icon":141005,"type":1,"titleType":3,"getType":1,"skill":0,"bodyHeight":200,"belong":6,"quality":5,"create":0,"unlock":10,"params":"0|0|0|0","attackType":"1","attackExcursion":"0|0","treeRomote":0,"treeExcursion":"0|0","formationExcursion":"0|0","name":"Player_Chara_Name-141005","desc":"Player_Chara__Desc-141005"},"140606":{"id":140606,"icon":141006,"type":1,"titleType":3,"getType":1,"skill":0,"bodyHeight":200,"belong":6,"quality":6,"create":0,"unlock":13,"params":"0|0|0|0","attackType":"1","attackExcursion":"0|0","treeRomote":0,"treeExcursion":"0|0","formationExcursion":"0|0","name":"Player_Chara_Name-141006","desc":"Player_Chara__Desc-141006"},"140607":{"id":140607,"icon":141007,"type":1,"titleType":3,"getType":1,"skill":0,"bodyHeight":230,"belong":6,"quality":6,"create":0,"unlock":16,"params":"0|0|0|0","attackType":"12","attackExcursion":"0|0","treeRomote":1,"treeExcursion":"100|0","formationExcursion":"0|0","name":"Player_Chara_Name-141007","desc":"Player_Chara__Desc-141007"},"140608":{"id":140608,"icon":141008,"type":1,"titleType":3,"getType":1,"skill":0,"bodyHeight":230,"belong":6,"quality":6,"create":0,"unlock":19,"params":"0|0|0|0","attackType":"12","attackExcursion":"0|0","treeRomote":1,"treeExcursion":"100|0","formationExcursion":"0|0","name":"Player_Chara_Name-141008","desc":"Player_Chara__Desc-141008"},"140609":{"id":140609,"icon":141009,"type":1,"titleType":3,"getType":1,"skill":0,"bodyHeight":230,"belong":6,"quality":6,"create":0,"unlock":22,"params":"0|0|0|0","attackType":"11","attackExcursion":"0|0","treeRomote":1,"treeExcursion":"100|0","formationExcursion":"0|0","name":"Player_Chara_Name-141009","desc":"Player_Chara__Desc-141009"},"140610":{"id":140610,"icon":141010,"type":1,"titleType":3,"getType":1,"skill":0,"bodyHeight":230,"belong":6,"quality":6,"create":0,"unlock":25,"params":"0|0|0|0","attackType":"12","attackExcursion":"0|0","treeRomote":1,"treeExcursion":"100|0","formationExcursion":"0|0","name":"Player_Chara_Name-141010","desc":"Player_Chara__Desc-141010"},"140611":{"id":140611,"icon":141011,"type":1,"titleType":3,"getType":1,"skill":0,"bodyHeight":230,"belong":6,"quality":6,"create":0,"unlock":31,"params":"0|0|0|0","attackType":"12","attackExcursion":"0|0","treeRomote":1,"treeExcursion":"100|0","formationExcursion":"0|0","name":"Player_Chara_Name-141011","desc":"Player_Chara__Desc-141011"},"140701":{"id":140701,"icon":140701,"type":1,"titleType":3,"getType":1,"skill":0,"bodyHeight":175,"belong":7,"quality":1,"create":0,"unlock":1,"params":"0|0|0|0","attackType":"1","attackExcursion":"0|0","treeRomote":0,"treeExcursion":"0|0","formationExcursion":"0|0","name":"Player_Chara_Name-141001","desc":"Player_Chara__Desc-141001"},"140702":{"id":140702,"icon":142002,"type":1,"titleType":3,"getType":1,"skill":0,"bodyHeight":175,"belong":7,"quality":2,"create":0,"unlock":2,"params":"0|0|0|0","attackType":"1","attackExcursion":"0|0","treeRomote":0,"treeExcursion":"0|0","formationExcursion":"0|0","name":"Player_Chara_Name-141002","desc":"Player_Chara__Desc-141002"},"140703":{"id":140703,"icon":142003,"type":1,"titleType":3,"getType":1,"skill":0,"bodyHeight":190,"belong":7,"quality":3,"create":0,"unlock":4,"params":"0|0|0|0","attackType":"1","attackExcursion":"0|0","treeRomote":0,"treeExcursion":"0|0","formationExcursion":"0|0","name":"Player_Chara_Name-141003","desc":"Player_Chara__Desc-141003"},"140704":{"id":140704,"icon":142004,"type":1,"titleType":3,"getType":1,"skill":0,"bodyHeight":190,"belong":7,"quality":4,"create":0,"unlock":7,"params":"0|0|0|0","attackType":"2","attackExcursion":"0|0","treeRomote":0,"treeExcursion":"0|0","formationExcursion":"0|0","name":"Player_Chara_Name-141004","desc":"Player_Chara__Desc-141004"},"140705":{"id":140705,"icon":142005,"type":1,"titleType":3,"getType":1,"skill":0,"bodyHeight":200,"belong":7,"quality":5,"create":0,"unlock":10,"params":"0|0|0|0","attackType":"1","attackExcursion":"0|0","treeRomote":0,"treeExcursion":"0|0","formationExcursion":"0|0","name":"Player_Chara_Name-141005","desc":"Player_Chara__Desc-141005"},"140706":{"id":140706,"icon":142006,"type":1,"titleType":3,"getType":1,"skill":0,"bodyHeight":200,"belong":7,"quality":6,"create":0,"unlock":13,"params":"0|0|0|0","attackType":"1","attackExcursion":"0|0","treeRomote":0,"treeExcursion":"0|0","formationExcursion":"0|0","name":"Player_Chara_Name-141006","desc":"Player_Chara__Desc-141006"},"140707":{"id":140707,"icon":142007,"type":1,"titleType":3,"getType":1,"skill":0,"bodyHeight":230,"belong":7,"quality":6,"create":0,"unlock":16,"params":"0|0|0|0","attackType":"12","attackExcursion":"0|0","treeRomote":1,"treeExcursion":"100|0","formationExcursion":"0|0","name":"Player_Chara_Name-141007","desc":"Player_Chara__Desc-141007"},"140708":{"id":140708,"icon":142008,"type":1,"titleType":3,"getType":1,"skill":0,"bodyHeight":230,"belong":7,"quality":6,"create":0,"unlock":19,"params":"0|0|0|0","attackType":"12","attackExcursion":"0|0","treeRomote":1,"treeExcursion":"100|0","formationExcursion":"0|0","name":"Player_Chara_Name-141008","desc":"Player_Chara__Desc-141008"},"140709":{"id":140709,"icon":142009,"type":1,"titleType":3,"getType":1,"skill":0,"bodyHeight":230,"belong":7,"quality":6,"create":0,"unlock":22,"params":"0|0|0|0","attackType":"11","attackExcursion":"0|0","treeRomote":1,"treeExcursion":"100|0","formationExcursion":"0|0","name":"Player_Chara_Name-141009","desc":"Player_Chara__Desc-141009"},"140710":{"id":140710,"icon":142010,"type":1,"titleType":3,"getType":1,"skill":0,"bodyHeight":230,"belong":7,"quality":6,"create":0,"unlock":25,"params":"0|0|0|0","attackType":"12","attackExcursion":"0|0","treeRomote":1,"treeExcursion":"100|0","formationExcursion":"0|0","name":"Player_Chara_Name-141010","desc":"Player_Chara__Desc-141010"},"140711":{"id":140711,"icon":142011,"type":1,"titleType":3,"getType":1,"skill":0,"bodyHeight":230,"belong":7,"quality":6,"create":0,"unlock":31,"params":"0|0|0|0","attackType":"12","attackExcursion":"0|0","treeRomote":1,"treeExcursion":"100|0","formationExcursion":"0|0","name":"Player_Chara_Name-141011","desc":"Player_Chara__Desc-141011"},"141001":{"id":141001,"icon":141001,"type":1,"titleType":3,"getType":1,"skill":0,"bodyHeight":175,"belong":1,"quality":1,"create":1,"unlock":1,"params":"0|0|0|0","attackType":"1","attackExcursion":"0|0","treeRomote":0,"treeExcursion":"0|0","formationExcursion":"0|0","name":"Player_Chara_Name-141001","desc":"Player_Chara__Desc-141001"},"141002":{"id":141002,"icon":141002,"type":1,"titleType":3,"getType":1,"skill":0,"bodyHeight":175,"belong":1,"quality":2,"create":0,"unlock":2,"params":"0|0|0|0","attackType":"1","attackExcursion":"0|0","treeRomote":0,"treeExcursion":"0|0","formationExcursion":"0|0","name":"Player_Chara_Name-141002","desc":"Player_Chara__Desc-141002"},"141003":{"id":141003,"icon":141003,"type":1,"titleType":3,"getType":1,"skill":0,"bodyHeight":190,"belong":1,"quality":3,"create":0,"unlock":4,"params":"0|0|0|0","attackType":"1","attackExcursion":"0|0","treeRomote":0,"treeExcursion":"0|0","formationExcursion":"0|0","name":"Player_Chara_Name-141003","desc":"Player_Chara__Desc-141003"},"141004":{"id":141004,"icon":141004,"type":1,"titleType":3,"getType":1,"skill":0,"bodyHeight":190,"belong":1,"quality":4,"create":0,"unlock":7,"params":"0|0|0|0","attackType":"2","attackExcursion":"0|0","treeRomote":0,"treeExcursion":"0|0","formationExcursion":"0|0","name":"Player_Chara_Name-141004","desc":"Player_Chara__Desc-141004"},"141005":{"id":141005,"icon":141005,"type":1,"titleType":3,"getType":1,"skill":0,"bodyHeight":200,"belong":1,"quality":5,"create":0,"unlock":10,"params":"0|0|0|0","attackType":"1","attackExcursion":"0|0","treeRomote":0,"treeExcursion":"0|0","formationExcursion":"0|0","name":"Player_Chara_Name-141005","desc":"Player_Chara__Desc-141005"},"141006":{"id":141006,"icon":141006,"type":1,"titleType":3,"getType":1,"skill":0,"bodyHeight":200,"belong":1,"quality":6,"create":0,"unlock":13,"params":"0|0|0|0","attackType":"1","attackExcursion":"0|0","treeRomote":0,"treeExcursion":"0|0","formationExcursion":"0|0","name":"Player_Chara_Name-141006","desc":"Player_Chara__Desc-141006"},"141007":{"id":141007,"icon":141007,"type":1,"titleType":3,"getType":1,"skill":0,"bodyHeight":230,"belong":1,"quality":6,"create":0,"unlock":16,"params":"0|0|0|0","attackType":"12","attackExcursion":"0|0","treeRomote":1,"treeExcursion":"100|0","formationExcursion":"0|0","name":"Player_Chara_Name-141007","desc":"Player_Chara__Desc-141007"},"141008":{"id":141008,"icon":141008,"type":1,"titleType":3,"getType":1,"skill":0,"bodyHeight":230,"belong":1,"quality":6,"create":0,"unlock":19,"params":"0|0|0|0","attackType":"12","attackExcursion":"0|0","treeRomote":1,"treeExcursion":"100|0","formationExcursion":"0|0","name":"Player_Chara_Name-141008","desc":"Player_Chara__Desc-141008"},"141009":{"id":141009,"icon":141009,"type":1,"titleType":3,"getType":1,"skill":0,"bodyHeight":230,"belong":1,"quality":6,"create":0,"unlock":22,"params":"0|0|0|0","attackType":"11","attackExcursion":"0|0","treeRomote":1,"treeExcursion":"100|0","formationExcursion":"0|0","name":"Player_Chara_Name-141009","desc":"Player_Chara__Desc-141009"},"141010":{"id":141010,"icon":141010,"type":1,"titleType":3,"getType":1,"skill":0,"bodyHeight":230,"belong":1,"quality":6,"create":0,"unlock":25,"params":"0|0|0|0","attackType":"12","attackExcursion":"0|0","treeRomote":1,"treeExcursion":"100|0","formationExcursion":"0|0","name":"Player_Chara_Name-141010","desc":"Player_Chara__Desc-141010"},"141011":{"id":141011,"icon":141011,"type":1,"titleType":3,"getType":1,"skill":0,"bodyHeight":230,"belong":1,"quality":6,"create":0,"unlock":31,"params":"0|0|0|0","attackType":"12","attackExcursion":"0|0","treeRomote":1,"treeExcursion":"100|0","formationExcursion":"0|0","name":"Player_Chara_Name-141011","desc":"Player_Chara__Desc-141011"},"142001":{"id":142001,"icon":142001,"type":1,"titleType":3,"getType":1,"skill":0,"bodyHeight":180,"belong":2,"quality":1,"create":1,"unlock":1,"params":"0|0|0|0","attackType":"3","attackExcursion":"0|0","treeRomote":0,"treeExcursion":"0|0","formationExcursion":"0|0","name":"Player_Chara_Name-141001","desc":"Player_Chara__Desc-141001"},"142002":{"id":142002,"icon":142002,"type":1,"titleType":3,"getType":1,"skill":0,"bodyHeight":180,"belong":2,"quality":2,"create":0,"unlock":2,"params":"0|0|0|0","attackType":"3","attackExcursion":"0|0","treeRomote":0,"treeExcursion":"0|0","formationExcursion":"0|0","name":"Player_Chara_Name-141002","desc":"Player_Chara__Desc-141002"},"142003":{"id":142003,"icon":142003,"type":1,"titleType":3,"getType":1,"skill":0,"bodyHeight":200,"belong":2,"quality":3,"create":0,"unlock":4,"params":"0|0|0|0","attackType":"3","attackExcursion":"0|0","treeRomote":0,"treeExcursion":"0|0","formationExcursion":"0|0","name":"Player_Chara_Name-141003","desc":"Player_Chara__Desc-141003"},"142004":{"id":142004,"icon":142004,"type":1,"titleType":3,"getType":1,"skill":0,"bodyHeight":200,"belong":2,"quality":4,"create":0,"unlock":7,"params":"0|0|0|0","attackType":"3","attackExcursion":"0|0","treeRomote":0,"treeExcursion":"0|0","formationExcursion":"0|0","name":"Player_Chara_Name-141004","desc":"Player_Chara__Desc-141004"},"142005":{"id":142005,"icon":142005,"type":1,"titleType":3,"getType":1,"skill":0,"bodyHeight":210,"belong":2,"quality":5,"create":0,"unlock":10,"params":"0|0|0|0","attackType":"3","attackExcursion":"0|0","treeRomote":0,"treeExcursion":"0|0","formationExcursion":"0|0","name":"Player_Chara_Name-141005","desc":"Player_Chara__Desc-141005"},"142006":{"id":142006,"icon":142006,"type":1,"titleType":3,"getType":1,"skill":0,"bodyHeight":210,"belong":2,"quality":6,"create":0,"unlock":13,"params":"0|0|0|0","attackType":"3","attackExcursion":"0|0","treeRomote":0,"treeExcursion":"0|0","formationExcursion":"0|0","name":"Player_Chara_Name-141006","desc":"Player_Chara__Desc-141006"},"142007":{"id":142007,"icon":142007,"type":1,"titleType":3,"getType":1,"skill":0,"bodyHeight":260,"belong":2,"quality":6,"create":0,"unlock":16,"params":"0|0|0|0","attackType":"3","attackExcursion":"0|0","treeRomote":0,"treeExcursion":"100|0","formationExcursion":"0|0","name":"Player_Chara_Name-141007","desc":"Player_Chara__Desc-141007"},"142008":{"id":142008,"icon":142008,"type":1,"titleType":3,"getType":1,"skill":0,"bodyHeight":260,"belong":2,"quality":6,"create":0,"unlock":19,"params":"0|0|0|0","attackType":"12","attackExcursion":"0|0","treeRomote":1,"treeExcursion":"100|0","formationExcursion":"0|0","name":"Player_Chara_Name-141008","desc":"Player_Chara__Desc-141008"},"142009":{"id":142009,"icon":142009,"type":1,"titleType":3,"getType":1,"skill":0,"bodyHeight":260,"belong":2,"quality":6,"create":0,"unlock":22,"params":"0|0|0|0","attackType":"11","attackExcursion":"0|0","treeRomote":1,"treeExcursion":"100|0","formationExcursion":"0|0","name":"Player_Chara_Name-141009","desc":"Player_Chara__Desc-141009"},"142010":{"id":142010,"icon":142010,"type":1,"titleType":3,"getType":1,"skill":0,"bodyHeight":260,"belong":2,"quality":6,"create":0,"unlock":25,"params":"0|0|0|0","attackType":"12","attackExcursion":"0|0","treeRomote":1,"treeExcursion":"100|0","formationExcursion":"0|0","name":"Player_Chara_Name-141010","desc":"Player_Chara__Desc-141010"},"142011":{"id":142011,"icon":142011,"type":1,"titleType":3,"getType":1,"skill":0,"bodyHeight":260,"belong":2,"quality":6,"create":0,"unlock":31,"params":"0|0|0|0","attackType":"12","attackExcursion":"0|0","treeRomote":1,"treeExcursion":"100|0","formationExcursion":"0|0","name":"Player_Chara_Name-141011","desc":"Player_Chara__Desc-141011"},"143001":{"id":143001,"icon":143001,"type":1,"titleType":3,"getType":1,"skill":0,"bodyHeight":160,"belong":3,"quality":1,"create":1,"unlock":1,"params":"0|0|0|0","attackType":"3","attackExcursion":"0|0","treeRomote":0,"treeExcursion":"0|0","formationExcursion":"0|0","name":"Player_Chara_Name-141001","desc":"Player_Chara__Desc-141001"},"143002":{"id":143002,"icon":143002,"type":1,"titleType":3,"getType":1,"skill":0,"bodyHeight":160,"belong":3,"quality":2,"create":0,"unlock":2,"params":"0|0|0|0","attackType":"3","attackExcursion":"0|0","treeRomote":0,"treeExcursion":"0|0","formationExcursion":"0|0","name":"Player_Chara_Name-141002","desc":"Player_Chara__Desc-141002"},"143003":{"id":143003,"icon":143003,"type":1,"titleType":3,"getType":1,"skill":0,"bodyHeight":175,"belong":3,"quality":3,"create":0,"unlock":4,"params":"0|0|0|0","attackType":"3","attackExcursion":"0|0","treeRomote":0,"treeExcursion":"0|0","formationExcursion":"0|0","name":"Player_Chara_Name-141003","desc":"Player_Chara__Desc-141003"},"143004":{"id":143004,"icon":143004,"type":1,"titleType":3,"getType":1,"skill":0,"bodyHeight":175,"belong":3,"quality":4,"create":0,"unlock":7,"params":"0|0|0|0","attackType":"3","attackExcursion":"0|0","treeRomote":0,"treeExcursion":"0|0","formationExcursion":"0|0","name":"Player_Chara_Name-141004","desc":"Player_Chara__Desc-141004"},"143005":{"id":143005,"icon":143005,"type":1,"titleType":3,"getType":1,"skill":0,"bodyHeight":200,"belong":3,"quality":5,"create":0,"unlock":10,"params":"0|0|0|0","attackType":"3","attackExcursion":"0|0","treeRomote":0,"treeExcursion":"0|0","formationExcursion":"0|0","name":"Player_Chara_Name-141005","desc":"Player_Chara__Desc-141005"},"143006":{"id":143006,"icon":143006,"type":1,"titleType":3,"getType":1,"skill":0,"bodyHeight":200,"belong":3,"quality":6,"create":0,"unlock":13,"params":"0|0|0|0","attackType":"3","attackExcursion":"0|0","treeRomote":0,"treeExcursion":"0|0","formationExcursion":"0|0","name":"Player_Chara_Name-141006","desc":"Player_Chara__Desc-141006"},"143007":{"id":143007,"icon":143007,"type":1,"titleType":3,"getType":1,"skill":0,"bodyHeight":210,"belong":3,"quality":6,"create":0,"unlock":16,"params":"0|0|0|0","attackType":"12","attackExcursion":"0|0","treeRomote":1,"treeExcursion":"100|0","formationExcursion":"0|0","name":"Player_Chara_Name-141007","desc":"Player_Chara__Desc-141007"},"143008":{"id":143008,"icon":143008,"type":1,"titleType":3,"getType":1,"skill":0,"bodyHeight":210,"belong":3,"quality":6,"create":0,"unlock":19,"params":"0|0|0|0","attackType":"12","attackExcursion":"0|0","treeRomote":1,"treeExcursion":"100|0","formationExcursion":"0|0","name":"Player_Chara_Name-141008","desc":"Player_Chara__Desc-141008"},"143009":{"id":143009,"icon":143009,"type":1,"titleType":3,"getType":1,"skill":0,"bodyHeight":250,"belong":3,"quality":6,"create":0,"unlock":22,"params":"0|0|0|0","attackType":"12","attackExcursion":"0|0","treeRomote":1,"treeExcursion":"100|0","formationExcursion":"0|0","name":"Player_Chara_Name-141009","desc":"Player_Chara__Desc-141009"},"143010":{"id":143010,"icon":143010,"type":1,"titleType":3,"getType":1,"skill":0,"bodyHeight":250,"belong":3,"quality":6,"create":0,"unlock":25,"params":"0|0|0|0","attackType":"12","attackExcursion":"0|0","treeRomote":1,"treeExcursion":"100|0","formationExcursion":"0|0","name":"Player_Chara_Name-141010","desc":"Player_Chara__Desc-141010"},"143011":{"id":143011,"icon":143011,"type":1,"titleType":3,"getType":1,"skill":0,"bodyHeight":250,"belong":3,"quality":6,"create":0,"unlock":31,"params":"0|0|0|0","attackType":"11","attackExcursion":"0|0","treeRomote":1,"treeExcursion":"100|0","formationExcursion":"0|0","name":"Player_Chara_Name-141011","desc":"Player_Chara__Desc-141011"},"144001":{"id":144001,"icon":144001,"type":1,"titleType":1,"getType":2,"skill":180001,"bodyHeight":250,"belong":0,"quality":6,"create":0,"unlock":0,"params":"0|0|0|0","attackType":"2|100","attackExcursion":"0|0","treeRomote":1,"treeExcursion":"0|0","formationExcursion":"0|0","name":"Player_Chara_Name-144001","desc":"Player_Chara__Desc-144001"},"144002":{"id":144002,"icon":144002,"type":1,"titleType":1,"getType":2,"skill":180002,"bodyHeight":250,"belong":0,"quality":6,"create":0,"unlock":0,"params":"0|0|0|0","attackType":"2|12","attackExcursion":"0|0","treeRomote":1,"treeExcursion":"0|0","formationExcursion":"0|0","name":"Player_Chara_Name-144002","desc":"Player_Chara__Desc-144002"},"144003":{"id":144003,"icon":144003,"type":1,"titleType":1,"getType":3,"skill":180003,"bodyHeight":250,"belong":0,"quality":6,"create":0,"unlock":0,"params":"0|0|0|0","attackType":"2|12","attackExcursion":"0|0","treeRomote":1,"treeExcursion":"0|0","formationExcursion":"0|0","name":"Player_Chara_Name-144003","desc":"Player_Chara__Desc-144003"},"144004":{"id":144004,"icon":144004,"type":1,"titleType":1,"getType":3,"skill":180004,"bodyHeight":250,"belong":0,"quality":6,"create":0,"unlock":0,"params":"0|0|0|0","attackType":"2|12","attackExcursion":"0|0","treeRomote":1,"treeExcursion":"0|0","formationExcursion":"0|0","name":"Player_Chara_Name-144004","desc":"Player_Chara__Desc-144004"},"144005":{"id":144005,"icon":144005,"type":1,"titleType":1,"getType":2,"skill":180001,"bodyHeight":250,"belong":0,"quality":6,"create":0,"unlock":0,"params":"0|0|0|0","attackType":"2","attackExcursion":"0|0","treeRomote":1,"treeExcursion":"0|0","formationExcursion":"0|0","name":"Player_Chara_Name-144005","desc":"Player_Chara__Desc-144005"},"144006":{"id":144006,"icon":144006,"type":1,"titleType":1,"getType":2,"skill":180002,"bodyHeight":250,"belong":0,"quality":6,"create":0,"unlock":0,"params":"0|0|0|0","attackType":"2|12","attackExcursion":"0|0","treeRomote":1,"treeExcursion":"0|0","formationExcursion":"0|70","name":"Player_Chara_Name-144006","desc":"Player_Chara__Desc-144006"},"144012":{"id":144012,"icon":144012,"type":1,"titleType":1,"getType":2,"skill":180001,"bodyHeight":250,"belong":0,"quality":6,"create":0,"unlock":0,"params":"0|0|0|0","attackType":"2|12","attackExcursion":"280|0","treeRomote":1,"treeExcursion":"120|0","formationExcursion":"0|0","name":"Player_Chara_Name-144012","desc":"Player_Chara__Desc-144012"},"144013":{"id":144013,"icon":144013,"type":1,"titleType":1,"getType":2,"skill":180002,"bodyHeight":250,"belong":0,"quality":6,"create":0,"unlock":0,"params":"0|0|0|0","attackType":"2|12","attackExcursion":"0|0","treeRomote":1,"treeExcursion":"70|0","formationExcursion":"0|0","name":"Player_Chara_Name-144013","desc":"Player_Chara__Desc-144013"},"144014":{"id":144014,"icon":140601,"type":1,"titleType":1,"getType":2,"skill":0,"bodyHeight":250,"belong":0,"quality":1,"create":0,"unlock":0,"params":"0|0|0|0","attackType":"2|12","attackExcursion":"0|0","treeRomote":1,"treeExcursion":"70|0","formationExcursion":"0|0","name":"Player_Chara_Name-144014","desc":"Player_Chara__Desc-144014"},"144015":{"id":144015,"icon":140701,"type":1,"titleType":1,"getType":2,"skill":0,"bodyHeight":250,"belong":0,"quality":1,"create":0,"unlock":0,"params":"0|0|0|0","attackType":"2|12","attackExcursion":"0|0","treeRomote":1,"treeExcursion":"70|0","formationExcursion":"0|0","name":"Player_Chara_Name-144015","desc":"Player_Chara__Desc-144015"},"145001":{"id":145001,"icon":145001,"type":4,"titleType":1,"getType":2,"skill":0,"bodyHeight":0,"belong":0,"quality":6,"create":0,"unlock":0,"params":"5|5|1051|0","attackType":"0|0","attackExcursion":"0|0","treeRomote":1,"treeExcursion":"0|0","formationExcursion":"0|0","name":"Player_Chara_Name-145001","desc":"Player_Chara__Desc-145001"},"145002":{"id":145002,"icon":145002,"type":4,"titleType":1,"getType":2,"skill":0,"bodyHeight":0,"belong":0,"quality":6,"create":0,"unlock":0,"params":"4|4|1041|0","attackType":"0|0","attackExcursion":"0|0","treeRomote":1,"treeExcursion":"0|0","formationExcursion":"0|0","name":"Player_Chara_Name-145002","desc":"Player_Chara__Desc-145002"},"145003":{"id":145003,"icon":145003,"type":4,"titleType":1,"getType":2,"skill":0,"bodyHeight":0,"belong":0,"quality":6,"create":0,"unlock":0,"params":"4|4|1042|0","attackType":"0|0","attackExcursion":"0|0","treeRomote":1,"treeExcursion":"0|0","formationExcursion":"0|0","name":"Player_Chara_Name-145003","desc":"Player_Chara__Desc-145003"},"145004":{"id":145004,"icon":145004,"type":4,"titleType":1,"getType":2,"skill":0,"bodyHeight":0,"belong":0,"quality":6,"create":0,"unlock":0,"params":"4|4|1043|0","attackType":"0|0","attackExcursion":"0|0","treeRomote":1,"treeExcursion":"0|0","formationExcursion":"0|0","name":"Player_Chara_Name-145004","desc":"Player_Chara__Desc-145004"},"145005":{"id":145005,"icon":145005,"type":4,"titleType":1,"getType":2,"skill":0,"bodyHeight":0,"belong":0,"quality":6,"create":0,"unlock":0,"params":"3|3|1031|0","attackType":"0|0","attackExcursion":"0|0","treeRomote":1,"treeExcursion":"0|0","formationExcursion":"0|0","name":"Player_Chara_Name-145005","desc":"Player_Chara__Desc-145005"},"145006":{"id":145006,"icon":145006,"type":4,"titleType":1,"getType":2,"skill":0,"bodyHeight":0,"belong":0,"quality":6,"create":0,"unlock":0,"params":"3|3|1032|0","attackType":"0|0","attackExcursion":"0|0","treeRomote":1,"treeExcursion":"0|0","formationExcursion":"0|0","name":"Player_Chara_Name-145006","desc":"Player_Chara__Desc-145006"},"145007":{"id":145007,"icon":145007,"type":4,"titleType":1,"getType":2,"skill":0,"bodyHeight":0,"belong":0,"quality":6,"create":0,"unlock":0,"params":"3|3|1033|0","attackType":"0|0","attackExcursion":"0|0","treeRomote":1,"treeExcursion":"0|0","formationExcursion":"0|0","name":"Player_Chara_Name-145007","desc":"Player_Chara__Desc-145007"},"145008":{"id":145008,"icon":145008,"type":4,"titleType":1,"getType":2,"skill":0,"bodyHeight":0,"belong":0,"quality":6,"create":0,"unlock":0,"params":"3|3|1034|0","attackType":"0|0","attackExcursion":"0|0","treeRomote":1,"treeExcursion":"0|0","formationExcursion":"0|0","name":"Player_Chara_Name-145008","desc":"Player_Chara__Desc-145008"},"145009":{"id":145009,"icon":145009,"type":4,"titleType":1,"getType":2,"skill":0,"bodyHeight":0,"belong":0,"quality":6,"create":0,"unlock":0,"params":"2|2|1021|0","attackType":"0|0","attackExcursion":"0|0","treeRomote":1,"treeExcursion":"0|0","formationExcursion":"0|0","name":"Player_Chara_Name-145009","desc":"Player_Chara__Desc-145009"},"145010":{"id":145010,"icon":145010,"type":4,"titleType":1,"getType":2,"skill":0,"bodyHeight":0,"belong":0,"quality":6,"create":0,"unlock":0,"params":"2|2|1022|0","attackType":"0|0","attackExcursion":"0|0","treeRomote":1,"treeExcursion":"0|0","formationExcursion":"0|0","name":"Player_Chara_Name-145010","desc":"Player_Chara__Desc-145010"},"145011":{"id":145011,"icon":145011,"type":4,"titleType":1,"getType":2,"skill":0,"bodyHeight":0,"belong":0,"quality":6,"create":0,"unlock":0,"params":"2|2|1023|0","attackType":"0|0","attackExcursion":"0|0","treeRomote":1,"treeExcursion":"0|0","formationExcursion":"0|0","name":"Player_Chara_Name-145011","desc":"Player_Chara__Desc-145011"},"145012":{"id":145012,"icon":145012,"type":4,"titleType":1,"getType":2,"skill":0,"bodyHeight":0,"belong":0,"quality":6,"create":0,"unlock":0,"params":"2|2|1024|0","attackType":"0|0","attackExcursion":"0|0","treeRomote":1,"treeExcursion":"0|0","formationExcursion":"0|0","name":"Player_Chara_Name-145012","desc":"Player_Chara__Desc-145012"},"145013":{"id":145013,"icon":145013,"type":4,"titleType":1,"getType":2,"skill":0,"bodyHeight":0,"belong":0,"quality":6,"create":0,"unlock":0,"params":"2|2|1025|0","attackType":"0|0","attackExcursion":"0|0","treeRomote":1,"treeExcursion":"0|0","formationExcursion":"0|0","name":"Player_Chara_Name-145013","desc":"Player_Chara__Desc-145013"},"145014":{"id":145014,"icon":145014,"type":4,"titleType":1,"getType":2,"skill":0,"bodyHeight":0,"belong":0,"quality":6,"create":0,"unlock":0,"params":"2|2|1026|0","attackType":"0|0","attackExcursion":"0|0","treeRomote":1,"treeExcursion":"0|0","formationExcursion":"0|0","name":"Player_Chara_Name-145014","desc":"Player_Chara__Desc-145014"},"145015":{"id":145015,"icon":145015,"type":4,"titleType":1,"getType":2,"skill":0,"bodyHeight":0,"belong":0,"quality":6,"create":0,"unlock":0,"params":"1|1|1011|0","attackType":"0|0","attackExcursion":"0|0","treeRomote":1,"treeExcursion":"0|0","formationExcursion":"0|0","name":"Player_Chara_Name-145015","desc":"Player_Chara__Desc-145015"},"145016":{"id":145016,"icon":145016,"type":4,"titleType":1,"getType":2,"skill":0,"bodyHeight":0,"belong":0,"quality":6,"create":0,"unlock":0,"params":"1|1|1012|0","attackType":"0|0","attackExcursion":"0|0","treeRomote":1,"treeExcursion":"0|0","formationExcursion":"0|0","name":"Player_Chara_Name-145016","desc":"Player_Chara__Desc-145016"},"145017":{"id":145017,"icon":145017,"type":4,"titleType":1,"getType":2,"skill":0,"bodyHeight":0,"belong":0,"quality":6,"create":0,"unlock":0,"params":"1|1|1013|0","attackType":"0|0","attackExcursion":"0|0","treeRomote":1,"treeExcursion":"0|0","formationExcursion":"0|0","name":"Player_Chara_Name-145017","desc":"Player_Chara__Desc-145017"},"145018":{"id":145018,"icon":145018,"type":4,"titleType":1,"getType":2,"skill":0,"bodyHeight":0,"belong":0,"quality":6,"create":0,"unlock":0,"params":"1|1|1014|0","attackType":"0|0","attackExcursion":"0|0","treeRomote":1,"treeExcursion":"0|0","formationExcursion":"0|0","name":"Player_Chara_Name-145018","desc":"Player_Chara__Desc-145018"},"145019":{"id":145019,"icon":145019,"type":4,"titleType":1,"getType":2,"skill":0,"bodyHeight":0,"belong":0,"quality":6,"create":0,"unlock":0,"params":"1|1|1015|0","attackType":"0|0","attackExcursion":"0|0","treeRomote":1,"treeExcursion":"0|0","formationExcursion":"0|0","name":"Player_Chara_Name-145019","desc":"Player_Chara__Desc-145019"},"145020":{"id":145020,"icon":145020,"type":4,"titleType":2,"getType":2,"skill":0,"bodyHeight":0,"belong":0,"quality":6,"create":0,"unlock":0,"params":"9|1|2001|0","attackType":"0|0","attackExcursion":"0|0","treeRomote":1,"treeExcursion":"0|0","formationExcursion":"0|0","name":"Player_Chara_Name-145020","desc":"Player_Chara__Desc-145020"},"145021":{"id":145021,"icon":145021,"type":4,"titleType":2,"getType":2,"skill":0,"bodyHeight":0,"belong":0,"quality":6,"create":0,"unlock":0,"params":"6|2|2002|0","attackType":"0|0","attackExcursion":"0|0","treeRomote":1,"treeExcursion":"0|0","formationExcursion":"0|0","name":"Player_Chara_Name-145021","desc":"Player_Chara__Desc-145021"},"145022":{"id":145022,"icon":145022,"type":4,"titleType":2,"getType":2,"skill":0,"bodyHeight":0,"belong":0,"quality":6,"create":0,"unlock":0,"params":"7|3|2003|0","attackType":"0|0","attackExcursion":"0|0","treeRomote":1,"treeExcursion":"0|0","formationExcursion":"0|0","name":"Player_Chara_Name-145022","desc":"Player_Chara__Desc-145022"},"145023":{"id":145023,"icon":145023,"type":4,"titleType":2,"getType":2,"skill":0,"bodyHeight":0,"belong":0,"quality":6,"create":0,"unlock":0,"params":"8|4|2004|0","attackType":"0|0","attackExcursion":"0|0","treeRomote":1,"treeExcursion":"0|0","formationExcursion":"0|0","name":"Player_Chara_Name-145023","desc":"Player_Chara__Desc-145023"},"146001":{"id":146001,"icon":146001,"type":3,"titleType":1,"getType":2,"skill":0,"bodyHeight":0,"belong":0,"quality":6,"create":0,"unlock":0,"params":"0|0|0|0","attackType":"0|0","attackExcursion":"0|0","treeRomote":1,"treeExcursion":"0|0","formationExcursion":"0|0","name":"Player_Chara_Name-146001","desc":"Player_Chara__Desc-146001"},"146002":{"id":146002,"icon":146002,"type":3,"titleType":1,"getType":2,"skill":0,"bodyHeight":0,"belong":0,"quality":6,"create":0,"unlock":0,"params":"0|0|0|0","attackType":"0|0","attackExcursion":"0|0","treeRomote":1,"treeExcursion":"0|0","formationExcursion":"0|0","name":"Player_Chara_Name-146002","desc":"Player_Chara__Desc-146002"},"146003":{"id":146003,"icon":146003,"type":3,"titleType":1,"getType":2,"skill":0,"bodyHeight":0,"belong":0,"quality":6,"create":0,"unlock":0,"params":"1|0|0|0","attackType":"0|0","attackExcursion":"0|0","treeRomote":1,"treeExcursion":"0|0","formationExcursion":"0|0","name":"Player_Chara_Name-146003","desc":"Player_Chara__Desc-146003"},"146004":{"id":146004,"icon":146004,"type":3,"titleType":1,"getType":2,"skill":0,"bodyHeight":0,"belong":0,"quality":6,"create":0,"unlock":0,"params":"1|0|0|0","attackType":"0|0","attackExcursion":"0|0","treeRomote":1,"treeExcursion":"0|0","formationExcursion":"0|0","name":"Player_Chara_Name-146004","desc":"Player_Chara__Desc-146004"},"146005":{"id":146005,"icon":146005,"type":3,"titleType":1,"getType":2,"skill":0,"bodyHeight":0,"belong":0,"quality":6,"create":0,"unlock":0,"params":"1|0|0|0","attackType":"0|0","attackExcursion":"0|0","treeRomote":1,"treeExcursion":"0|0","formationExcursion":"0|0","name":"Player_Chara_Name-146005","desc":"Player_Chara__Desc-146005"},"146006":{"id":146006,"icon":146006,"type":3,"titleType":1,"getType":2,"skill":0,"bodyHeight":0,"belong":0,"quality":6,"create":0,"unlock":0,"params":"1|0|0|0","attackType":"0|0","attackExcursion":"0|0","treeRomote":1,"treeExcursion":"0|0","formationExcursion":"0|0","name":"Player_Chara_Name-146006","desc":"Player_Chara__Desc-146006"},"146007":{"id":146007,"icon":146007,"type":3,"titleType":1,"getType":2,"skill":0,"bodyHeight":0,"belong":0,"quality":6,"create":0,"unlock":0,"params":"0|0|0|0","attackType":"0|0","attackExcursion":"0|0","treeRomote":1,"treeExcursion":"0|0","formationExcursion":"0|0","name":"Player_Chara_Name-146007","desc":"Player_Chara__Desc-146007"},"146008":{"id":146008,"icon":146008,"type":3,"titleType":1,"getType":4,"skill":0,"bodyHeight":0,"belong":0,"quality":6,"create":0,"unlock":0,"params":"0|0|0|0","attackType":"0|0","attackExcursion":"0|0","treeRomote":1,"treeExcursion":"0|0","formationExcursion":"0|0","name":"Player_Chara_Name-146008","desc":"Player_Chara__Desc-146008"},"146009":{"id":146009,"icon":146009,"type":3,"titleType":1,"getType":4,"skill":0,"bodyHeight":0,"belong":0,"quality":6,"create":0,"unlock":0,"params":"0|0|0|0","attackType":"0|0","attackExcursion":"0|0","treeRomote":1,"treeExcursion":"0|0","formationExcursion":"0|0","name":"Player_Chara_Name-146009","desc":"Player_Chara__Desc-146009"},"147001":{"id":147001,"icon":147001,"type":7,"titleType":1,"getType":2,"skill":0,"bodyHeight":0,"belong":0,"quality":6,"create":0,"unlock":0,"params":"0|0|0|0","attackType":"0|0","attackExcursion":"0|0","treeRomote":1,"treeExcursion":"0|0","formationExcursion":"0|0","name":"Player_Chara_Name-147001","desc":"Player_Chara__Desc-147001"},"147002":{"id":147002,"icon":147002,"type":7,"titleType":1,"getType":2,"skill":0,"bodyHeight":0,"belong":0,"quality":6,"create":0,"unlock":0,"params":"0|0|0|0","attackType":"0|0","attackExcursion":"0|0","treeRomote":1,"treeExcursion":"0|0","formationExcursion":"0|0","name":"Player_Chara_Name-147002","desc":"Player_Chara__Desc-147002"},"148001":{"id":148001,"icon":148001,"type":6,"titleType":1,"getType":2,"skill":0,"bodyHeight":0,"belong":0,"quality":6,"create":0,"unlock":0,"params":"0|0|0|0","attackType":"0|0","attackExcursion":"0|0","treeRomote":1,"treeExcursion":"0|0","formationExcursion":"0|0","name":"Player_Chara_Name-148001","desc":"Player_Chara__Desc-148001"},"148002":{"id":148002,"icon":148002,"type":6,"titleType":1,"getType":2,"skill":0,"bodyHeight":0,"belong":0,"quality":6,"create":0,"unlock":0,"params":"0|0|0|0","attackType":"0|0","attackExcursion":"0|0","treeRomote":1,"treeExcursion":"0|0","formationExcursion":"0|0","name":"Player_Chara_Name-148002","desc":"Player_Chara__Desc-148002"},"148003":{"id":148003,"icon":148003,"type":6,"titleType":1,"getType":2,"skill":0,"bodyHeight":0,"belong":0,"quality":6,"create":0,"unlock":0,"params":"0|0|0|0","attackType":"0|0","attackExcursion":"0|0","treeRomote":1,"treeExcursion":"0|0","formationExcursion":"0|0","name":"Player_Chara_Name-148003","desc":"Player_Chara__Desc-148003"},"148004":{"id":148004,"icon":148004,"type":6,"titleType":1,"getType":2,"skill":0,"bodyHeight":0,"belong":0,"quality":6,"create":0,"unlock":0,"params":"0|0|0|0","attackType":"0|0","attackExcursion":"0|0","treeRomote":1,"treeExcursion":"0|0","formationExcursion":"0|0","name":"Player_Chara_Name-148004","desc":"Player_Chara__Desc-148004"},"149002":{"id":149002,"icon":149002,"type":2,"titleType":1,"getType":2,"skill":0,"bodyHeight":0,"belong":0,"quality":6,"create":0,"unlock":0,"params":"0|0|0|0","attackType":"0|0","attackExcursion":"0|0","treeRomote":1,"treeExcursion":"0|0","formationExcursion":"0|0","name":"Player_Chara_Name-149002","desc":"Player_Chara__Desc-149002"},"149003":{"id":149003,"icon":149003,"type":2,"titleType":1,"getType":4,"skill":0,"bodyHeight":0,"belong":0,"quality":6,"create":0,"unlock":0,"params":"0|0|0|0","attackType":"0|0","attackExcursion":"0|0","treeRomote":1,"treeExcursion":"0|0","formationExcursion":"0|0","name":"Player_Chara_Name-149003","desc":"Player_Chara__Desc-149003"},"149004":{"id":149004,"icon":149004,"type":2,"titleType":1,"getType":4,"skill":0,"bodyHeight":0,"belong":0,"quality":6,"create":0,"unlock":0,"params":"0|0|0|0","attackType":"0|0","attackExcursion":"0|0","treeRomote":1,"treeExcursion":"0|0","formationExcursion":"0|0","name":"Player_Chara_Name-149004","desc":"Player_Chara__Desc-149004"}}