{"10001":{"id":10001,"realmsType":1,"needItem":"0","thunderNum":3,"demonicLost":250,"needMinPower":"500","needMaxPower":"1000","probability":500,"probabilityAdd":50},"10002":{"id":10002,"realmsType":2,"needItem":"0","thunderNum":3,"demonicLost":250,"needMinPower":"1000","needMaxPower":"2000","probability":500,"probabilityAdd":50},"10003":{"id":10003,"realmsType":3,"needItem":"0","thunderNum":3,"demonicLost":250,"needMinPower":"2000","needMaxPower":"4000","probability":500,"probabilityAdd":50},"10004":{"id":10004,"realmsType":4,"needItem":"0","thunderNum":4,"demonicLost":250,"needMinPower":"4000","needMaxPower":"8000","probability":500,"probabilityAdd":50},"10005":{"id":10005,"realmsType":5,"needItem":"0","thunderNum":4,"demonicLost":250,"needMinPower":"8000","needMaxPower":"16000","probability":500,"probabilityAdd":50},"10006":{"id":10006,"realmsType":6,"needItem":"0","thunderNum":4,"demonicLost":250,"needMinPower":"16000","needMaxPower":"32000","probability":500,"probabilityAdd":50},"10007":{"id":10007,"realmsType":7,"needItem":"0","thunderNum":5,"demonicLost":250,"needMinPower":"32000","needMaxPower":"64000","probability":500,"probabilityAdd":50},"10008":{"id":10008,"realmsType":8,"needItem":"0","thunderNum":5,"demonicLost":250,"needMinPower":"64000","needMaxPower":"128000","probability":500,"probabilityAdd":50},"10009":{"id":10009,"realmsType":9,"needItem":"0","thunderNum":5,"demonicLost":250,"needMinPower":"96000","needMaxPower":"192000","probability":500,"probabilityAdd":50},"10010":{"id":10010,"realmsType":10,"needItem":"0","thunderNum":6,"demonicLost":250,"needMinPower":"128000","needMaxPower":"256000","probability":500,"probabilityAdd":50},"10011":{"id":10011,"realmsType":11,"needItem":"0","thunderNum":6,"demonicLost":250,"needMinPower":"160000","needMaxPower":"320000","probability":500,"probabilityAdd":50},"10012":{"id":10012,"realmsType":12,"needItem":"0","thunderNum":6,"demonicLost":250,"needMinPower":"192000","needMaxPower":"384000","probability":500,"probabilityAdd":50},"10013":{"id":10013,"realmsType":13,"needItem":"0","thunderNum":7,"demonicLost":250,"needMinPower":"224000","needMaxPower":"448000","probability":500,"probabilityAdd":50},"10014":{"id":10014,"realmsType":14,"needItem":"0","thunderNum":7,"demonicLost":250,"needMinPower":"256000","needMaxPower":"512000","probability":500,"probabilityAdd":50},"10015":{"id":10015,"realmsType":15,"needItem":"0","thunderNum":7,"demonicLost":250,"needMinPower":"288000","needMaxPower":"576000","probability":500,"probabilityAdd":50},"10016":{"id":10016,"realmsType":16,"needItem":"0","thunderNum":8,"demonicLost":250,"needMinPower":"320000","needMaxPower":"640000","probability":500,"probabilityAdd":50},"10017":{"id":10017,"realmsType":17,"needItem":"0","thunderNum":8,"demonicLost":250,"needMinPower":"352000","needMaxPower":"704000","probability":500,"probabilityAdd":50},"10018":{"id":10018,"realmsType":18,"needItem":"0","thunderNum":8,"demonicLost":250,"needMinPower":"384000","needMaxPower":"768000","probability":500,"probabilityAdd":50},"10019":{"id":10019,"realmsType":19,"needItem":"0","thunderNum":9,"demonicLost":250,"needMinPower":"416000","needMaxPower":"832000","probability":500,"probabilityAdd":50},"10020":{"id":10020,"realmsType":20,"needItem":"0","thunderNum":9,"demonicLost":250,"needMinPower":"448000","needMaxPower":"896000","probability":500,"probabilityAdd":50},"10021":{"id":10021,"realmsType":21,"needItem":"0","thunderNum":9,"demonicLost":250,"needMinPower":"480000","needMaxPower":"960000","probability":500,"probabilityAdd":50},"10022":{"id":10022,"realmsType":22,"needItem":"0","thunderNum":9,"demonicLost":250,"needMinPower":"512000","needMaxPower":"1024000","probability":500,"probabilityAdd":50},"10023":{"id":10023,"realmsType":23,"needItem":"0","thunderNum":9,"demonicLost":250,"needMinPower":"544000","needMaxPower":"1088000","probability":500,"probabilityAdd":50},"10024":{"id":10024,"realmsType":24,"needItem":"0","thunderNum":9,"demonicLost":250,"needMinPower":"576000","needMaxPower":"1152000","probability":500,"probabilityAdd":50},"10025":{"id":10025,"realmsType":25,"needItem":"0","thunderNum":9,"demonicLost":250,"needMinPower":"608000","needMaxPower":"1216000","probability":500,"probabilityAdd":50},"10026":{"id":10026,"realmsType":26,"needItem":"0","thunderNum":9,"demonicLost":250,"needMinPower":"640000","needMaxPower":"1280000","probability":500,"probabilityAdd":50},"10027":{"id":10027,"realmsType":27,"needItem":"0","thunderNum":9,"demonicLost":250,"needMinPower":"672000","needMaxPower":"1344000","probability":500,"probabilityAdd":50},"10028":{"id":10028,"realmsType":28,"needItem":"0","thunderNum":9,"demonicLost":250,"needMinPower":"704000","needMaxPower":"1408000","probability":500,"probabilityAdd":50},"10029":{"id":10029,"realmsType":29,"needItem":"0","thunderNum":9,"demonicLost":250,"needMinPower":"736000","needMaxPower":"1472000","probability":500,"probabilityAdd":50},"10030":{"id":10030,"realmsType":30,"needItem":"0","thunderNum":9,"demonicLost":250,"needMinPower":"768000","needMaxPower":"1536000","probability":500,"probabilityAdd":50},"10031":{"id":10031,"realmsType":31,"needItem":"0","thunderNum":9,"demonicLost":250,"needMinPower":"800000","needMaxPower":"1600000","probability":500,"probabilityAdd":50},"10032":{"id":10032,"realmsType":32,"needItem":"0","thunderNum":9,"demonicLost":250,"needMinPower":"832000","needMaxPower":"1664000","probability":500,"probabilityAdd":50},"10033":{"id":10033,"realmsType":33,"needItem":"0","thunderNum":9,"demonicLost":250,"needMinPower":"864000","needMaxPower":"1728000","probability":500,"probabilityAdd":50},"10034":{"id":10034,"realmsType":34,"needItem":"0","thunderNum":9,"demonicLost":250,"needMinPower":"896000","needMaxPower":"1792000","probability":500,"probabilityAdd":50},"10035":{"id":10035,"realmsType":35,"needItem":"0","thunderNum":9,"demonicLost":250,"needMinPower":"928000","needMaxPower":"1856000","probability":500,"probabilityAdd":50},"10036":{"id":10036,"realmsType":36,"needItem":"0","thunderNum":9,"demonicLost":250,"needMinPower":"960000","needMaxPower":"1920000","probability":500,"probabilityAdd":50},"10037":{"id":10037,"realmsType":37,"needItem":"0","thunderNum":9,"demonicLost":250,"needMinPower":"896000","needMaxPower":"1792000","probability":500,"probabilityAdd":50},"10038":{"id":10038,"realmsType":38,"needItem":"0","thunderNum":9,"demonicLost":250,"needMinPower":"928000","needMaxPower":"1856000","probability":500,"probabilityAdd":50},"10039":{"id":10039,"realmsType":39,"needItem":"0","thunderNum":9,"demonicLost":250,"needMinPower":"960000","needMaxPower":"1920000","probability":500,"probabilityAdd":50}}