{"1":{"id":1,"equipmentQuality":"800|200|0|0|0|0|0|0|0|0","cost":"100000=100","time":10,"reward":"0","weight":0},"2":{"id":2,"equipmentQuality":"600|300|80|20|0|0|0|0|0|0","cost":"100000=200","time":20,"reward":"100000=100","weight":100},"3":{"id":3,"equipmentQuality":"400|400|140|40|20|0|0|0|0|0","cost":"100000=300","time":300,"reward":"200000=10","weight":50},"4":{"id":4,"equipmentQuality":"200|500|180|60|40|20|0|0|0|0","cost":"100000=400","time":1600,"reward":"200001=1","weight":50},"5":{"id":5,"equipmentQuality":"0|600|200|80|60|40|20|0|0|0","cost":"100000=500","time":2900,"reward":"200002=1","weight":50},"6":{"id":6,"equipmentQuality":"0|480|220|100|80|60|40|20|0|0","cost":"100000=600","time":4200,"reward":"200003=1","weight":50},"7":{"id":7,"equipmentQuality":"0|340|240|120|100|80|60|40|20|0","cost":"100000=700","time":5500,"reward":"200004=1","weight":50},"8":{"id":8,"equipmentQuality":"0|180|260|140|120|100|80|60|40|20","cost":"100000=800","time":6800,"reward":"0","weight":0},"9":{"id":9,"equipmentQuality":"0|20|280|160|140|120|100|80|60|40","cost":"100000=900","time":8100,"reward":"0","weight":0},"10":{"id":10,"equipmentQuality":"0|0|160|180|160|140|120|100|80|60","cost":"100000=1000","time":9400,"reward":"0","weight":0}}