{"121001":{"id":121001,"name":"Spirit_Name-121001","desc":"Spirit_Desc-121001","quality":1,"weight":100,"appearanceId":"1210010","icon":"121001","activeSkill":40001,"gvgActiveSkill":80001,"passiveSkillList":"100001|100005|100011|100014","compoundItemId":131001,"compoundNum":30,"combineId":12001},"121002":{"id":121002,"name":"Spirit_Name-121002","desc":"Spirit_Desc-121002","quality":1,"weight":100,"appearanceId":"1210020","icon":"121002","activeSkill":40002,"gvgActiveSkill":80002,"passiveSkillList":"100002|100006|100012|100017","compoundItemId":131002,"compoundNum":30,"combineId":12008},"121003":{"id":121003,"name":"Spirit_Name-121003","desc":"Spirit_Desc-121003","quality":1,"weight":100,"appearanceId":"1210030","icon":"121003","activeSkill":40003,"gvgActiveSkill":80003,"passiveSkillList":"100003|100007|100013|100018","compoundItemId":131003,"compoundNum":30,"combineId":12001},"121004":{"id":121004,"name":"Spirit_Name-121004","desc":"Spirit_Desc-121004","quality":1,"weight":100,"appearanceId":"1210040","icon":"121004","activeSkill":40004,"gvgActiveSkill":80004,"passiveSkillList":"100004|100008|100014|100019","compoundItemId":131004,"compoundNum":30,"combineId":12003},"121005":{"id":121005,"name":"Spirit_Name-121005","desc":"Spirit_Desc-121005","quality":1,"weight":100,"appearanceId":"1210050","icon":"121005","activeSkill":40005,"gvgActiveSkill":80005,"passiveSkillList":"100022|100009|100015|100020","compoundItemId":131005,"compoundNum":30,"combineId":12001},"121006":{"id":121006,"name":"Spirit_Name-121006","desc":"Spirit_Desc-121006","quality":1,"weight":100,"appearanceId":"1210060","icon":"121006","activeSkill":40006,"gvgActiveSkill":80006,"passiveSkillList":"100023|100010|100016|100021","compoundItemId":131006,"compoundNum":30,"combineId":12001},"122001":{"id":122001,"name":"Spirit_Name-122001","desc":"Spirit_Desc-122001","quality":2,"weight":50,"appearanceId":"1220010","icon":"122001","activeSkill":40007,"gvgActiveSkill":80007,"passiveSkillList":"101001|101005|101011|101016","compoundItemId":132001,"compoundNum":30,"combineId":12007},"122002":{"id":122002,"name":"Spirit_Name-122002","desc":"Spirit_Desc-122002","quality":2,"weight":50,"appearanceId":"1220020","icon":"122002","activeSkill":40008,"gvgActiveSkill":80008,"passiveSkillList":"101002|101006|101012|101017","compoundItemId":132002,"compoundNum":30,"combineId":12005},"122003":{"id":122003,"name":"Spirit_Name-122003","desc":"Spirit_Desc-122003","quality":2,"weight":50,"appearanceId":"1220030","icon":"122003","activeSkill":40009,"gvgActiveSkill":80009,"passiveSkillList":"101003|101007|101013|101018","compoundItemId":132003,"compoundNum":30,"combineId":12004},"122004":{"id":122004,"name":"Spirit_Name-122004","desc":"Spirit_Desc-122004","quality":2,"weight":50,"appearanceId":"1220040","icon":"122004","activeSkill":40010,"gvgActiveSkill":80010,"passiveSkillList":"101004|101008|101014|101019","compoundItemId":132004,"compoundNum":30,"combineId":12005},"122005":{"id":122005,"name":"Spirit_Name-122005","desc":"Spirit_Desc-122005","quality":2,"weight":50,"appearanceId":"1220050","icon":"122005","activeSkill":40011,"gvgActiveSkill":80011,"passiveSkillList":"101022|101009|101015|101020","compoundItemId":132005,"compoundNum":30,"combineId":12002},"122006":{"id":122006,"name":"Spirit_Name-122006","desc":"Spirit_Desc-122006","quality":2,"weight":50,"appearanceId":"1220060","icon":"122006","activeSkill":40012,"gvgActiveSkill":80012,"passiveSkillList":"101023|101010|101016|101019","compoundItemId":132006,"compoundNum":30,"combineId":12002},"122007":{"id":122007,"name":"Spirit_Name-122007","desc":"Spirit_Desc-122007","quality":2,"weight":50,"appearanceId":"1220070","icon":"122007","activeSkill":40031,"gvgActiveSkill":80031,"passiveSkillList":"101024|101009|101019|101021","compoundItemId":132007,"compoundNum":30,"combineId":12010},"122008":{"id":122008,"name":"Spirit_Name-122008","desc":"Spirit_Desc-122008","quality":2,"weight":50,"appearanceId":"1220080","icon":"122008","activeSkill":40032,"gvgActiveSkill":80032,"passiveSkillList":"101008|101009|101016|101021","compoundItemId":132008,"compoundNum":30,"combineId":12010},"123001":{"id":123001,"name":"Spirit_Name-123001","desc":"Spirit_Desc-123001","quality":3,"weight":20,"appearanceId":"1230010","icon":"123001","activeSkill":40013,"gvgActiveSkill":80013,"passiveSkillList":"102001|102005|102011|102016","compoundItemId":133001,"compoundNum":30,"combineId":12005},"123002":{"id":123002,"name":"Spirit_Name-123002","desc":"Spirit_Desc-123002","quality":3,"weight":20,"appearanceId":"1230020","icon":"123002","activeSkill":40014,"gvgActiveSkill":80014,"passiveSkillList":"102002|102006|102012|102017","compoundItemId":133002,"compoundNum":30,"combineId":12007},"123003":{"id":123003,"name":"Spirit_Name-123003","desc":"Spirit_Desc-123003","quality":3,"weight":20,"appearanceId":"1230030","icon":"123003","activeSkill":40015,"gvgActiveSkill":80015,"passiveSkillList":"102003|102007|102013|102018","compoundItemId":133003,"compoundNum":30,"combineId":12006},"123004":{"id":123004,"name":"Spirit_Name-123004","desc":"Spirit_Desc-123004","quality":3,"weight":20,"appearanceId":"1230040","icon":"123004","activeSkill":40016,"gvgActiveSkill":80016,"passiveSkillList":"102004|102008|102014|102019","compoundItemId":133004,"compoundNum":30,"combineId":12002},"123005":{"id":123005,"name":"Spirit_Name-123005","desc":"Spirit_Desc-123005","quality":3,"weight":20,"appearanceId":"1230050","icon":"123005","activeSkill":40017,"gvgActiveSkill":80017,"passiveSkillList":"102005|102009|102015|102020","compoundItemId":133005,"compoundNum":30,"combineId":12004},"123006":{"id":123006,"name":"Spirit_Name-123006","desc":"Spirit_Desc-123006","quality":3,"weight":20,"appearanceId":"1230060","icon":"123006","activeSkill":40018,"gvgActiveSkill":80018,"passiveSkillList":"102006|102010|102016|102021","compoundItemId":133006,"compoundNum":30,"combineId":12007},"123007":{"id":123007,"name":"Spirit_Name-123007","desc":"Spirit_Desc-123007","quality":3,"weight":20,"appearanceId":"1230070","icon":"123007","activeSkill":40033,"gvgActiveSkill":80033,"passiveSkillList":"102007|102005|102015|102022","compoundItemId":133007,"compoundNum":30,"combineId":12009},"123008":{"id":123008,"name":"Spirit_Name-123008","desc":"Spirit_Desc-123008","quality":3,"weight":20,"appearanceId":"1230080","icon":"123008","activeSkill":40034,"gvgActiveSkill":80034,"passiveSkillList":"102008|102006|102016|102023","compoundItemId":133008,"compoundNum":30,"combineId":12009},"123009":{"id":123009,"name":"Spirit_Name-123009","desc":"Spirit_Desc-123009","quality":3,"weight":20,"appearanceId":"1230090","icon":"123009","activeSkill":40035,"gvgActiveSkill":80035,"passiveSkillList":"102009|102007|102013|102024","compoundItemId":133009,"compoundNum":30,"combineId":12008},"124001":{"id":124001,"name":"Spirit_Name-124001","desc":"Spirit_Desc-124001","quality":4,"weight":10,"appearanceId":"1240010","icon":"124001","activeSkill":40019,"gvgActiveSkill":80019,"passiveSkillList":"103001|103005|103011|103016","compoundItemId":134001,"compoundNum":30,"combineId":12011},"124002":{"id":124002,"name":"Spirit_Name-124002","desc":"Spirit_Desc-124002","quality":4,"weight":10,"appearanceId":"1240020","icon":"124002","activeSkill":40020,"gvgActiveSkill":80020,"passiveSkillList":"103002|103006|103012|103017","compoundItemId":134002,"compoundNum":30,"combineId":12013},"124003":{"id":124003,"name":"Spirit_Name-124003","desc":"Spirit_Desc-124003","quality":4,"weight":10,"appearanceId":"1240030","icon":"124003","activeSkill":40021,"gvgActiveSkill":80021,"passiveSkillList":"103003|103007|103013|103018","compoundItemId":134003,"compoundNum":30,"combineId":12007},"124004":{"id":124004,"name":"Spirit_Name-124004","desc":"Spirit_Desc-124004","quality":4,"weight":10,"appearanceId":"1240040","icon":"124004","activeSkill":40022,"gvgActiveSkill":80022,"passiveSkillList":"103004|103008|103014|103019","compoundItemId":134004,"compoundNum":30,"combineId":12011},"124005":{"id":124005,"name":"Spirit_Name-124005","desc":"Spirit_Desc-124005","quality":4,"weight":10,"appearanceId":"1240050","icon":"124005","activeSkill":40023,"gvgActiveSkill":80023,"passiveSkillList":"103005|103009|103015|103020","compoundItemId":134005,"compoundNum":30,"combineId":12011},"124006":{"id":124006,"name":"Spirit_Name-124006","desc":"Spirit_Desc-124006","quality":4,"weight":10,"appearanceId":"1240060","icon":"124006","activeSkill":40024,"gvgActiveSkill":80024,"passiveSkillList":"103006|103010|103016|103021","compoundItemId":134006,"compoundNum":30,"combineId":12006},"124007":{"id":124007,"name":"Spirit_Name-124007","desc":"Spirit_Desc-124007","quality":4,"weight":10,"appearanceId":"1240070","icon":"124007","activeSkill":40036,"gvgActiveSkill":80036,"passiveSkillList":"103007|103005|103015|103022","compoundItemId":134007,"compoundNum":30,"combineId":12012},"124008":{"id":124008,"name":"Spirit_Name-124008","desc":"Spirit_Desc-124008","quality":4,"weight":10,"appearanceId":"1240080","icon":"124008","activeSkill":40037,"gvgActiveSkill":80037,"passiveSkillList":"103008|103006|103016|103023","compoundItemId":134008,"compoundNum":30,"combineId":12012},"124009":{"id":124009,"name":"Spirit_Name-124009","desc":"Spirit_Desc-124009","quality":4,"weight":10,"appearanceId":"1240090","icon":"124009","activeSkill":40038,"gvgActiveSkill":80038,"passiveSkillList":"103009|103007|103013|103024","compoundItemId":134009,"compoundNum":30,"combineId":12003},"124010":{"id":124010,"name":"Spirit_Name-124010","desc":"Spirit_Desc-124010","quality":4,"weight":10,"appearanceId":"1240100","icon":"124010","activeSkill":40039,"gvgActiveSkill":80039,"passiveSkillList":"103010|103009|103011|103015","compoundItemId":134010,"compoundNum":30,"combineId":12010},"124011":{"id":124011,"name":"Spirit_Name-124011","desc":"Spirit_Desc-124011","quality":4,"weight":10,"appearanceId":"1240110","icon":"124011","activeSkill":40040,"gvgActiveSkill":80040,"passiveSkillList":"103008|103010|103012|103014","compoundItemId":134011,"compoundNum":30,"combineId":12012},"125001":{"id":125001,"name":"Spirit_Name-125001","desc":"Spirit_Desc-125001","quality":5,"weight":5,"appearanceId":"1250010","icon":"125001","activeSkill":40025,"gvgActiveSkill":80025,"passiveSkillList":"104001|104005|104011|104017","compoundItemId":135001,"compoundNum":30,"combineId":12014},"125002":{"id":125002,"name":"Spirit_Name-125002","desc":"Spirit_Desc-125002","quality":5,"weight":5,"appearanceId":"1250020","icon":"125002","activeSkill":40026,"gvgActiveSkill":80026,"passiveSkillList":"104002|104006|104012|104011","compoundItemId":135002,"compoundNum":30,"combineId":12014},"125003":{"id":125003,"name":"Spirit_Name-125003","desc":"Spirit_Desc-125003","quality":5,"weight":5,"appearanceId":"1250030","icon":"125003","activeSkill":40027,"gvgActiveSkill":80027,"passiveSkillList":"104003|104007|104013|104018","compoundItemId":135003,"compoundNum":30,"combineId":12010},"125004":{"id":125004,"name":"Spirit_Name-125004","desc":"Spirit_Desc-125004","quality":5,"weight":5,"appearanceId":"1250040","icon":"125004","activeSkill":40028,"gvgActiveSkill":80028,"passiveSkillList":"104004|104008|104014|104019","compoundItemId":135004,"compoundNum":30,"combineId":12008},"125005":{"id":125005,"name":"Spirit_Name-125005","desc":"Spirit_Desc-125005","quality":5,"weight":5,"appearanceId":"1250050","icon":"125005","activeSkill":40029,"gvgActiveSkill":80029,"passiveSkillList":"104005|104009|104015|104020","compoundItemId":135005,"compoundNum":30,"combineId":12013},"125006":{"id":125006,"name":"Spirit_Name-125006","desc":"Spirit_Desc-125006","quality":5,"weight":5,"appearanceId":"1250060","icon":"125006","activeSkill":40030,"gvgActiveSkill":80030,"passiveSkillList":"104006|104010|104016|104021","compoundItemId":135006,"compoundNum":30,"combineId":12014},"125007":{"id":125007,"name":"Spirit_Name-125007","desc":"Spirit_Desc-125007","quality":5,"weight":5,"appearanceId":"1250070","icon":"125007","activeSkill":40041,"gvgActiveSkill":80041,"passiveSkillList":"104007|104005|104015|104022","compoundItemId":135007,"compoundNum":30,"combineId":12013},"125008":{"id":125008,"name":"Spirit_Name-125008","desc":"Spirit_Desc-125008","quality":5,"weight":5,"appearanceId":"1250080","icon":"125008","activeSkill":40042,"gvgActiveSkill":80042,"passiveSkillList":"104008|104006|104016|104023","compoundItemId":135008,"compoundNum":30,"combineId":12012},"125009":{"id":125009,"name":"Spirit_Name-125009","desc":"Spirit_Desc-125009","quality":5,"weight":5,"appearanceId":"1250090","icon":"125009","activeSkill":40043,"gvgActiveSkill":80043,"passiveSkillList":"104009|104007|104013|104024","compoundItemId":135009,"compoundNum":30,"combineId":12009},"125010":{"id":125010,"name":"Spirit_Name-125010","desc":"Spirit_Desc-125010","quality":5,"weight":5,"appearanceId":"1250100","icon":"125010","activeSkill":40044,"gvgActiveSkill":80044,"passiveSkillList":"104010|104009|104014|104019","compoundItemId":135010,"compoundNum":30,"combineId":12012},"125011":{"id":125011,"name":"Spirit_Name-125011","desc":"Spirit_Desc-125011","quality":5,"weight":5,"appearanceId":"1250110","icon":"125011","activeSkill":40045,"gvgActiveSkill":80045,"passiveSkillList":"104008|104010|104015|104024","compoundItemId":135011,"compoundNum":30,"combineId":12013}}