{"1":{"id":1,"name":"SystemName-1","desc":"System_Desc-1","icon":1,"sort":201,"conditionType":"1","value":"0","reward":"0","notice":0,"collect":1},"2":{"id":2,"name":"SystemName-2","desc":"System_Desc-2","icon":2,"sort":102,"conditionType":"2","value":"6","reward":"0","notice":0,"collect":0},"3":{"id":3,"name":"SystemName-3","desc":"System_Desc-3","icon":3,"sort":103,"conditionType":"2","value":"6","reward":"0","notice":0,"collect":0},"4":{"id":4,"name":"SystemName-4","desc":"System_Desc-4","icon":4,"sort":999,"conditionType":"1","value":"68","reward":"0","notice":0,"collect":0},"5":{"id":5,"name":"SystemName-5","desc":"System_Desc-5","icon":5,"sort":1001,"conditionType":"1","value":"29","reward":"100000=50","notice":1,"collect":1},"6":{"id":6,"name":"SystemName-6","desc":"System_Desc-6","icon":6,"sort":1004,"conditionType":"1","value":"60","reward":"100000=50","notice":1,"collect":1},"7":{"id":7,"name":"SystemName-7","desc":"System_Desc-7","icon":7,"sort":1007,"conditionType":"1","value":"69","reward":"100000=50","notice":1,"collect":1},"8":{"id":8,"name":"SystemName-8","desc":"System_Desc-8","icon":8,"sort":101,"conditionType":"2","value":"6","reward":"0","notice":0,"collect":0},"9":{"id":9,"name":"SystemName-9","desc":"System_Desc-9","icon":9,"sort":1010,"conditionType":"1","value":"163","reward":"100000=50","notice":1,"collect":1},"10":{"id":10,"name":"SystemName-10","desc":"System_Desc-10","icon":10,"sort":1002,"conditionType":"1","value":"30","reward":"100000=50","notice":0,"collect":1},"11":{"id":11,"name":"SystemName-11","desc":"System_Desc-11","icon":11,"sort":1009,"conditionType":"1","value":"98","reward":"100000=50","notice":1,"collect":1},"12":{"id":12,"name":"SystemName-12","desc":"System_Desc-12","icon":12,"sort":1011,"conditionType":"1","value":"164","reward":"100000=50","notice":1,"collect":1},"13":{"id":13,"name":"SystemName-13","desc":"System_Desc-13","icon":13,"sort":109,"conditionType":"1","value":"20","reward":"0","notice":0,"collect":0},"14":{"id":14,"name":"SystemName-14","desc":"System_Desc-14","icon":14,"sort":302,"conditionType":"1","value":"81","reward":"0","notice":0,"collect":0},"15":{"id":15,"name":"SystemName-15","desc":"System_Desc-15","icon":15,"sort":1003,"conditionType":"1","value":"48","reward":"100000=50","notice":1,"collect":1},"16":{"id":16,"name":"SystemName-16","desc":"System_Desc-16","icon":16,"sort":1008,"conditionType":"1","value":"73","reward":"100000=50","notice":1,"collect":1},"17":{"id":17,"name":"SystemName-17","desc":"System_Desc-17","icon":17,"sort":1005,"conditionType":"1","value":"64","reward":"100000=50","notice":1,"collect":1},"18":{"id":18,"name":"SystemName-18","desc":"System_Desc-18","icon":2,"sort":102,"conditionType":"1","value":"68","reward":"0","notice":0,"collect":0},"19":{"id":19,"name":"SystemName-19","desc":"System_Desc-19","icon":19,"sort":1006,"conditionType":"1","value":"68","reward":"100000=50","notice":1,"collect":1},"20":{"id":20,"name":"SystemName-20","desc":"System_Desc-20","icon":20,"sort":104,"conditionType":"1","value":"81","reward":"0","notice":0,"collect":1},"21":{"id":21,"name":"SystemName-21","desc":"System_Desc-21","icon":21,"sort":105,"conditionType":"1","value":"98","reward":"0","notice":0,"collect":1},"22":{"id":22,"name":"SystemName-22","desc":"System_Desc-22","icon":22,"sort":108,"conditionType":"1","value":"36","reward":"0","notice":0,"collect":1},"23":{"id":23,"name":"SystemName-23","desc":"System_Desc-23","icon":23,"sort":216,"conditionType":"1","value":"7","reward":"0","notice":1,"collect":1},"24":{"id":24,"name":"SystemName-24","desc":"System_Desc-24","icon":24,"sort":110,"conditionType":"1","value":"68","reward":"0","notice":0,"collect":1},"25":{"id":25,"name":"SystemName-25","desc":"System_Desc-25","icon":25,"sort":106,"conditionType":"1","value":"98","reward":"0","notice":0,"collect":1},"26":{"id":26,"name":"SystemName-26","desc":"System_Desc-26","icon":2,"sort":102,"conditionType":"1","value":"20","reward":"0","notice":0,"collect":0},"27":{"id":27,"name":"SystemName-27","desc":"System_Desc-27","icon":3,"sort":103,"conditionType":"1","value":"20","reward":"0","notice":0,"collect":1},"28":{"id":28,"name":"SystemName-28","desc":"System_Desc-28","icon":3,"sort":217,"conditionType":"1","value":"12","reward":"0","notice":0,"collect":1},"29":{"id":29,"name":"SystemName-29","desc":"System_Desc-29","icon":29,"sort":112,"conditionType":"1","value":"12","reward":"0","notice":0,"collect":1},"30":{"id":30,"name":"SystemName-30","desc":"System_Desc-30","icon":30,"sort":299,"conditionType":"1","value":"12","reward":"0","notice":0,"collect":1},"31":{"id":31,"name":"SystemName-31","desc":"System_Desc-31","icon":2,"sort":102,"conditionType":"1","value":"0","reward":"0","notice":0,"collect":0},"32":{"id":32,"name":"SystemName-32","desc":"System_Desc-32","icon":2,"sort":102,"conditionType":"1","value":"35","reward":"0","notice":0,"collect":0},"33":{"id":33,"name":"SystemName-33","desc":"System_Desc-33","icon":0,"sort":0,"conditionType":"1","value":"20","reward":"0","notice":0,"collect":1},"34":{"id":34,"name":"SystemName-34","desc":"System_Desc-34","icon":0,"sort":0,"conditionType":"1","value":"20","reward":"0","notice":0,"collect":1},"35":{"id":35,"name":"SystemName-35","desc":"System_Desc-35","icon":35,"sort":111,"conditionType":"1","value":"20","reward":"0","notice":0,"collect":1},"36":{"id":36,"name":"SystemName-36","desc":"System_Desc-36","icon":0,"sort":0,"conditionType":"1","value":"0","reward":"0","notice":0,"collect":1},"37":{"id":37,"name":"SystemName-37","desc":"System_Desc-37","icon":37,"sort":1012,"conditionType":"2|3","value":"70|5","reward":"100000=50","notice":1,"collect":0},"38":{"id":38,"name":"SystemName-38","desc":"System_Desc-38","icon":0,"sort":1,"conditionType":"1","value":"73","reward":"0","notice":0,"collect":1},"39":{"id":39,"name":"SystemName-39","desc":"System_Desc-39","icon":0,"sort":2,"conditionType":"1","value":"73","reward":"0","notice":0,"collect":1},"40":{"id":40,"name":"SystemName-40","desc":"System_Desc-40","icon":0,"sort":3,"conditionType":"1","value":"73","reward":"0","notice":0,"collect":1},"41":{"id":41,"name":"SystemName-41","desc":"System_Desc-41","icon":41,"sort":308,"conditionType":"1","value":"98","reward":"0","notice":0,"collect":0},"42":{"id":42,"name":"SystemName-42","desc":"System_Desc-42","icon":42,"sort":221,"conditionType":"1","value":"98","reward":"0","notice":0,"collect":1},"43":{"id":43,"name":"SystemName-43","desc":"System_Desc-43","icon":43,"sort":222,"conditionType":"2","value":"96","reward":"0","notice":0,"collect":1},"44":{"id":44,"name":"SystemName-44","desc":"System_Desc-44","icon":44,"sort":1013,"conditionType":"2|3","value":"96|6","reward":"100000=50","notice":1,"collect":1},"45":{"id":45,"name":"SystemName-45","desc":"System_Desc-45","icon":45,"sort":224,"conditionType":"2","value":"50","reward":"0","notice":0,"collect":1},"46":{"id":46,"name":"SystemName-46","desc":"System_Desc-46","icon":0,"sort":225,"conditionType":"1","value":"20","reward":"0","notice":0,"collect":1},"47":{"id":47,"name":"SystemName-47","desc":"System_Desc-47","icon":0,"sort":226,"conditionType":"1","value":"20","reward":"0","notice":0,"collect":1},"48":{"id":48,"name":"SystemName-48","desc":"System_Desc-48","icon":0,"sort":227,"conditionType":"1","value":"20","reward":"0","notice":0,"collect":1},"49":{"id":49,"name":"SystemName-49","desc":"System_Desc-49","icon":49,"sort":300,"conditionType":"1","value":"20","reward":"0","notice":0,"collect":1},"50":{"id":50,"name":"SystemName-50","desc":"System_Desc-50","icon":50,"sort":309,"conditionType":"1","value":"81","reward":"0","notice":0,"collect":0},"51":{"id":51,"name":"SystemName-51","desc":"System_Desc-51","icon":0,"sort":230,"conditionType":"2|3","value":"156|20","reward":"0","notice":0,"collect":1},"52":{"id":52,"name":"SystemName-52","desc":"System_Desc-52","icon":0,"sort":231,"conditionType":"1","value":"20","reward":"0","notice":0,"collect":1},"53":{"id":53,"name":"SystemName-53","desc":"System_Desc-53","icon":53,"sort":232,"conditionType":"1","value":"81","reward":"0","notice":0,"collect":0},"54":{"id":54,"name":"SystemName-54","desc":"System_Desc-54","icon":0,"sort":233,"conditionType":"2|3","value":"70|7","reward":"0","notice":0,"collect":1},"55":{"id":55,"name":"SystemName-55","desc":"System_Desc-55","icon":55,"sort":1015,"conditionType":"2|3","value":"156|12","reward":"100000=50","notice":0,"collect":1},"56":{"id":56,"name":"SystemName-56","desc":"System_Desc-56","icon":56,"sort":1014,"conditionType":"2|3","value":"156|12","reward":"100000=50","notice":0,"collect":1},"57":{"id":57,"name":"SystemName-57","desc":"System_Desc-57","icon":0,"sort":236,"conditionType":"2|3","value":"156|13","reward":"0","notice":0,"collect":1},"58":{"id":58,"name":"SystemName-58","desc":"System_Desc-58","icon":0,"sort":237,"conditionType":"1","value":"73","reward":"0","notice":0,"collect":0},"60":{"id":60,"name":"SystemName-60","desc":"System_Desc-60","icon":60,"sort":239,"conditionType":"1","value":"81","reward":"0","notice":0,"collect":0},"61":{"id":61,"name":"SystemName-61","desc":"System_Desc-61","icon":61,"sort":240,"conditionType":"1","value":"81","reward":"0","notice":0,"collect":0},"62":{"id":62,"name":"SystemName-62","desc":"System_Desc-62","icon":0,"sort":241,"conditionType":"2|3","value":"156|15","reward":"0","notice":0,"collect":1},"63":{"id":63,"name":"SystemName-63","desc":"System_Desc-63","icon":63,"sort":1017,"conditionType":"2|3","value":"156|26","reward":"100000=50","notice":0,"collect":1},"64":{"id":64,"name":"SystemName-64","desc":"System_Desc-64","icon":64,"sort":243,"conditionType":"1","value":"81","reward":"0","notice":0,"collect":0},"65":{"id":65,"name":"SystemName-65","desc":"System_Desc-65","icon":0,"sort":244,"conditionType":"1","value":"81","reward":"0","notice":0,"collect":0},"66":{"id":66,"name":"SystemName-66","desc":"System_Desc-66","icon":66,"sort":245,"conditionType":"1","value":"81","reward":"0","notice":0,"collect":0},"67":{"id":67,"name":"SystemName-67","desc":"System_Desc-67","icon":67,"sort":246,"conditionType":"3","value":"7","reward":"0","notice":0,"collect":0},"69":{"id":69,"name":"SystemName-69","desc":"System_Desc-69","icon":69,"sort":1018,"conditionType":"2|3","value":"156|33","reward":"100000=50","notice":1,"collect":0},"70":{"id":70,"name":"SystemName-70","desc":"System_Desc-70","icon":70,"sort":1016,"conditionType":"2|3","value":"96|14","reward":"100000=50","notice":1,"collect":0},"71":{"id":71,"name":"SystemName-71","desc":"System_Desc-71","icon":71,"sort":250,"conditionType":"1","value":"81","reward":"0","notice":0,"collect":0},"76":{"id":76,"name":"SystemName-76","desc":"System_Desc-76","icon":76,"sort":1019,"conditionType":"2|3","value":"236|33","reward":"100000=50","notice":1,"collect":0},"78":{"id":78,"name":"SystemName-78","desc":"System_Desc-78","icon":78,"sort":257,"conditionType":"1","value":"20","reward":"0","notice":0,"collect":0},"79":{"id":79,"name":"SystemName-79","desc":"System_Desc-79","icon":0,"sort":258,"conditionType":"1","value":"20","reward":"0","notice":0,"collect":0},"80":{"id":80,"name":"SystemName-80","desc":"System_Desc-80","icon":80,"sort":259,"conditionType":"4","value":"0","reward":"0","notice":1,"collect":0},"81":{"id":81,"name":"SystemName-81","desc":"System_Desc-81","icon":81,"sort":314,"conditionType":"1","value":"20","reward":"0","notice":0,"collect":0},"82":{"id":82,"name":"SystemName-82","desc":"System_Desc-82","icon":82,"sort":315,"conditionType":"1","value":"20","reward":"0","notice":0,"collect":0},"83":{"id":83,"name":"SystemName-83","desc":"System_Desc-83","icon":0,"sort":316,"conditionType":"3","value":"7","reward":"0","notice":0,"collect":0}}