{"10000":{"id":10000,"name":"System_Jump_Name-10000","desc":"System_Jump_Desc-10000","type":1,"systemId":0},"10001":{"id":10001,"name":"System_Jump_Name-10001","desc":"System_Jump_Desc-10001","type":1,"systemId":23},"10002":{"id":10002,"name":"System_Jump_Name-10002","desc":"System_Jump_Desc-10002","type":1,"systemId":6},"10003":{"id":10003,"name":"System_Jump_Name-10003","desc":"System_Jump_Desc-10003","type":1,"systemId":5},"10004":{"id":10004,"name":"System_Jump_Name-10004","desc":"System_Jump_Desc-10004","type":1,"systemId":9},"10005":{"id":10005,"name":"System_Jump_Name-10005","desc":"System_Jump_Desc-10005","type":1,"systemId":19},"10006":{"id":10006,"name":"System_Jump_Name-10006","desc":"System_Jump_Desc-10006","type":1,"systemId":11},"10007":{"id":10007,"name":"System_Jump_Name-10007","desc":"System_Jump_Desc-10007","type":1,"systemId":10},"10008":{"id":10008,"name":"System_Jump_Name-10008","desc":"System_Jump_Desc-10008","type":1,"systemId":12},"10009":{"id":10009,"name":"System_Jump_Name-10009","desc":"System_Jump_Desc-10009","type":1,"systemId":3},"10010":{"id":10010,"name":"System_Jump_Name-10010","desc":"System_Jump_Desc-10010","type":1,"systemId":15},"10011":{"id":10011,"name":"System_Jump_Name-10011","desc":"System_Jump_Desc-10011","type":1,"systemId":17},"10012":{"id":10012,"name":"System_Jump_Name-10012","desc":"System_Jump_Desc-10012","type":1,"systemId":3},"10013":{"id":10013,"name":"System_Jump_Name-10013","desc":"System_Jump_Desc-10013","type":1,"systemId":7},"10014":{"id":10014,"name":"System_Jump_Name-10014","desc":"System_Jump_Desc-10014","type":1,"systemId":16},"10015":{"id":10015,"name":"System_Jump_Name-10015","desc":"System_Jump_Desc-10015","type":1,"systemId":17},"10016":{"id":10016,"name":"System_Jump_Name-10016","desc":"System_Jump_Desc-10016","type":1,"systemId":7},"10017":{"id":10017,"name":"System_Jump_Name-10017","desc":"System_Jump_Desc-10017","type":1,"systemId":0},"10018":{"id":10018,"name":"System_Jump_Name-10018","desc":"System_Jump_Desc-10018","type":1,"systemId":17},"10019":{"id":10019,"name":"System_Jump_Name-10019","desc":"System_Jump_Desc-10019","type":1,"systemId":11},"10020":{"id":10020,"name":"System_Jump_Name-10020","desc":"System_Jump_Desc-10020","type":1,"systemId":12},"10021":{"id":10021,"name":"System_Jump_Name-10021","desc":"System_Jump_Desc-10021","type":1,"systemId":15},"10022":{"id":10022,"name":"System_Jump_Name-10022","desc":"System_Jump_Desc-10022","type":1,"systemId":17},"10023":{"id":10023,"name":"System_Jump_Name-10023","desc":"System_Jump_Desc-10023","type":1,"systemId":0},"10024":{"id":10024,"name":"System_Jump_Name-10024","desc":"System_Jump_Desc-10024","type":1,"systemId":7},"10025":{"id":10025,"name":"System_Jump_Name-10025","desc":"System_Jump_Desc-10025","type":1,"systemId":15},"10026":{"id":10026,"name":"System_Jump_Name-10026","desc":"System_Jump_Desc-10026","type":1,"systemId":11},"10027":{"id":10027,"name":"System_Jump_Name-10027","desc":"System_Jump_Desc-10027","type":1,"systemId":16},"10028":{"id":10028,"name":"System_Jump_Name-10028","desc":"System_Jump_Desc-10028","type":1,"systemId":34},"10029":{"id":10029,"name":"System_Jump_Name-10029","desc":"System_Jump_Desc-10029","type":1,"systemId":25},"10030":{"id":10030,"name":"System_Jump_Name-10030","desc":"System_Jump_Desc-10030","type":1,"systemId":2},"10031":{"id":10031,"name":"System_Jump_Name-10031","desc":"System_Jump_Desc-10031","type":1,"systemId":16},"10032":{"id":10032,"name":"System_Jump_Name-10032","desc":"System_Jump_Desc-10032","type":1,"systemId":42},"10033":{"id":10033,"name":"System_Jump_Name-10033","desc":"System_Jump_Desc-10033","type":1,"systemId":42},"10034":{"id":10034,"name":"System_Jump_Name-10034","desc":"System_Jump_Desc-10034","type":1,"systemId":37},"10035":{"id":10035,"name":"System_Jump_Name-10035","desc":"System_Jump_Desc-10035","type":1,"systemId":44},"10036":{"id":10036,"name":"System_Jump_Name-10036","desc":"System_Jump_Desc-10036","type":1,"systemId":44},"10037":{"id":10037,"name":"System_Jump_Name-10037","desc":"System_Jump_Desc-10037","type":1,"systemId":44},"10038":{"id":10038,"name":"System_Jump_Name-10038","desc":"System_Jump_Desc-10038","type":1,"systemId":44},"10039":{"id":10039,"name":"System_Jump_Name-10039","desc":"System_Jump_Desc-10039","type":1,"systemId":45},"10040":{"id":10040,"name":"System_Jump_Name-10040","desc":"System_Jump_Desc-10040","type":1,"systemId":26},"10041":{"id":10041,"name":"System_Jump_Name-10041","desc":"System_Jump_Desc-10041","type":1,"systemId":53},"10042":{"id":10042,"name":"System_Jump_Name-10042","desc":"System_Jump_Desc-10042","type":1,"systemId":53},"10043":{"id":10043,"name":"System_Jump_Name-10043","desc":"System_Jump_Desc-10043","type":1,"systemId":26},"10044":{"id":10044,"name":"System_Jump_Name-10044","desc":"System_Jump_Desc-10044","type":1,"systemId":56},"10045":{"id":10045,"name":"System_Jump_Name-10045","desc":"System_Jump_Desc-10045","type":1,"systemId":58},"10046":{"id":10046,"name":"System_Jump_Name-10046","desc":"System_Jump_Desc-10046","type":1,"systemId":50},"10047":{"id":10047,"name":"System_Jump_Name-10047","desc":"System_Jump_Desc-10047","type":1,"systemId":50},"10048":{"id":10048,"name":"System_Jump_Name-10048","desc":"System_Jump_Desc-10048","type":1,"systemId":50},"10049":{"id":10049,"name":"System_Jump_Name-10049","desc":"System_Jump_Desc-10049","type":1,"systemId":54},"10050":{"id":10050,"name":"System_Jump_Name-10050","desc":"System_Jump_Desc-10050","type":1,"systemId":60},"10051":{"id":10051,"name":"System_Jump_Name-10051","desc":"System_Jump_Desc-10051","type":1,"systemId":60},"10052":{"id":10052,"name":"System_Jump_Name-10052","desc":"System_Jump_Desc-10052","type":1,"systemId":63},"10053":{"id":10053,"name":"System_Jump_Name-10053","desc":"System_Jump_Desc-10053","type":1,"systemId":64},"10054":{"id":10054,"name":"System_Jump_Name-10054","desc":"System_Jump_Desc-10054","type":1,"systemId":14},"10055":{"id":10055,"name":"System_Jump_Name-10055","desc":"System_Jump_Desc-10055","type":1,"systemId":0},"10056":{"id":10056,"name":"System_Jump_Name-10056","desc":"System_Jump_Desc-10056","type":1,"systemId":61},"10058":{"id":10058,"name":"System_Jump_Name-10058","desc":"System_Jump_Desc-10058","type":1,"systemId":63},"10059":{"id":10059,"name":"System_Jump_Name-10059","desc":"System_Jump_Desc-10059","type":1,"systemId":63},"10060":{"id":10060,"name":"System_Jump_Name-10060","desc":"System_Jump_Desc-10060","type":1,"systemId":64},"10061":{"id":10061,"name":"System_Jump_Name-10061","desc":"System_Jump_Desc-10061","type":1,"systemId":64},"10062":{"id":10062,"name":"System_Jump_Name-10062","desc":"System_Jump_Desc-10062","type":1,"systemId":64},"10063":{"id":10063,"name":"System_Jump_Name-10063","desc":"System_Jump_Desc-10063","type":1,"systemId":67},"10064":{"id":10064,"name":"System_Jump_Name-10064","desc":"System_Jump_Desc-10064","type":1,"systemId":28},"10065":{"id":10065,"name":"System_Jump_Name-10065","desc":"System_Jump_Desc-10065","type":1,"systemId":70},"10066":{"id":10066,"name":"System_Jump_Name-10066","desc":"System_Jump_Desc-10066","type":1,"systemId":71},"10067":{"id":10067,"name":"System_Jump_Name-10067","desc":"System_Jump_Desc-10067","type":1,"systemId":69},"10068":{"id":10068,"name":"System_Jump_Name-10068","desc":"System_Jump_Desc-10068","type":1,"systemId":69},"10069":{"id":10069,"name":"System_Jump_Name-10069","desc":"System_Jump_Desc-10069","type":1,"systemId":78},"10070":{"id":10070,"name":"System_Jump_Name-10070","desc":"System_Jump_Desc-10070","type":1,"systemId":79},"10071":{"id":10071,"name":"System_Jump_Name-10071","desc":"System_Jump_Desc-10071","type":1,"systemId":68},"10072":{"id":10072,"name":"System_Jump_Name-10072","desc":"System_Jump_Desc-10072","type":1,"systemId":2},"10073":{"id":10073,"name":"System_Jump_Name-10073","desc":"System_Jump_Desc-10073","type":1,"systemId":71},"10074":{"id":10074,"name":"System_Jump_Name-10074","desc":"System_Jump_Desc-10074","type":1,"systemId":68},"10075":{"id":10075,"name":"System_Jump_Name-10075","desc":"System_Jump_Desc-10075","type":1,"systemId":68}}