{"10000":{"id":10000,"type":2,"triggerType":1,"triggerPar":"100000","eventPar":"0","scene":"MainView","clickRange":"0","clickNum":1,"character":121003,"sound":"0","desc":"New_Player_Guide-10000","nextID":10001,"returnID":"10000"},"10001":{"id":10001,"type":2,"triggerType":0,"triggerPar":"0","eventPar":"0","scene":"MainView","clickRange":"0","clickNum":1,"character":121003,"sound":"0","desc":"New_Player_Guide-10001","nextID":10002,"returnID":"10001"},"10002":{"id":10002,"type":1,"triggerType":0,"triggerPar":"0","eventPar":"0","scene":"MainView","clickRange":"btnBox","clickNum":1,"character":121003,"sound":"0","desc":"0","nextID":10003,"returnID":"0"},"10003":{"id":10003,"type":1,"triggerType":0,"triggerPar":"0","eventPar":"0","scene":"EquipmentReplaceView","clickRange":"btnEquip","clickNum":1,"character":121003,"sound":"0","desc":"0","nextID":10004,"returnID":"0"},"10004":{"id":10004,"type":2,"triggerType":0,"triggerPar":"0","eventPar":"0","scene":"MainView","clickRange":"0","clickNum":1,"character":121003,"sound":"0","desc":"New_Player_Guide-10004","nextID":10005,"returnID":"0"},"10005":{"id":10005,"type":1,"triggerType":0,"triggerPar":"0","eventPar":"0","scene":"MainView","clickRange":"btnBox","clickNum":1,"character":121003,"sound":"0","desc":"0","nextID":10006,"returnID":"0"},"10006":{"id":10006,"type":1,"triggerType":0,"triggerPar":"0","eventPar":"0","scene":"EquipmentReplaceView","clickRange":"btnEquip","clickNum":1,"character":121003,"sound":"0","desc":"0","nextID":10007,"returnID":"0"},"10007":{"id":10007,"type":2,"triggerType":0,"triggerPar":"0","eventPar":"0","scene":"MainView","clickRange":"0","clickNum":1,"character":121003,"sound":"0","desc":"New_Player_Guide-10007","nextID":10008,"returnID":"0"},"10008":{"id":10008,"type":1,"triggerType":0,"triggerPar":"0","eventPar":"0","scene":"MainView","clickRange":"btnBox","clickNum":1,"character":121003,"sound":"0","desc":"0","nextID":10009,"returnID":"0"},"10009":{"id":10009,"type":1,"triggerType":0,"triggerPar":"0","eventPar":"0","scene":"EquipmentReplaceView","clickRange":"btnReplace","clickNum":1,"character":121003,"sound":"0","desc":"0","nextID":10010,"returnID":"0"},"10010":{"id":10010,"type":1,"triggerType":0,"triggerPar":"0","eventPar":"0","scene":"EquipmentReplaceView","clickRange":"btnSell","clickNum":1,"character":121003,"sound":"0","desc":"0","nextID":0,"returnID":"0"},"11000":{"id":11000,"type":2,"triggerType":1,"triggerPar":"100007","eventPar":"0","scene":"MainView","clickRange":"0","clickNum":1,"character":121003,"sound":"0","desc":"New_Player_Guide-11000","nextID":11001,"returnID":"11000"},"11001":{"id":11001,"type":1,"triggerType":0,"triggerPar":"0","eventPar":"0","scene":"MainView","clickRange":"btnFight","clickNum":1,"character":121003,"sound":"0","desc":"0","nextID":11002,"returnID":"11000"},"11002":{"id":11002,"type":1,"triggerType":0,"triggerPar":"0","eventPar":"0","scene":"ChapterMainView","clickRange":"btnBattle","clickNum":1,"character":121003,"sound":"0","desc":"0","nextID":0,"returnID":"0"},"12000":{"id":12000,"type":2,"triggerType":1,"triggerPar":"100029","eventPar":"0","scene":"MainView","clickRange":"0","clickNum":1,"character":121003,"sound":"0","desc":"New_Player_Guide-12000","nextID":12001,"returnID":"0"},"12001":{"id":12001,"type":2,"triggerType":0,"triggerPar":"0","eventPar":"0","scene":"MainView","clickRange":"0","clickNum":1,"character":121003,"sound":"0","desc":"New_Player_Guide-12001","nextID":12002,"returnID":"0"},"12002":{"id":12002,"type":1,"triggerType":0,"triggerPar":"0","eventPar":"0","scene":"MainView","clickRange":"btnChallenge","clickNum":1,"character":121003,"sound":"0","desc":"0","nextID":12003,"returnID":"12000"},"12003":{"id":12003,"type":1,"triggerType":0,"triggerPar":"0","eventPar":"0","scene":"SystemListView","clickRange":"btnYaoLing","clickNum":1,"character":121003,"sound":"0","desc":"0","nextID":12004,"returnID":"12000"},"12004":{"id":12004,"type":1,"triggerType":0,"triggerPar":"0","eventPar":"0","scene":"RankBattleMainView","clickRange":"btnBattle","clickNum":1,"character":121003,"sound":"0","desc":"0","nextID":0,"returnID":"0"},"13000":{"id":13000,"type":2,"triggerType":1,"triggerPar":"100030","eventPar":"0","scene":"MainView","clickRange":"0","clickNum":1,"character":121003,"sound":"0","desc":"New_Player_Guide-13000","nextID":13001,"returnID":"0"},"13001":{"id":13001,"type":1,"triggerType":0,"triggerPar":"0","eventPar":"0","scene":"MainView","clickRange":"btnCloud","clickNum":1,"character":121003,"sound":"0","desc":"0","nextID":13002,"returnID":"13000"},"13002":{"id":13002,"type":1,"triggerType":0,"triggerPar":"0","eventPar":"0","scene":"CloudMainView","clickRange":"btnUpLv","clickNum":1,"character":121003,"sound":"0","desc":"0","nextID":0,"returnID":"0"},"14000":{"id":14000,"type":2,"triggerType":1,"triggerPar":"100064","eventPar":"0","scene":"MainView","clickRange":"0","clickNum":1,"character":121003,"sound":"0","desc":"New_Player_Guide-14000","nextID":14001,"returnID":"0"},"14001":{"id":14001,"type":1,"triggerType":0,"triggerPar":"0","eventPar":"0","scene":"MainView","clickRange":"btnHome","clickNum":1,"character":121003,"sound":"0","desc":"0","nextID":14002,"returnID":"14000"},"14002":{"id":14002,"type":1,"triggerType":0,"triggerPar":"0","eventPar":"0","scene":"SystemListView","clickRange":"btnDestiny","clickNum":1,"character":121003,"sound":"0","desc":"0","nextID":14003,"returnID":"14000"},"14003":{"id":14003,"type":1,"triggerType":0,"triggerPar":"0","eventPar":"0","scene":"DestinyView","clickRange":"item0","clickNum":1,"character":121003,"sound":"0","desc":"0","nextID":14004,"returnID":"14000"},"14004":{"id":14004,"type":1,"triggerType":0,"triggerPar":"0","eventPar":"0","scene":"DestinyDetailView","clickRange":"btn_send","clickNum":1,"character":121003,"sound":"0","desc":"0","nextID":0,"returnID":"0"},"14100":{"id":14100,"type":2,"triggerType":1,"triggerPar":"100065","eventPar":"0","scene":"MainView","clickRange":"0","clickNum":1,"character":121003,"sound":"0","desc":"New_Player_Guide-14100","nextID":14101,"returnID":"0"},"14101":{"id":14101,"type":1,"triggerType":0,"triggerPar":"0","eventPar":"0","scene":"MainView","clickRange":"btnHome","clickNum":1,"character":121003,"sound":"0","desc":"0","nextID":14102,"returnID":"14100"},"14102":{"id":14102,"type":1,"triggerType":0,"triggerPar":"0","eventPar":"0","scene":"SystemListView","clickRange":"btnDestiny","clickNum":1,"character":121003,"sound":"0","desc":"0","nextID":14103,"returnID":"14100"},"14103":{"id":14103,"type":1,"triggerType":0,"triggerPar":"0","eventPar":"0","scene":"DestinyView","clickRange":"tag1","clickNum":1,"character":121003,"sound":"0","desc":"0","nextID":14104,"returnID":"14100"},"14104":{"id":14104,"type":1,"triggerType":0,"triggerPar":"0","eventPar":"0","scene":"DestinyView","clickRange":"btn_travel","clickNum":1,"character":121003,"sound":"0","desc":"0","nextID":0,"returnID":"0"},"15000":{"id":15000,"type":2,"triggerType":1,"triggerPar":"100068","eventPar":"0","scene":"MainView","clickRange":"0","clickNum":1,"character":121003,"sound":"0","desc":"New_Player_Guide-15000","nextID":15001,"returnID":"0"},"15001":{"id":15001,"type":1,"triggerType":0,"triggerPar":"0","eventPar":"0","scene":"MainView","clickRange":"btnChallenge","clickNum":1,"character":121003,"sound":"0","desc":"0","nextID":15002,"returnID":"15000"},"15002":{"id":15002,"type":1,"triggerType":0,"triggerPar":"0","eventPar":"0","scene":"SystemListView","clickRange":"btnInvade","clickNum":1,"character":121003,"sound":"0","desc":"0","nextID":15003,"returnID":"15000"},"15003":{"id":15003,"type":1,"triggerType":0,"triggerPar":"0","eventPar":"0","scene":"InvadeMainView","clickRange":"btnBattle","clickNum":1,"character":121003,"sound":"0","desc":"0","nextID":0,"returnID":"0"},"16000":{"id":16000,"type":2,"triggerType":1,"triggerPar":"100070","eventPar":"0","scene":"MainView","clickRange":"0","clickNum":1,"character":121003,"sound":"0","desc":"New_Player_Guide-16000","nextID":16001,"returnID":"0"},"16001":{"id":16001,"type":1,"triggerType":0,"triggerPar":"0","eventPar":"0","scene":"MainView","clickRange":"btnPet","clickNum":1,"character":121003,"sound":"0","desc":"0","nextID":16002,"returnID":"16000"},"16002":{"id":16002,"type":1,"triggerType":0,"triggerPar":"0","eventPar":"0","scene":"PetsMain","clickRange":"btnCatch","clickNum":1,"character":121003,"sound":"0","desc":"0","nextID":16003,"returnID":"16000"},"16003":{"id":16003,"type":1,"triggerType":0,"triggerPar":"0","eventPar":"0","scene":"PetsMain","clickRange":"catchBtnCatch","clickNum":1,"character":121003,"sound":"0","desc":"0","nextID":0,"returnID":"0"},"16100":{"id":16100,"type":2,"triggerType":1,"triggerPar":"100069","eventPar":"0","scene":"MainView","clickRange":"0","clickNum":1,"character":121003,"sound":"0","desc":"New_Player_Guide-16100","nextID":16101,"returnID":"0"},"16101":{"id":16101,"type":1,"triggerType":0,"triggerPar":"0","eventPar":"0","scene":"MainView","clickRange":"btnPet","clickNum":1,"character":121003,"sound":"0","desc":"0","nextID":16102,"returnID":"16000"},"16102":{"id":16102,"type":1,"triggerType":0,"triggerPar":"0","eventPar":"0","scene":"PetsMain","clickRange":"item0","clickNum":1,"character":121003,"sound":"0","desc":"0","nextID":16103,"returnID":"0"},"16103":{"id":16103,"type":1,"triggerType":0,"triggerPar":"0","eventPar":"0","scene":"PetsMain","clickRange":"btnGotoBattle","clickNum":1,"character":121003,"sound":"0","desc":"0","nextID":0,"returnID":"0"},"16200":{"id":16200,"type":2,"triggerType":2,"triggerPar":"51","eventPar":"0","scene":"MainView","clickRange":"0","clickNum":1,"character":121003,"sound":"0","desc":"New_Player_Guide-16200","nextID":16201,"returnID":"0"},"16201":{"id":16201,"type":1,"triggerType":0,"triggerPar":"0","eventPar":"0","scene":"MainView","clickRange":"btnPet","clickNum":1,"character":121003,"sound":"0","desc":"0","nextID":0,"returnID":"0"},"16300":{"id":16300,"type":2,"triggerType":2,"triggerPar":"57","eventPar":"0","scene":"MainView","clickRange":"0","clickNum":1,"character":121003,"sound":"0","desc":"New_Player_Guide-16300","nextID":16301,"returnID":"0"},"16301":{"id":16301,"type":2,"triggerType":0,"triggerPar":"0","eventPar":"0","scene":"MainView","clickRange":"0","clickNum":1,"character":121003,"sound":"0","desc":"New_Player_Guide-16301","nextID":16302,"returnID":"0"},"16302":{"id":16302,"type":1,"triggerType":0,"triggerPar":"0","eventPar":"0","scene":"MainView","clickRange":"btnPet","clickNum":1,"character":121003,"sound":"0","desc":"0","nextID":0,"returnID":"0"},"17000":{"id":17000,"type":2,"triggerType":1,"triggerPar":"100060","eventPar":"0","scene":"MainView","clickRange":"0","clickNum":1,"character":121003,"sound":"0","desc":"New_Player_Guide-17000","nextID":17001,"returnID":"0"},"17001":{"id":17001,"type":2,"triggerType":0,"triggerPar":"0","eventPar":"0","scene":"MainView","clickRange":"0","clickNum":1,"character":121003,"sound":"0","desc":"New_Player_Guide-17001","nextID":17002,"returnID":"0"},"17002":{"id":17002,"type":1,"triggerType":0,"triggerPar":"0","eventPar":"0","scene":"MainView","clickRange":"btnChallenge","clickNum":1,"character":121003,"sound":"0","desc":"0","nextID":17003,"returnID":"17000"},"17003":{"id":17003,"type":1,"triggerType":0,"triggerPar":"0","eventPar":"0","scene":"SystemListView","clickRange":"btnWildBoss","clickNum":1,"character":121003,"sound":"0","desc":"0","nextID":17004,"returnID":"17000"},"17004":{"id":17004,"type":1,"triggerType":0,"triggerPar":"0","eventPar":"0","scene":"WildBossMainView","clickRange":"item0","clickNum":1,"character":121003,"sound":"0","desc":"0","nextID":0,"returnID":"0"},"18000":{"id":18000,"type":2,"triggerType":1,"triggerPar":"100098","eventPar":"0","scene":"MainView","clickRange":"0","clickNum":1,"character":121003,"sound":"0","desc":"New_Player_Guide-18000","nextID":18001,"returnID":"0"},"18001":{"id":18001,"type":2,"triggerType":0,"triggerPar":"0","eventPar":"0","scene":"MainView","clickRange":"0","clickNum":1,"character":121003,"sound":"0","desc":"New_Player_Guide-18001","nextID":18002,"returnID":"0"},"18002":{"id":18002,"type":1,"triggerType":0,"triggerPar":"0","eventPar":"0","scene":"MainView","clickRange":"btnSpirit","clickNum":1,"character":121003,"sound":"0","desc":"0","nextID":18003,"returnID":"18000"},"18003":{"id":18003,"type":1,"triggerType":0,"triggerPar":"0","eventPar":"0","scene":"SpiritMain","clickRange":"btnOpenDrawCard","clickNum":1,"character":121003,"sound":"0","desc":"0","nextID":18004,"returnID":"18000"},"18004":{"id":18004,"type":1,"triggerType":0,"triggerPar":"0","eventPar":"0","scene":"SpiritDrawView","clickRange":"btnOne","clickNum":1,"character":121003,"sound":"0","desc":"0","nextID":0,"returnID":"0"},"18100":{"id":18100,"type":2,"triggerType":1,"triggerPar":"100099","eventPar":"0","scene":"MainView","clickRange":"0","clickNum":1,"character":121003,"sound":"0","desc":"New_Player_Guide-18100","nextID":18101,"returnID":"0"},"18101":{"id":18101,"type":1,"triggerType":0,"triggerPar":"0","eventPar":"0","scene":"MainView","clickRange":"btnSpirit","clickNum":1,"character":121003,"sound":"0","desc":"0","nextID":18102,"returnID":"18100"},"18102":{"id":18102,"type":1,"triggerType":0,"triggerPar":"0","eventPar":"0","scene":"SpiritMain","clickRange":"btnCombime","clickNum":1,"character":121003,"sound":"0","desc":"0","nextID":18103,"returnID":"0"},"18103":{"id":18103,"type":1,"triggerType":0,"triggerPar":"0","eventPar":"0","scene":"SpiritDetailView","clickRange":"btnCreat","clickNum":1,"character":121003,"sound":"0","desc":"0","nextID":18104,"returnID":"0"},"18104":{"id":18104,"type":1,"triggerType":0,"triggerPar":"0","eventPar":"0","scene":"SpiritGetSuccessPopUp","clickRange":"btnClose","clickNum":1,"character":121003,"sound":"0","desc":"0","nextID":18105,"returnID":"0"},"18105":{"id":18105,"type":1,"triggerType":0,"triggerPar":"0","eventPar":"0","scene":"SpiritDetailView","clickRange":"btnClose","clickNum":1,"character":121003,"sound":"0","desc":"0","nextID":18106,"returnID":"0"},"18106":{"id":18106,"type":1,"triggerType":0,"triggerPar":"0","eventPar":"0","scene":"SpiritMain","clickRange":"btnDispatch","clickNum":1,"character":121003,"sound":"0","desc":"0","nextID":18107,"returnID":"0"},"18107":{"id":18107,"type":1,"triggerType":0,"triggerPar":"0","eventPar":"0","scene":"SpiritSelectView","clickRange":"item0","clickNum":1,"character":121003,"sound":"0","desc":"0","nextID":18108,"returnID":"0"},"18108":{"id":18108,"type":1,"triggerType":0,"triggerPar":"0","eventPar":"0","scene":"SpiritSelectView","clickRange":"btnConfirm","clickNum":1,"character":121003,"sound":"0","desc":"0","nextID":0,"returnID":"0"},"18200":{"id":18200,"type":2,"triggerType":1,"triggerPar":"100100","eventPar":"0","scene":"MainView","clickRange":"0","clickNum":1,"character":121003,"sound":"0","desc":"New_Player_Guide-18200","nextID":18201,"returnID":"0"},"18201":{"id":18201,"type":1,"triggerType":0,"triggerPar":"0","eventPar":"0","scene":"MainView","clickRange":"btnSpirit","clickNum":1,"character":121003,"sound":"0","desc":"0","nextID":18202,"returnID":"18200"},"18202":{"id":18202,"type":1,"triggerType":0,"triggerPar":"0","eventPar":"0","scene":"SpiritMain","clickRange":"btnUpgrade","clickNum":1,"character":121003,"sound":"0","desc":"0","nextID":18203,"returnID":"0"},"18203":{"id":18203,"type":1,"triggerType":0,"triggerPar":"0","eventPar":"0","scene":"SpiritDetailView","clickRange":"btnUp","clickNum":1,"character":121003,"sound":"0","desc":"0","nextID":0,"returnID":"0"},"19000":{"id":19000,"type":2,"triggerType":1,"triggerPar":"100163","eventPar":"0","scene":"MainView","clickRange":"0","clickNum":1,"character":121003,"sound":"0","desc":"New_Player_Guide-19000","nextID":19001,"returnID":"0"},"19001":{"id":19001,"type":2,"triggerType":0,"triggerPar":"0","eventPar":"0","scene":"MainView","clickRange":"0","clickNum":1,"character":121003,"sound":"0","desc":"New_Player_Guide-19001","nextID":19002,"returnID":"0"},"19002":{"id":19002,"type":1,"triggerType":0,"triggerPar":"0","eventPar":"0","scene":"MainView","clickRange":"btnChallenge","clickNum":1,"character":121003,"sound":"0","desc":"0","nextID":19003,"returnID":"19000"},"19003":{"id":19003,"type":1,"triggerType":0,"triggerPar":"0","eventPar":"0","scene":"SystemListView","clickRange":"btnTower","clickNum":1,"character":121003,"sound":"0","desc":"0","nextID":19004,"returnID":"19000"},"19004":{"id":19004,"type":1,"triggerType":0,"triggerPar":"0","eventPar":"0","scene":"TowerMainView","clickRange":"btnBattle","clickNum":1,"character":121003,"sound":"0","desc":"0","nextID":0,"returnID":"0"},"20000":{"id":20000,"type":2,"triggerType":1,"triggerPar":"100164","eventPar":"0","scene":"MainView","clickRange":"0","clickNum":1,"character":121003,"sound":"0","desc":"New_Player_Guide-20000","nextID":20001,"returnID":"0"},"20001":{"id":20001,"type":1,"triggerType":0,"triggerPar":"0","eventPar":"0","scene":"MainView","clickRange":"btnTalent","clickNum":1,"character":121003,"sound":"0","desc":"0","nextID":20002,"returnID":"20000"},"20002":{"id":20002,"type":1,"triggerType":0,"triggerPar":"0","eventPar":"0","scene":"TalentMainView","clickRange":"btnClick","clickNum":1,"character":121003,"sound":"0","desc":"0","nextID":0,"returnID":"0"},"21000":{"id":21000,"type":2,"triggerType":1,"triggerPar":"100048","eventPar":"0","scene":"MainView","clickRange":"0","clickNum":1,"character":121003,"sound":"0","desc":"New_Player_Guide-21000","nextID":21001,"returnID":"0"},"21001":{"id":21001,"type":1,"triggerType":0,"triggerPar":"0","eventPar":"0","scene":"MainView","clickRange":"btnHome","clickNum":1,"character":121003,"sound":"0","desc":"0","nextID":21002,"returnID":"21000"},"21002":{"id":21002,"type":1,"triggerType":0,"triggerPar":"0","eventPar":"0","scene":"SystemListView","clickRange":"btnHomeLand","clickNum":1,"character":121003,"sound":"0","desc":"0","nextID":21003,"returnID":"21000"},"21003":{"id":21003,"type":1,"triggerType":0,"triggerPar":"0","eventPar":"0","scene":"HomeLandMainView","clickRange":"ListItem0","clickNum":1,"character":121003,"sound":"0","desc":"0","nextID":21004,"returnID":"21000"},"21004":{"id":21004,"type":1,"triggerType":0,"triggerPar":"0","eventPar":"0","scene":"HomeLandTreasureDetail","clickRange":"btnDispatch","clickNum":1,"character":121003,"sound":"0","desc":"0","nextID":0,"returnID":"0"},"21100":{"id":21100,"type":2,"triggerType":1,"triggerPar":"100050","eventPar":"0","scene":"MainView","clickRange":"0","clickNum":1,"character":121003,"sound":"0","desc":"New_Player_Guide-21100","nextID":21101,"returnID":"0"},"21101":{"id":21101,"type":1,"triggerType":0,"triggerPar":"0","eventPar":"0","scene":"MainView","clickRange":"btnHome","clickNum":1,"character":121003,"sound":"0","desc":"0","nextID":21102,"returnID":"21100"},"21102":{"id":21102,"type":1,"triggerType":0,"triggerPar":"0","eventPar":"0","scene":"SystemListView","clickRange":"btnHomeLand","clickNum":1,"character":121003,"sound":"0","desc":"0","nextID":21103,"returnID":"21100"},"21103":{"id":21103,"type":1,"triggerType":0,"triggerPar":"0","eventPar":"0","scene":"HomeLandMainView","clickRange":"btnSearch","clickNum":1,"character":121003,"sound":"0","desc":"0","nextID":21104,"returnID":"21100"},"21104":{"id":21104,"type":1,"triggerType":0,"triggerPar":"0","eventPar":"0","scene":"HomeLandExploreView","clickRange":"item0","clickNum":1,"character":121003,"sound":"0","desc":"0","nextID":21105,"returnID":"21100"},"21105":{"id":21105,"type":1,"triggerType":0,"triggerPar":"0","eventPar":"0","scene":"HomeLandMainView","clickRange":"ListItem0","clickNum":1,"character":121003,"sound":"0","desc":"0","nextID":21106,"returnID":"21000"},"21106":{"id":21106,"type":1,"triggerType":0,"triggerPar":"0","eventPar":"0","scene":"HomeLandTreasureDetail","clickRange":"btnDispatch","clickNum":1,"character":121003,"sound":"0","desc":"0","nextID":0,"returnID":"0"},"21200":{"id":21200,"type":2,"triggerType":1,"triggerPar":"100049","eventPar":"0","scene":"MainView","clickRange":"0","clickNum":1,"character":121003,"sound":"0","desc":"New_Player_Guide-21200","nextID":21201,"returnID":"0"},"21201":{"id":21201,"type":1,"triggerType":0,"triggerPar":"0","eventPar":"0","scene":"MainView","clickRange":"btnHome","clickNum":1,"character":121003,"sound":"0","desc":"0","nextID":21202,"returnID":"21200"},"21202":{"id":21202,"type":1,"triggerType":0,"triggerPar":"0","eventPar":"0","scene":"SystemListView","clickRange":"btnHomeLand","clickNum":1,"character":121003,"sound":"0","desc":"0","nextID":21203,"returnID":"21200"},"21203":{"id":21203,"type":1,"triggerType":0,"triggerPar":"0","eventPar":"0","scene":"HomeLandMainView","clickRange":"btnOpenManage","clickNum":1,"character":121003,"sound":"0","desc":"0","nextID":21204,"returnID":"21200"},"21204":{"id":21204,"type":1,"triggerType":0,"triggerPar":"0","eventPar":"0","scene":"HomeLandWorkerManageView","clickRange":"btnBuy","clickNum":1,"character":121003,"sound":"0","desc":"0","nextID":0,"returnID":"0"},"22000":{"id":22000,"type":2,"triggerType":1,"triggerPar":"100013","eventPar":"0","scene":"MainView","clickRange":"0","clickNum":1,"character":121003,"sound":"0","desc":"New_Player_Guide-22000","nextID":22001,"returnID":"22000"},"22001":{"id":22001,"type":2,"triggerType":0,"triggerPar":"0","eventPar":"0","scene":"MainView","clickRange":"0","clickNum":1,"character":121003,"sound":"0","desc":"New_Player_Guide-22001","nextID":22002,"returnID":"22000"},"22002":{"id":22002,"type":1,"triggerType":0,"triggerPar":"0","eventPar":"0","scene":"MainView","clickRange":"btnFurnaceLv","clickNum":1,"character":121003,"sound":"0","desc":"0","nextID":22003,"returnID":"22001"},"22003":{"id":22003,"type":1,"triggerType":0,"triggerPar":"0","eventPar":"0","scene":"DreamlandView","clickRange":"btnLvUp","clickNum":1,"character":121003,"sound":"0","desc":"0","nextID":0,"returnID":"0"},"23000":{"id":23000,"type":2,"triggerType":1,"triggerPar":"100005","eventPar":"0","scene":"MainView","clickRange":"0","clickNum":1,"character":121003,"sound":"0","desc":"New_Player_Guide-23000","nextID":23001,"returnID":"0"},"23001":{"id":23001,"type":1,"triggerType":0,"triggerPar":"0","eventPar":"0","scene":"MainView","clickRange":"btnMore","clickNum":1,"character":121003,"sound":"0","desc":"0","nextID":23002,"returnID":"23000"},"23002":{"id":23002,"type":2,"triggerType":0,"triggerPar":"0","eventPar":"0","scene":"MainView","clickRange":"0","clickNum":1,"character":121003,"sound":"0","desc":"New_Player_Guide-23002","nextID":23003,"returnID":"0"},"23003":{"id":23003,"type":2,"triggerType":0,"triggerPar":"0","eventPar":"0","scene":"MainView","clickRange":"0","clickNum":1,"character":121003,"sound":"0","desc":"New_Player_Guide-23003","nextID":0,"returnID":"0"},"24000":{"id":24000,"type":2,"triggerType":1,"triggerPar":"100036","eventPar":"0","scene":"MainView","clickRange":"0","clickNum":1,"character":121003,"sound":"0","desc":"New_Player_Guide-24000","nextID":24001,"returnID":"0"},"24001":{"id":24001,"type":1,"triggerType":0,"triggerPar":"0","eventPar":"0","scene":"MainView","clickRange":"btnAuto","clickNum":1,"character":121003,"sound":"0","desc":"0","nextID":24002,"returnID":"24000"},"24002":{"id":24002,"type":1,"triggerType":0,"triggerPar":"0","eventPar":"0","scene":"EquipmentAutoSettingView","clickRange":"btnSet","clickNum":1,"character":121003,"sound":"0","desc":"0","nextID":0,"returnID":"0"},"25000":{"id":25000,"type":2,"triggerType":1,"triggerPar":"100019","eventPar":"0","scene":"MainView","clickRange":"0","clickNum":1,"character":121003,"sound":"0","desc":"New_Player_Guide-25000","nextID":25001,"returnID":"0"},"25001":{"id":25001,"type":1,"triggerType":0,"triggerPar":"0","eventPar":"0","scene":"MainView","clickRange":"btnAdvanced","clickNum":1,"character":121003,"sound":"0","desc":"0","nextID":25002,"returnID":"25000"},"25002":{"id":25002,"type":2,"triggerType":0,"triggerPar":"0","eventPar":"0","scene":"RealmsMainView","clickRange":"0","clickNum":1,"character":121003,"sound":"0","desc":"New_Player_Guide-25002","nextID":25003,"returnID":"0"},"25003":{"id":25003,"type":1,"triggerType":0,"triggerPar":"0","eventPar":"0","scene":"RealmsMainView","clickRange":"btn_realms","clickNum":1,"character":121003,"sound":"0","desc":"0","nextID":0,"returnID":"0"},"26000":{"id":26000,"type":2,"triggerType":2,"triggerPar":"37","eventPar":"0","scene":"MainView","clickRange":"0","clickNum":1,"character":121003,"sound":"0","desc":"New_Player_Guide-26000","nextID":26001,"returnID":"0"},"26001":{"id":26001,"type":1,"triggerType":0,"triggerPar":"0","eventPar":"0","scene":"MainView","clickRange":"btnChallenge","clickNum":1,"character":121003,"sound":"0","desc":"0","nextID":26002,"returnID":"0"},"26002":{"id":26002,"type":1,"triggerType":0,"triggerPar":"0","eventPar":"0","scene":"SystemListView","clickRange":"btnHeroRank","clickNum":1,"character":121003,"sound":"0","desc":"0","nextID":0,"returnID":"0"},"27000":{"id":27000,"type":2,"triggerType":2,"triggerPar":"44","eventPar":"0","scene":"MainView","clickRange":"0","clickNum":1,"character":121003,"sound":"0","desc":"New_Player_Guide-27000","nextID":27001,"returnID":"0"},"27001":{"id":27001,"type":1,"triggerType":0,"triggerPar":"0","eventPar":"0","scene":"MainView","clickRange":"btnTalent","clickNum":1,"character":121003,"sound":"0","desc":"0","nextID":27002,"returnID":"0"},"27002":{"id":27002,"type":1,"triggerType":0,"triggerPar":"0","eventPar":"0","scene":"TalentMainView","clickRange":"tagListItem1","clickNum":1,"character":121003,"sound":"0","desc":"0","nextID":27003,"returnID":"0"},"27003":{"id":27003,"type":1,"triggerType":0,"triggerPar":"0","eventPar":"0","scene":"MagicDrawMainView","clickRange":"btnDraw","clickNum":1,"character":121003,"sound":"0","desc":"0","nextID":0,"returnID":"0"},"28000":{"id":28000,"type":2,"triggerType":2,"triggerPar":"55","eventPar":"0","scene":"MainView","clickRange":"0","clickNum":1,"character":121003,"sound":"0","desc":"New_Player_Guide-28000","nextID":28001,"returnID":"0"},"28001":{"id":28001,"type":1,"triggerType":0,"triggerPar":"0","eventPar":"0","scene":"MainView","clickRange":"btnHome","clickNum":1,"character":121003,"sound":"0","desc":"0","nextID":28002,"returnID":"0"},"28002":{"id":28002,"type":1,"triggerType":0,"triggerPar":"0","eventPar":"0","scene":"SystemListView","clickRange":"btnEquipmentAdvance","clickNum":1,"character":121003,"sound":"0","desc":"0","nextID":0,"returnID":"0"},"29000":{"id":29000,"type":2,"triggerType":2,"triggerPar":"56","eventPar":"0","scene":"MainView","clickRange":"0","clickNum":1,"character":121003,"sound":"0","desc":"New_Player_Guide-29000","nextID":29001,"returnID":"0"},"29001":{"id":29001,"type":2,"triggerType":0,"triggerPar":"0","eventPar":"0","scene":"MainView","clickRange":"0","clickNum":1,"character":121003,"sound":"0","desc":"New_Player_Guide-29001","nextID":29002,"returnID":"0"},"29002":{"id":29002,"type":1,"triggerType":0,"triggerPar":"0","eventPar":"0","scene":"MainView","clickRange":"btnChallenge","clickNum":1,"character":121003,"sound":"0","desc":"0","nextID":29003,"returnID":"0"},"29003":{"id":29003,"type":1,"triggerType":0,"triggerPar":"0","eventPar":"0","scene":"SystemListView","clickRange":"btnSecretTower","clickNum":1,"character":121003,"sound":"0","desc":"0","nextID":0,"returnID":"0"},"30000":{"id":30000,"type":2,"triggerType":2,"triggerPar":"54","eventPar":"0","scene":"MainView","clickRange":"0","clickNum":1,"character":121003,"sound":"0","desc":"New_Player_Guide-30000","nextID":30001,"returnID":"0"},"30001":{"id":30001,"type":2,"triggerType":0,"triggerPar":"0","eventPar":"0","scene":"MainView","clickRange":"0","clickNum":1,"character":121003,"sound":"0","desc":"New_Player_Guide-30001","nextID":30002,"returnID":"0"},"30002":{"id":30002,"type":1,"triggerType":0,"triggerPar":"0","eventPar":"0","scene":"MainView","clickRange":"btnHome","clickNum":1,"character":121003,"sound":"0","desc":"0","nextID":30003,"returnID":"0"},"30003":{"id":30003,"type":1,"triggerType":0,"triggerPar":"0","eventPar":"0","scene":"SystemListView","clickRange":"btnPalace","clickNum":1,"character":121003,"sound":"0","desc":"0","nextID":0,"returnID":"0"},"31000":{"id":31000,"type":2,"triggerType":2,"triggerPar":"63","eventPar":"0","scene":"MainView","clickRange":"0","clickNum":1,"character":121003,"sound":"0","desc":"New_Player_Guide-31000","nextID":31001,"returnID":"0"},"31001":{"id":31001,"type":2,"triggerType":0,"triggerPar":"0","eventPar":"0","scene":"MainView","clickRange":"0","clickNum":1,"character":121003,"sound":"0","desc":"New_Player_Guide-31001","nextID":31002,"returnID":"0"},"31002":{"id":31002,"type":1,"triggerType":0,"triggerPar":"0","eventPar":"0","scene":"MainView","clickRange":"btnMagicTreasure","clickNum":1,"character":121003,"sound":"0","desc":"0","nextID":31003,"returnID":"0"},"31003":{"id":31003,"type":1,"triggerType":0,"triggerPar":"0","eventPar":"0","scene":"MagicTreasureMainView","clickRange":"tagListItem1","clickNum":1,"character":121003,"sound":"0","desc":"0","nextID":31004,"returnID":"0"},"31004":{"id":31004,"type":1,"triggerType":0,"triggerPar":"0","eventPar":"0","scene":"MagicTreasureMainView","clickRange":"btnOne","clickNum":1,"character":121003,"sound":"0","desc":"0","nextID":0,"returnID":"0"},"32000":{"id":32000,"type":2,"triggerType":2,"triggerPar":"69","eventPar":"0","scene":"MainView","clickRange":"0","clickNum":1,"character":121003,"sound":"0","desc":"New_Player_Guide-32000","nextID":32001,"returnID":"0"},"32001":{"id":32001,"type":2,"triggerType":0,"triggerPar":"0","eventPar":"0","scene":"MainView","clickRange":"0","clickNum":1,"character":121003,"sound":"0","desc":"New_Player_Guide-32001","nextID":32002,"returnID":"0"},"32002":{"id":32002,"type":1,"triggerType":0,"triggerPar":"0","eventPar":"0","scene":"MainView","clickRange":"btnChallenge","clickNum":1,"character":121003,"sound":"0","desc":"0","nextID":32003,"returnID":"0"},"32003":{"id":32003,"type":1,"triggerType":0,"triggerPar":"0","eventPar":"0","scene":"SystemListView","clickRange":"btnRemoteStarTrial","clickNum":1,"character":121003,"sound":"0","desc":"0","nextID":0,"returnID":"0"},"32004":{"id":32004,"type":1,"triggerType":0,"triggerPar":"0","eventPar":"0","scene":"RemoteStarTrialMainView","clickRange":"btnAttack","clickNum":1,"character":121003,"sound":"0","desc":"0","nextID":0,"returnID":"0"},"33000":{"id":33000,"type":2,"triggerType":2,"triggerPar":"70","eventPar":"0","scene":"MainView","clickRange":"0","clickNum":1,"character":121003,"sound":"0","desc":"New_Player_Guide-33001","nextID":33001,"returnID":"0"},"33001":{"id":33001,"type":1,"triggerType":0,"triggerPar":"0","eventPar":"0","scene":"MainView","clickRange":"btnHome","clickNum":1,"character":121003,"sound":"0","desc":"0","nextID":33002,"returnID":"0"},"33002":{"id":33002,"type":1,"triggerType":0,"triggerPar":"0","eventPar":"0","scene":"SystemListView","clickRange":"btnGatherEnergy","clickNum":1,"character":121003,"sound":"0","desc":"0","nextID":33003,"returnID":"0"},"33003":{"id":33003,"type":2,"triggerType":0,"triggerPar":"0","eventPar":"0","scene":"GatherEnergyMainView","clickRange":"0","clickNum":1,"character":121003,"sound":"0","desc":"New_Player_Guide-33004","nextID":33004,"returnID":"0"},"33004":{"id":33004,"type":1,"triggerType":0,"triggerPar":"0","eventPar":"0","scene":"GatherEnergyMainView","clickRange":"btnEntrance2","clickNum":1,"character":121003,"sound":"0","desc":"0","nextID":33005,"returnID":"0"},"33005":{"id":33005,"type":1,"triggerType":0,"triggerPar":"0","eventPar":"0","scene":"GatherEnergyOpenView","clickRange":"btnOpen","clickNum":1,"character":121003,"sound":"0","desc":"0","nextID":33006,"returnID":"0"},"33006":{"id":33006,"type":1,"triggerType":0,"triggerPar":"0","eventPar":"0","scene":"GatherEnergyResultWindow1","clickRange":"btnGo","clickNum":1,"character":121003,"sound":"0","desc":"0","nextID":33007,"returnID":"0"},"33007":{"id":33007,"type":2,"triggerType":0,"triggerPar":"0","eventPar":"0","scene":"GatherEnergyInsideView","clickRange":"0","clickNum":1,"character":121003,"sound":"0","desc":"New_Player_Guide-33008","nextID":0,"returnID":"0"},"34000":{"id":34000,"type":2,"triggerType":2,"triggerPar":"76","eventPar":"0","scene":"MainView","clickRange":"0","clickNum":1,"character":121003,"sound":"0","desc":"New_Player_Guide-34000","nextID":34001,"returnID":"0"},"34001":{"id":34001,"type":1,"triggerType":0,"triggerPar":"0","eventPar":"0","scene":"MainView","clickRange":"btnAscensionTest","clickNum":1,"character":121003,"sound":"0","desc":"0","nextID":0,"returnID":"0"},"35000":{"id":35000,"type":2,"triggerType":2,"triggerPar":"80","eventPar":"0","scene":"MainView","clickRange":"0","clickNum":1,"character":121003,"sound":"0","desc":"New_Player_Guide-35000","nextID":35001,"returnID":"0"},"35001":{"id":35001,"type":1,"triggerType":0,"triggerPar":"0","eventPar":"0","scene":"MainView","clickRange":"btnGodBody","clickNum":1,"character":121003,"sound":"0","desc":"0","nextID":0,"returnID":"0"}}