{"1":{"id":1,"talentLevel":"1;20|2;10|3;5","exp":10},"2":{"id":2,"talentLevel":"1;10|2;10|3;10","exp":20},"3":{"id":3,"talentLevel":"2;10|3;10|4;10","exp":40},"4":{"id":4,"talentLevel":"3;10|4;10|5;10","exp":80},"5":{"id":5,"talentLevel":"4;10|5;10|6;10","exp":160},"6":{"id":6,"talentLevel":"5;10|6;10|7;10","exp":190},"7":{"id":7,"talentLevel":"6;10|7;10|8;10","exp":200},"8":{"id":8,"talentLevel":"7;10|8;10|9;10","exp":320},"9":{"id":9,"talentLevel":"8;10|9;10|10;10","exp":320},"10":{"id":10,"talentLevel":"9;10|10;10|11;10","exp":320},"11":{"id":11,"talentLevel":"10;10|11;10|12;10","exp":400},"12":{"id":12,"talentLevel":"11;10|12;10|13;10","exp":470},"13":{"id":13,"talentLevel":"12;10|13;10|14;10","exp":510},"14":{"id":14,"talentLevel":"13;10|14;10|15;10","exp":730},"15":{"id":15,"talentLevel":"14;10|15;10|16;10","exp":730},"16":{"id":16,"talentLevel":"15;10|16;10|17;10","exp":840},"17":{"id":17,"talentLevel":"16;10|17;10|18;10","exp":880},"18":{"id":18,"talentLevel":"17;10|18;10|19;10","exp":1060},"19":{"id":19,"talentLevel":"18;10|19;10|20;10","exp":1060},"20":{"id":20,"talentLevel":"19;10|20;10|21;10","exp":1170},"21":{"id":21,"talentLevel":"20;10|21;10|22;10","exp":1270},"22":{"id":22,"talentLevel":"21;10|22;10|23;10","exp":1680},"23":{"id":23,"talentLevel":"22;10|23;10|24;10","exp":1720},"24":{"id":24,"talentLevel":"23;10|24;10|25;10","exp":1720},"25":{"id":25,"talentLevel":"24;10|25;10|26;10","exp":1750},"26":{"id":26,"talentLevel":"25;10|26;10|27;10","exp":1750},"27":{"id":27,"talentLevel":"26;10|27;10|28;10","exp":1750},"28":{"id":28,"talentLevel":"27;10|28;10|29;10","exp":1750},"29":{"id":29,"talentLevel":"28;10|29;10|30;10","exp":1750},"30":{"id":30,"talentLevel":"29;10|30;10|31;10","exp":2000},"31":{"id":31,"talentLevel":"30;10|31;10|32;10","exp":2000},"32":{"id":32,"talentLevel":"31;10|32;10|33;10","exp":2000},"33":{"id":33,"talentLevel":"32;10|33;10|34;10","exp":2250},"34":{"id":34,"talentLevel":"33;10|34;10|35;10","exp":2250},"35":{"id":35,"talentLevel":"34;10|35;10|36;10","exp":2500},"36":{"id":36,"talentLevel":"35;10|36;10|37;10","exp":2500},"37":{"id":37,"talentLevel":"36;10|37;10|38;10","exp":2500},"38":{"id":38,"talentLevel":"37;10|38;10|39;10","exp":2750},"39":{"id":39,"talentLevel":"38;10|39;10|40;10","exp":2750},"40":{"id":40,"talentLevel":"39;10|40;10|41;10","exp":2750},"41":{"id":41,"talentLevel":"40;10|41;10|42;10","exp":2750},"42":{"id":42,"talentLevel":"41;10|42;10|43;10","exp":3000},"43":{"id":43,"talentLevel":"42;10|43;10|44;10","exp":3000},"44":{"id":44,"talentLevel":"43;10|44;10|45;10","exp":3250},"45":{"id":45,"talentLevel":"44;10|45;10|46;10","exp":3250},"46":{"id":46,"talentLevel":"45;10|46;10|47;10","exp":3500},"47":{"id":47,"talentLevel":"46;10|47;10|48;10","exp":3500},"48":{"id":48,"talentLevel":"47;10|48;10|49;10","exp":3750},"49":{"id":49,"talentLevel":"48;10|49;10|50;10","exp":3750},"50":{"id":50,"talentLevel":"49;10|50;10|51;10","exp":4000},"51":{"id":51,"talentLevel":"50;10|51;10|52;10","exp":4000},"52":{"id":52,"talentLevel":"51;10|52;10|53;10","exp":4000},"53":{"id":53,"talentLevel":"52;10|53;10|54;10","exp":4000},"54":{"id":54,"talentLevel":"53;10|54;10|55;10","exp":4000},"55":{"id":55,"talentLevel":"54;10|55;10|56;10","exp":6000},"56":{"id":56,"talentLevel":"55;10|56;10|57;10","exp":6000},"57":{"id":57,"talentLevel":"56;10|57;10|58;10","exp":6000},"58":{"id":58,"talentLevel":"57;10|58;10|59;10","exp":8000},"59":{"id":59,"talentLevel":"58;10|59;10|60;10","exp":8000},"60":{"id":60,"talentLevel":"59;10|60;10|61;10","exp":10000},"61":{"id":61,"talentLevel":"60;10|61;10|62;10","exp":10000},"62":{"id":62,"talentLevel":"61;10|62;10|63;10","exp":15000},"63":{"id":63,"talentLevel":"62;10|63;10|64;10","exp":15000},"64":{"id":64,"talentLevel":"63;10|64;10|65;10","exp":20000},"65":{"id":65,"talentLevel":"64;10|65;10|66;10","exp":20000},"66":{"id":66,"talentLevel":"65;10|66;10|67;10","exp":30000},"67":{"id":67,"talentLevel":"66;10|67;10|68;10","exp":30000},"68":{"id":68,"talentLevel":"67;10|68;10|69;10","exp":50000},"69":{"id":69,"talentLevel":"68;10|69;10|70;10","exp":50000},"70":{"id":70,"talentLevel":"69;10|70;10|71;10","exp":80000},"71":{"id":71,"talentLevel":"70;10|71;10|72;10","exp":80000},"72":{"id":72,"talentLevel":"71;10|72;10|73;10","exp":120000},"73":{"id":73,"talentLevel":"72;10|73;10|74;10","exp":120000},"74":{"id":74,"talentLevel":"73;10|74;10|75;10","exp":150000},"75":{"id":75,"talentLevel":"74;10|75;10|76;10","exp":150000},"76":{"id":76,"talentLevel":"75;10|76;10|77;10","exp":200000},"77":{"id":77,"talentLevel":"76;10|77;10|78;10","exp":200000},"78":{"id":78,"talentLevel":"77;10|78;10|79;10","exp":250000},"79":{"id":79,"talentLevel":"78;10|79;10|80;10","exp":300000},"80":{"id":80,"talentLevel":"79;10|80;10|81;10","exp":0}}