{"10001":{"id":10001,"level":1,"basic":"1000","second":67,"secondDef":1000,"special":1000,"basicCount":1,"reward":"100038=20"},"10002":{"id":10002,"level":2,"basic":"1086","second":70,"secondDef":1000,"special":1000,"basicCount":1,"reward":"100038=20"},"10003":{"id":10003,"level":3,"basic":"1185","second":74,"secondDef":1000,"special":1000,"basicCount":1,"reward":"100038=20"},"10004":{"id":10004,"level":4,"basic":"1285","second":77,"secondDef":1000,"special":1000,"basicCount":1,"reward":"100038=20"},"10005":{"id":10005,"level":5,"basic":"1404","second":80,"secondDef":1000,"special":1000,"basicCount":1,"reward":"100038=20"},"10006":{"id":10006,"level":6,"basic":"1523","second":83,"secondDef":1000,"special":1000,"basicCount":2,"reward":"100038=20"},"10007":{"id":10007,"level":7,"basic":"1656","second":86,"secondDef":1000,"special":1000,"basicCount":2,"reward":"100038=20"},"10008":{"id":10008,"level":8,"basic":"1801","second":89,"secondDef":1000,"special":1000,"basicCount":2,"reward":"100038=20"},"10009":{"id":10009,"level":9,"basic":"1960","second":92,"secondDef":1000,"special":1000,"basicCount":2,"reward":"100038=20"},"10010":{"id":10010,"level":10,"basic":"2132","second":95,"secondDef":1000,"special":1000,"basicCount":2,"reward":"100038=20"},"10011":{"id":10011,"level":11,"basic":"2960","second":98,"secondDef":1000,"special":1000,"basicCount":3,"reward":"100038=20"},"10012":{"id":10012,"level":12,"basic":"3344","second":101,"secondDef":1000,"special":1000,"basicCount":3,"reward":"100038=20"},"10013":{"id":10013,"level":13,"basic":"3788","second":104,"secondDef":1000,"special":1000,"basicCount":3,"reward":"100038=20"},"10014":{"id":10014,"level":14,"basic":"4285","second":107,"secondDef":1000,"special":1000,"basicCount":3,"reward":"100038=20"},"10015":{"id":10015,"level":15,"basic":"4841","second":110,"secondDef":1000,"special":1000,"basicCount":3,"reward":"100038=20"},"10016":{"id":10016,"level":16,"basic":"5477","second":113,"secondDef":1000,"special":1000,"basicCount":3,"reward":"100038=20"},"10017":{"id":10017,"level":17,"basic":"6199","second":116,"secondDef":1000,"special":1000,"basicCount":3,"reward":"100038=20"},"10018":{"id":10018,"level":18,"basic":"7013","second":120,"secondDef":1000,"special":1000,"basicCount":3,"reward":"100038=20"},"10019":{"id":10019,"level":19,"basic":"7927","second":123,"secondDef":1000,"special":1000,"basicCount":3,"reward":"100038=20"},"10020":{"id":10020,"level":20,"basic":"8967","second":126,"secondDef":1000,"special":1000,"basicCount":3,"reward":"100038=20"},"10021":{"id":10021,"level":21,"basic":"13166","second":129,"secondDef":1000,"special":1000,"basicCount":4,"reward":"100038=20"},"10022":{"id":10022,"level":22,"basic":"15815","second":132,"secondDef":1000,"special":1000,"basicCount":4,"reward":"100038=20"},"10023":{"id":10023,"level":23,"basic":"18980","second":135,"secondDef":1000,"special":1000,"basicCount":4,"reward":"100038=20"},"10024":{"id":10024,"level":24,"basic":"22762","second":138,"secondDef":1000,"special":1000,"basicCount":4,"reward":"100038=20"},"10025":{"id":10025,"level":25,"basic":"27285","second":141,"secondDef":1000,"special":1000,"basicCount":4,"reward":"100038=20"},"10026":{"id":10026,"level":26,"basic":"32689","second":144,"secondDef":1000,"special":1000,"basicCount":4,"reward":"100038=20"},"10027":{"id":10027,"level":27,"basic":"39139","second":147,"secondDef":1000,"special":1000,"basicCount":4,"reward":"100038=20"},"10028":{"id":10028,"level":28,"basic":"46834","second":150,"secondDef":1000,"special":1000,"basicCount":4,"reward":"100038=20"},"10029":{"id":10029,"level":29,"basic":"56020","second":153,"secondDef":1000,"special":1000,"basicCount":4,"reward":"100038=20"},"10030":{"id":10030,"level":30,"basic":"66967","second":156,"secondDef":1000,"special":1000,"basicCount":4,"reward":"100038=20"},"10031":{"id":10031,"level":31,"basic":"101007","second":159,"secondDef":1000,"special":1000,"basicCount":4,"reward":"100038=20"},"10032":{"id":10032,"level":32,"basic":"124179","second":162,"secondDef":1000,"special":1000,"basicCount":4,"reward":"100038=20"},"10033":{"id":10033,"level":33,"basic":"152649","second":166,"secondDef":1000,"special":1000,"basicCount":4,"reward":"100038=20"},"10034":{"id":10034,"level":34,"basic":"187623","second":169,"secondDef":1000,"special":1000,"basicCount":4,"reward":"100038=20"},"10035":{"id":10035,"level":35,"basic":"230583","second":172,"secondDef":1000,"special":1000,"basicCount":4,"reward":"100038=20"},"10036":{"id":10036,"level":36,"basic":"283358","second":175,"secondDef":1000,"special":1000,"basicCount":4,"reward":"100038=20"},"10037":{"id":10037,"level":37,"basic":"348179","second":178,"secondDef":1000,"special":1000,"basicCount":4,"reward":"100038=20"},"10038":{"id":10038,"level":38,"basic":"427781","second":181,"secondDef":1000,"special":1000,"basicCount":4,"reward":"100038=20"},"10039":{"id":10039,"level":39,"basic":"525536","second":184,"secondDef":1000,"special":1000,"basicCount":4,"reward":"100038=20"},"10040":{"id":10040,"level":40,"basic":"645570","second":187,"secondDef":1000,"special":1000,"basicCount":4,"reward":"100038=20"},"10041":{"id":10041,"level":41,"basic":"1013543","second":190,"secondDef":1000,"special":1000,"basicCount":4,"reward":"100038=20"},"10042":{"id":10042,"level":42,"basic":"1299219","second":193,"secondDef":1000,"special":1000,"basicCount":4,"reward":"100038=20"},"10043":{"id":10043,"level":43,"basic":"1665139","second":196,"secondDef":1000,"special":1000,"basicCount":4,"reward":"100038=20"},"10044":{"id":10044,"level":44,"basic":"2133775","second":199,"secondDef":1000,"special":1000,"basicCount":4,"reward":"100038=20"},"10045":{"id":10045,"level":45,"basic":"2733874","second":202,"secondDef":1000,"special":1000,"basicCount":4,"reward":"100038=20"},"10046":{"id":10046,"level":46,"basic":"3502199","second":205,"secondDef":1000,"special":1000,"basicCount":4,"reward":"100038=20"},"10047":{"id":10047,"level":47,"basic":"4485775","second":209,"secondDef":1000,"special":1000,"basicCount":4,"reward":"100038=20"},"10048":{"id":10048,"level":48,"basic":"5744742","second":212,"secondDef":1000,"special":1000,"basicCount":4,"reward":"100038=20"},"10049":{"id":10049,"level":49,"basic":"7355987","second":215,"secondDef":1000,"special":1000,"basicCount":4,"reward":"100038=20"},"10050":{"id":10050,"level":50,"basic":"9417834","second":218,"secondDef":1000,"special":1000,"basicCount":4,"reward":"100038=20"},"10051":{"id":10051,"level":51,"basic":"13363934","second":221,"secondDef":1000,"special":1000,"basicCount":4,"reward":"100038=20"},"10052":{"id":10052,"level":52,"basic":"15476596","second":224,"secondDef":1000,"special":1000,"basicCount":4,"reward":"100038=20"},"10053":{"id":10053,"level":53,"basic":"17922073","second":227,"secondDef":1000,"special":1000,"basicCount":4,"reward":"100038=20"},"10054":{"id":10054,"level":54,"basic":"20752609","second":230,"secondDef":1000,"special":1000,"basicCount":4,"reward":"100038=20"},"10055":{"id":10055,"level":55,"basic":"24028662","second":233,"secondDef":1000,"special":1000,"basicCount":4,"reward":"100038=20"},"10056":{"id":10056,"level":56,"basic":"27820126","second":236,"secondDef":1000,"special":1000,"basicCount":4,"reward":"100038=20"},"10057":{"id":10057,"level":57,"basic":"32207854","second":239,"secondDef":1000,"special":1000,"basicCount":4,"reward":"100038=20"},"10058":{"id":10058,"level":58,"basic":"37285338","second":242,"secondDef":1000,"special":1000,"basicCount":4,"reward":"100038=20"},"10059":{"id":10059,"level":59,"basic":"43160682","second":245,"secondDef":1000,"special":1000,"basicCount":4,"reward":"100038=20"},"10060":{"id":10060,"level":60,"basic":"49958901","second":248,"secondDef":1000,"special":1000,"basicCount":4,"reward":"100038=20"},"10061":{"id":10061,"level":61,"basic":"66859318","second":251,"secondDef":1000,"special":1000,"basicCount":4,"reward":"100038=20"},"10062":{"id":10062,"level":62,"basic":"73053490","second":255,"secondDef":1000,"special":1000,"basicCount":4,"reward":"100038=20"},"10063":{"id":10063,"level":63,"basic":"79815113","second":258,"secondDef":1000,"special":1000,"basicCount":4,"reward":"100038=20"},"10064":{"id":10064,"level":64,"basic":"87195702","second":261,"secondDef":1000,"special":1000,"basicCount":4,"reward":"100038=20"},"10065":{"id":10065,"level":65,"basic":"95251404","second":264,"secondDef":1000,"special":1000,"basicCount":4,"reward":"100038=20"},"10066":{"id":10066,"level":66,"basic":"104043417","second":267,"secondDef":1000,"special":1000,"basicCount":4,"reward":"100038=20"},"10067":{"id":10067,"level":67,"basic":"113638470","second":270,"secondDef":1000,"special":1000,"basicCount":4,"reward":"100038=20"},"10068":{"id":10068,"level":68,"basic":"124109272","second":273,"secondDef":1000,"special":1000,"basicCount":4,"reward":"100038=20"},"10069":{"id":10069,"level":69,"basic":"135535066","second":276,"secondDef":1000,"special":1000,"basicCount":4,"reward":"100038=20"},"10070":{"id":10070,"level":70,"basic":"148002225","second":279,"secondDef":1000,"special":1000,"basicCount":4,"reward":"100038=20"},"10071":{"id":10071,"level":71,"basic":"198350397","second":283,"secondDef":1000,"special":1000,"basicCount":4,"reward":"100038=20"},"10072":{"id":10072,"level":72,"basic":"216932914","second":286,"secondDef":1000,"special":1000,"basicCount":4,"reward":"100038=20"},"10073":{"id":10073,"level":73,"basic":"237256331","second":289,"secondDef":1000,"special":1000,"basicCount":4,"reward":"100038=20"},"10074":{"id":10074,"level":74,"basic":"259483755","second":293,"secondDef":1000,"special":1000,"basicCount":4,"reward":"100038=20"},"10075":{"id":10075,"level":75,"basic":"283793563","second":296,"secondDef":1000,"special":1000,"basicCount":4,"reward":"100038=20"},"10076":{"id":10076,"level":76,"basic":"310380841","second":300,"secondDef":1000,"special":1000,"basicCount":4,"reward":"100038=20"},"10077":{"id":10077,"level":77,"basic":"339458954","second":303,"secondDef":1000,"special":1000,"basicCount":4,"reward":"100038=20"},"10078":{"id":10078,"level":78,"basic":"371261252","second":307,"secondDef":1000,"special":1000,"basicCount":4,"reward":"100038=20"},"10079":{"id":10079,"level":79,"basic":"406042967","second":310,"secondDef":1000,"special":1000,"basicCount":4,"reward":"100038=20"},"10080":{"id":10080,"level":80,"basic":"444083212","second":314,"secondDef":1000,"special":1000,"basicCount":4,"reward":"100038=20"},"10081":{"id":10081,"level":81,"basic":"482123457","second":318,"secondDef":1000,"special":1000,"basicCount":4,"reward":"100038=20"},"10082":{"id":10082,"level":82,"basic":"520163702","second":322,"secondDef":1000,"special":1000,"basicCount":4,"reward":"100038=20"},"10083":{"id":10083,"level":83,"basic":"558203947","second":326,"secondDef":1000,"special":1000,"basicCount":4,"reward":"100038=20"},"10084":{"id":10084,"level":84,"basic":"596244192","second":330,"secondDef":1000,"special":1000,"basicCount":4,"reward":"100038=20"},"10085":{"id":10085,"level":85,"basic":"634284437","second":334,"secondDef":1000,"special":1000,"basicCount":4,"reward":"100038=20"},"10086":{"id":10086,"level":86,"basic":"672324682","second":338,"secondDef":1000,"special":1000,"basicCount":4,"reward":"100038=20"},"10087":{"id":10087,"level":87,"basic":"710364927","second":342,"secondDef":1000,"special":1000,"basicCount":4,"reward":"100038=20"},"10088":{"id":10088,"level":88,"basic":"748405172","second":346,"secondDef":1000,"special":1000,"basicCount":4,"reward":"100038=20"},"10089":{"id":10089,"level":89,"basic":"786445417","second":350,"secondDef":1000,"special":1000,"basicCount":4,"reward":"100038=20"},"10090":{"id":10090,"level":90,"basic":"824485662","second":354,"secondDef":1000,"special":1000,"basicCount":4,"reward":"100038=20"},"10091":{"id":10091,"level":91,"basic":"862525907","second":358,"secondDef":1000,"special":1000,"basicCount":4,"reward":"100038=20"},"10092":{"id":10092,"level":92,"basic":"900566152","second":362,"secondDef":1000,"special":1000,"basicCount":4,"reward":"100038=20"},"10093":{"id":10093,"level":93,"basic":"938606397","second":366,"secondDef":1000,"special":1000,"basicCount":4,"reward":"100038=20"},"10094":{"id":10094,"level":94,"basic":"976646642","second":370,"secondDef":1000,"special":1000,"basicCount":4,"reward":"100038=20"},"10095":{"id":10095,"level":95,"basic":"1014686887","second":374,"secondDef":1000,"special":1000,"basicCount":4,"reward":"100038=20"},"10096":{"id":10096,"level":96,"basic":"1052727132","second":378,"secondDef":1000,"special":1000,"basicCount":4,"reward":"100038=20"},"10097":{"id":10097,"level":97,"basic":"1090767377","second":382,"secondDef":1000,"special":1000,"basicCount":4,"reward":"100038=20"},"10098":{"id":10098,"level":98,"basic":"1128807622","second":386,"secondDef":1000,"special":1000,"basicCount":4,"reward":"100038=20"},"10099":{"id":10099,"level":99,"basic":"1166847867","second":390,"secondDef":1000,"special":1000,"basicCount":4,"reward":"100038=20"},"10100":{"id":10100,"level":100,"basic":"1204888112","second":394,"secondDef":1000,"special":1000,"basicCount":4,"reward":"100038=20"},"10101":{"id":10101,"level":101,"basic":"1242928357","second":398,"secondDef":1000,"special":1000,"basicCount":4,"reward":"100038=20"},"10102":{"id":10102,"level":102,"basic":"1280968602","second":402,"secondDef":1000,"special":1000,"basicCount":4,"reward":"100038=20"},"10103":{"id":10103,"level":103,"basic":"1319008847","second":406,"secondDef":1000,"special":1000,"basicCount":4,"reward":"100038=20"},"10104":{"id":10104,"level":104,"basic":"1357049092","second":410,"secondDef":1000,"special":1000,"basicCount":4,"reward":"100038=20"},"10105":{"id":10105,"level":105,"basic":"1395089337","second":414,"secondDef":1000,"special":1000,"basicCount":4,"reward":"100038=20"},"10106":{"id":10106,"level":106,"basic":"1433129582","second":418,"secondDef":1000,"special":1000,"basicCount":4,"reward":"100038=20"},"10107":{"id":10107,"level":107,"basic":"1471169827","second":422,"secondDef":1000,"special":1000,"basicCount":4,"reward":"100038=20"},"10108":{"id":10108,"level":108,"basic":"1509210072","second":426,"secondDef":1000,"special":1000,"basicCount":4,"reward":"100038=20"},"10109":{"id":10109,"level":109,"basic":"1547250317","second":430,"secondDef":1000,"special":1000,"basicCount":4,"reward":"100038=20"},"10110":{"id":10110,"level":110,"basic":"1585290562","second":434,"secondDef":1000,"special":1000,"basicCount":4,"reward":"100038=20"},"10111":{"id":10111,"level":111,"basic":"1623330807","second":438,"secondDef":1000,"special":1000,"basicCount":4,"reward":"100038=20"},"10112":{"id":10112,"level":112,"basic":"1661371052","second":442,"secondDef":1000,"special":1000,"basicCount":4,"reward":"100038=20"},"10113":{"id":10113,"level":113,"basic":"1699411297","second":446,"secondDef":1000,"special":1000,"basicCount":4,"reward":"100038=20"},"10114":{"id":10114,"level":114,"basic":"1737451542","second":450,"secondDef":1000,"special":1000,"basicCount":4,"reward":"100038=20"},"10115":{"id":10115,"level":115,"basic":"1775491787","second":454,"secondDef":1000,"special":1000,"basicCount":4,"reward":"100038=20"},"10116":{"id":10116,"level":116,"basic":"1813532032","second":458,"secondDef":1000,"special":1000,"basicCount":4,"reward":"100038=20"},"10117":{"id":10117,"level":117,"basic":"1851572277","second":462,"secondDef":1000,"special":1000,"basicCount":4,"reward":"100038=20"},"10118":{"id":10118,"level":118,"basic":"1889612522","second":466,"secondDef":1000,"special":1000,"basicCount":4,"reward":"100038=20"},"10119":{"id":10119,"level":119,"basic":"1927652767","second":470,"secondDef":1000,"special":1000,"basicCount":4,"reward":"100038=20"},"10120":{"id":10120,"level":120,"basic":"1965693012","second":474,"secondDef":1000,"special":1000,"basicCount":4,"reward":"100038=20"},"10121":{"id":10121,"level":121,"basic":"2003733257","second":478,"secondDef":1000,"special":1000,"basicCount":4,"reward":"100038=20"},"10122":{"id":10122,"level":122,"basic":"2041773502","second":482,"secondDef":1000,"special":1000,"basicCount":4,"reward":"100038=20"},"10123":{"id":10123,"level":123,"basic":"2079813747","second":486,"secondDef":1000,"special":1000,"basicCount":4,"reward":"100038=20"},"10124":{"id":10124,"level":124,"basic":"2117853992","second":490,"secondDef":1000,"special":1000,"basicCount":4,"reward":"100038=20"},"10125":{"id":10125,"level":125,"basic":"2155894237","second":494,"secondDef":1000,"special":1000,"basicCount":4,"reward":"100038=20"},"10126":{"id":10126,"level":126,"basic":"2193934482","second":498,"secondDef":1000,"special":1000,"basicCount":4,"reward":"100038=20"},"10127":{"id":10127,"level":127,"basic":"2231974727","second":502,"secondDef":1000,"special":1000,"basicCount":4,"reward":"100038=20"},"10128":{"id":10128,"level":128,"basic":"2270014972","second":506,"secondDef":1000,"special":1000,"basicCount":4,"reward":"100038=20"},"10129":{"id":10129,"level":129,"basic":"2308055217","second":510,"secondDef":1000,"special":1000,"basicCount":4,"reward":"100038=20"},"10130":{"id":10130,"level":130,"basic":"2346095462","second":514,"secondDef":1000,"special":1000,"basicCount":4,"reward":"100038=20"},"10131":{"id":10131,"level":131,"basic":"2384135707","second":518,"secondDef":1000,"special":1000,"basicCount":4,"reward":"100038=20"},"10132":{"id":10132,"level":132,"basic":"2422175952","second":522,"secondDef":1000,"special":1000,"basicCount":4,"reward":"100038=20"},"10133":{"id":10133,"level":133,"basic":"2460216197","second":526,"secondDef":1000,"special":1000,"basicCount":4,"reward":"100038=20"},"10134":{"id":10134,"level":134,"basic":"2498256442","second":530,"secondDef":1000,"special":1000,"basicCount":4,"reward":"100038=20"},"10135":{"id":10135,"level":135,"basic":"2536296687","second":534,"secondDef":1000,"special":1000,"basicCount":4,"reward":"100038=20"},"10136":{"id":10136,"level":136,"basic":"2574336932","second":538,"secondDef":1000,"special":1000,"basicCount":4,"reward":"100038=20"},"10137":{"id":10137,"level":137,"basic":"2612377177","second":542,"secondDef":1000,"special":1000,"basicCount":4,"reward":"100038=20"},"10138":{"id":10138,"level":138,"basic":"2650417422","second":546,"secondDef":1000,"special":1000,"basicCount":4,"reward":"100038=20"},"10139":{"id":10139,"level":139,"basic":"2688457667","second":550,"secondDef":1000,"special":1000,"basicCount":4,"reward":"100038=20"},"10140":{"id":10140,"level":140,"basic":"2726497912","second":554,"secondDef":1000,"special":1000,"basicCount":4,"reward":"100038=20"},"10141":{"id":10141,"level":141,"basic":"2764538157","second":558,"secondDef":1000,"special":1000,"basicCount":4,"reward":"100038=20"},"10142":{"id":10142,"level":142,"basic":"2802578402","second":562,"secondDef":1000,"special":1000,"basicCount":4,"reward":"100038=20"},"10143":{"id":10143,"level":143,"basic":"2840618647","second":566,"secondDef":1000,"special":1000,"basicCount":4,"reward":"100038=20"},"10144":{"id":10144,"level":144,"basic":"2878658892","second":570,"secondDef":1000,"special":1000,"basicCount":4,"reward":"100038=20"},"10145":{"id":10145,"level":145,"basic":"2916699137","second":574,"secondDef":1000,"special":1000,"basicCount":4,"reward":"100038=20"},"10146":{"id":10146,"level":146,"basic":"2954739382","second":578,"secondDef":1000,"special":1000,"basicCount":4,"reward":"100038=20"},"10147":{"id":10147,"level":147,"basic":"2992779627","second":582,"secondDef":1000,"special":1000,"basicCount":4,"reward":"100038=20"},"10148":{"id":10148,"level":148,"basic":"3030819872","second":586,"secondDef":1000,"special":1000,"basicCount":4,"reward":"100038=20"},"10149":{"id":10149,"level":149,"basic":"3068860117","second":590,"secondDef":1000,"special":1000,"basicCount":4,"reward":"100038=20"},"10150":{"id":10150,"level":150,"basic":"3106900362","second":594,"secondDef":1000,"special":1000,"basicCount":4,"reward":"100038=20"},"10151":{"id":10151,"level":151,"basic":"3144940607","second":598,"secondDef":1000,"special":1000,"basicCount":4,"reward":"100038=20"},"10152":{"id":10152,"level":152,"basic":"3182980852","second":602,"secondDef":1000,"special":1000,"basicCount":4,"reward":"100038=20"},"10153":{"id":10153,"level":153,"basic":"3221021097","second":606,"secondDef":1000,"special":1000,"basicCount":4,"reward":"100038=20"},"10154":{"id":10154,"level":154,"basic":"3259061342","second":610,"secondDef":1000,"special":1000,"basicCount":4,"reward":"100038=20"},"10155":{"id":10155,"level":155,"basic":"3297101587","second":614,"secondDef":1000,"special":1000,"basicCount":4,"reward":"100038=20"},"10156":{"id":10156,"level":156,"basic":"3335141832","second":618,"secondDef":1000,"special":1000,"basicCount":4,"reward":"100038=20"},"10157":{"id":10157,"level":157,"basic":"3373182077","second":622,"secondDef":1000,"special":1000,"basicCount":4,"reward":"100038=20"},"10158":{"id":10158,"level":158,"basic":"3411222322","second":626,"secondDef":1000,"special":1000,"basicCount":4,"reward":"100038=20"},"10159":{"id":10159,"level":159,"basic":"3449262567","second":630,"secondDef":1000,"special":1000,"basicCount":4,"reward":"100038=20"},"10160":{"id":10160,"level":160,"basic":"3487302812","second":634,"secondDef":1000,"special":1000,"basicCount":4,"reward":"100038=20"},"10161":{"id":10161,"level":161,"basic":"3525343057","second":638,"secondDef":1000,"special":1000,"basicCount":4,"reward":"100038=20"},"10162":{"id":10162,"level":162,"basic":"3563383302","second":642,"secondDef":1000,"special":1000,"basicCount":4,"reward":"100038=20"},"10163":{"id":10163,"level":163,"basic":"3601423547","second":646,"secondDef":1000,"special":1000,"basicCount":4,"reward":"100038=20"},"10164":{"id":10164,"level":164,"basic":"3639463792","second":650,"secondDef":1000,"special":1000,"basicCount":4,"reward":"100038=20"},"10165":{"id":10165,"level":165,"basic":"3677504037","second":654,"secondDef":1000,"special":1000,"basicCount":4,"reward":"100038=20"},"10166":{"id":10166,"level":166,"basic":"3715544282","second":658,"secondDef":1000,"special":1000,"basicCount":4,"reward":"100038=20"},"10167":{"id":10167,"level":167,"basic":"3753584527","second":662,"secondDef":1000,"special":1000,"basicCount":4,"reward":"100038=20"},"10168":{"id":10168,"level":168,"basic":"3791624772","second":666,"secondDef":1000,"special":1000,"basicCount":4,"reward":"100038=20"},"10169":{"id":10169,"level":169,"basic":"3829665017","second":670,"secondDef":1000,"special":1000,"basicCount":4,"reward":"100038=20"},"10170":{"id":10170,"level":170,"basic":"3867705262","second":674,"secondDef":1000,"special":1000,"basicCount":4,"reward":"100038=20"},"10171":{"id":10171,"level":171,"basic":"3905745507","second":678,"secondDef":1000,"special":1000,"basicCount":4,"reward":"100038=20"},"10172":{"id":10172,"level":172,"basic":"3943785752","second":682,"secondDef":1000,"special":1000,"basicCount":4,"reward":"100038=20"},"10173":{"id":10173,"level":173,"basic":"3981825997","second":686,"secondDef":1000,"special":1000,"basicCount":4,"reward":"100038=20"},"10174":{"id":10174,"level":174,"basic":"4019866242","second":690,"secondDef":1000,"special":1000,"basicCount":4,"reward":"100038=20"},"10175":{"id":10175,"level":175,"basic":"4057906487","second":694,"secondDef":1000,"special":1000,"basicCount":4,"reward":"100038=20"},"10176":{"id":10176,"level":176,"basic":"4095946732","second":698,"secondDef":1000,"special":1000,"basicCount":4,"reward":"100038=20"},"10177":{"id":10177,"level":177,"basic":"4133986977","second":702,"secondDef":1000,"special":1000,"basicCount":4,"reward":"100038=20"},"10178":{"id":10178,"level":178,"basic":"4172027222","second":706,"secondDef":1000,"special":1000,"basicCount":4,"reward":"100038=20"},"10179":{"id":10179,"level":179,"basic":"4210067467","second":710,"secondDef":1000,"special":1000,"basicCount":4,"reward":"100038=20"},"10180":{"id":10180,"level":180,"basic":"4248107712","second":714,"secondDef":1000,"special":1000,"basicCount":4,"reward":"100038=20"},"10181":{"id":10181,"level":181,"basic":"4286147957","second":718,"secondDef":1000,"special":1000,"basicCount":4,"reward":"100038=20"},"10182":{"id":10182,"level":182,"basic":"4324188202","second":722,"secondDef":1000,"special":1000,"basicCount":4,"reward":"100038=20"},"10183":{"id":10183,"level":183,"basic":"4362228447","second":726,"secondDef":1000,"special":1000,"basicCount":4,"reward":"100038=20"},"10184":{"id":10184,"level":184,"basic":"4400268692","second":730,"secondDef":1000,"special":1000,"basicCount":4,"reward":"100038=20"},"10185":{"id":10185,"level":185,"basic":"4438308937","second":734,"secondDef":1000,"special":1000,"basicCount":4,"reward":"100038=20"},"10186":{"id":10186,"level":186,"basic":"4476349182","second":738,"secondDef":1000,"special":1000,"basicCount":4,"reward":"100038=20"},"10187":{"id":10187,"level":187,"basic":"4514389427","second":742,"secondDef":1000,"special":1000,"basicCount":4,"reward":"100038=20"},"10188":{"id":10188,"level":188,"basic":"4552429672","second":746,"secondDef":1000,"special":1000,"basicCount":4,"reward":"100038=20"},"10189":{"id":10189,"level":189,"basic":"4590469917","second":750,"secondDef":1000,"special":1000,"basicCount":4,"reward":"100038=20"},"10190":{"id":10190,"level":190,"basic":"4628510162","second":754,"secondDef":1000,"special":1000,"basicCount":4,"reward":"100038=20"},"10191":{"id":10191,"level":191,"basic":"4666550407","second":758,"secondDef":1000,"special":1000,"basicCount":4,"reward":"100038=20"},"10192":{"id":10192,"level":192,"basic":"4704590652","second":762,"secondDef":1000,"special":1000,"basicCount":4,"reward":"100038=20"},"10193":{"id":10193,"level":193,"basic":"4742630897","second":766,"secondDef":1000,"special":1000,"basicCount":4,"reward":"100038=20"},"10194":{"id":10194,"level":194,"basic":"4780671142","second":770,"secondDef":1000,"special":1000,"basicCount":4,"reward":"100038=20"},"10195":{"id":10195,"level":195,"basic":"4818711387","second":774,"secondDef":1000,"special":1000,"basicCount":4,"reward":"100038=20"},"10196":{"id":10196,"level":196,"basic":"4856751632","second":778,"secondDef":1000,"special":1000,"basicCount":4,"reward":"100038=20"},"10197":{"id":10197,"level":197,"basic":"4894791877","second":782,"secondDef":1000,"special":1000,"basicCount":4,"reward":"100038=20"},"10198":{"id":10198,"level":198,"basic":"4932832122","second":786,"secondDef":1000,"special":1000,"basicCount":4,"reward":"100038=20"},"10199":{"id":10199,"level":199,"basic":"4970872367","second":790,"secondDef":1000,"special":1000,"basicCount":4,"reward":"100038=20"},"10200":{"id":10200,"level":200,"basic":"5008912612","second":794,"secondDef":1000,"special":1000,"basicCount":4,"reward":"100038=20"},"10201":{"id":10201,"level":201,"basic":"5046952857","second":798,"secondDef":1000,"special":1000,"basicCount":4,"reward":"100038=20"},"10202":{"id":10202,"level":202,"basic":"5084993102","second":802,"secondDef":1000,"special":1000,"basicCount":4,"reward":"100038=20"},"10203":{"id":10203,"level":203,"basic":"5123033347","second":806,"secondDef":1000,"special":1000,"basicCount":4,"reward":"100038=20"},"10204":{"id":10204,"level":204,"basic":"5161073592","second":810,"secondDef":1000,"special":1000,"basicCount":4,"reward":"100038=20"},"10205":{"id":10205,"level":205,"basic":"5199113837","second":814,"secondDef":1000,"special":1000,"basicCount":4,"reward":"100038=20"},"10206":{"id":10206,"level":206,"basic":"5237154082","second":818,"secondDef":1000,"special":1000,"basicCount":4,"reward":"100038=20"},"10207":{"id":10207,"level":207,"basic":"5275194327","second":822,"secondDef":1000,"special":1000,"basicCount":4,"reward":"100038=20"},"10208":{"id":10208,"level":208,"basic":"5313234572","second":826,"secondDef":1000,"special":1000,"basicCount":4,"reward":"100038=20"},"10209":{"id":10209,"level":209,"basic":"5351274817","second":830,"secondDef":1000,"special":1000,"basicCount":4,"reward":"100038=20"},"10210":{"id":10210,"level":210,"basic":"5389315062","second":834,"secondDef":1000,"special":1000,"basicCount":4,"reward":"100038=20"},"10211":{"id":10211,"level":211,"basic":"5427355307","second":838,"secondDef":1000,"special":1000,"basicCount":4,"reward":"100038=20"},"10212":{"id":10212,"level":212,"basic":"5465395552","second":842,"secondDef":1000,"special":1000,"basicCount":4,"reward":"100038=20"},"10213":{"id":10213,"level":213,"basic":"5503435797","second":846,"secondDef":1000,"special":1000,"basicCount":4,"reward":"100038=20"},"10214":{"id":10214,"level":214,"basic":"5541476042","second":850,"secondDef":1000,"special":1000,"basicCount":4,"reward":"100038=20"},"10215":{"id":10215,"level":215,"basic":"5579516287","second":854,"secondDef":1000,"special":1000,"basicCount":4,"reward":"100038=20"},"10216":{"id":10216,"level":216,"basic":"5617556532","second":858,"secondDef":1000,"special":1000,"basicCount":4,"reward":"100038=20"},"10217":{"id":10217,"level":217,"basic":"5655596777","second":862,"secondDef":1000,"special":1000,"basicCount":4,"reward":"100038=20"},"10218":{"id":10218,"level":218,"basic":"5693637022","second":866,"secondDef":1000,"special":1000,"basicCount":4,"reward":"100038=20"},"10219":{"id":10219,"level":219,"basic":"5731677267","second":870,"secondDef":1000,"special":1000,"basicCount":4,"reward":"100038=20"},"10220":{"id":10220,"level":220,"basic":"5769717512","second":874,"secondDef":1000,"special":1000,"basicCount":4,"reward":"100038=20"},"10221":{"id":10221,"level":221,"basic":"5807757757","second":878,"secondDef":1000,"special":1000,"basicCount":4,"reward":"100038=20"},"10222":{"id":10222,"level":222,"basic":"5845798002","second":882,"secondDef":1000,"special":1000,"basicCount":4,"reward":"100038=20"},"10223":{"id":10223,"level":223,"basic":"5883838247","second":886,"secondDef":1000,"special":1000,"basicCount":4,"reward":"100038=20"},"10224":{"id":10224,"level":224,"basic":"5921878492","second":890,"secondDef":1000,"special":1000,"basicCount":4,"reward":"100038=20"},"10225":{"id":10225,"level":225,"basic":"5959918737","second":894,"secondDef":1000,"special":1000,"basicCount":4,"reward":"100038=20"},"10226":{"id":10226,"level":226,"basic":"5997958982","second":898,"secondDef":1000,"special":1000,"basicCount":4,"reward":"100038=20"},"10227":{"id":10227,"level":227,"basic":"6035999227","second":902,"secondDef":1000,"special":1000,"basicCount":4,"reward":"100038=20"},"10228":{"id":10228,"level":228,"basic":"6074039472","second":906,"secondDef":1000,"special":1000,"basicCount":4,"reward":"100038=20"},"10229":{"id":10229,"level":229,"basic":"6112079717","second":910,"secondDef":1000,"special":1000,"basicCount":4,"reward":"100038=20"},"10230":{"id":10230,"level":230,"basic":"6150119962","second":914,"secondDef":1000,"special":1000,"basicCount":4,"reward":"100038=20"},"10231":{"id":10231,"level":231,"basic":"6188160207","second":918,"secondDef":1000,"special":1000,"basicCount":4,"reward":"100038=20"},"10232":{"id":10232,"level":232,"basic":"6226200452","second":922,"secondDef":1000,"special":1000,"basicCount":4,"reward":"100038=20"},"10233":{"id":10233,"level":233,"basic":"6264240697","second":926,"secondDef":1000,"special":1000,"basicCount":4,"reward":"100038=20"},"10234":{"id":10234,"level":234,"basic":"6302280942","second":930,"secondDef":1000,"special":1000,"basicCount":4,"reward":"100038=20"},"10235":{"id":10235,"level":235,"basic":"6340321187","second":934,"secondDef":1000,"special":1000,"basicCount":4,"reward":"100038=20"},"10236":{"id":10236,"level":236,"basic":"6378361432","second":938,"secondDef":1000,"special":1000,"basicCount":4,"reward":"100038=20"},"10237":{"id":10237,"level":237,"basic":"6416401677","second":942,"secondDef":1000,"special":1000,"basicCount":4,"reward":"100038=20"},"10238":{"id":10238,"level":238,"basic":"6454441922","second":946,"secondDef":1000,"special":1000,"basicCount":4,"reward":"100038=20"},"10239":{"id":10239,"level":239,"basic":"6492482167","second":950,"secondDef":1000,"special":1000,"basicCount":4,"reward":"100038=20"},"10240":{"id":10240,"level":240,"basic":"6530522412","second":954,"secondDef":1000,"special":1000,"basicCount":4,"reward":"100038=20"},"10241":{"id":10241,"level":241,"basic":"6568562657","second":958,"secondDef":1000,"special":1000,"basicCount":4,"reward":"100038=20"},"10242":{"id":10242,"level":242,"basic":"6606602902","second":962,"secondDef":1000,"special":1000,"basicCount":4,"reward":"100038=20"},"10243":{"id":10243,"level":243,"basic":"6644643147","second":966,"secondDef":1000,"special":1000,"basicCount":4,"reward":"100038=20"},"10244":{"id":10244,"level":244,"basic":"6682683392","second":970,"secondDef":1000,"special":1000,"basicCount":4,"reward":"100038=20"},"10245":{"id":10245,"level":245,"basic":"6720723637","second":974,"secondDef":1000,"special":1000,"basicCount":4,"reward":"100038=20"},"10246":{"id":10246,"level":246,"basic":"6758763882","second":978,"secondDef":1000,"special":1000,"basicCount":4,"reward":"100038=20"},"10247":{"id":10247,"level":247,"basic":"6796804127","second":982,"secondDef":1000,"special":1000,"basicCount":4,"reward":"100038=20"},"10248":{"id":10248,"level":248,"basic":"6834844372","second":986,"secondDef":1000,"special":1000,"basicCount":4,"reward":"100038=20"},"10249":{"id":10249,"level":249,"basic":"6872884617","second":990,"secondDef":1000,"special":1000,"basicCount":4,"reward":"100038=20"},"10250":{"id":10250,"level":250,"basic":"6910924862","second":994,"secondDef":1000,"special":1000,"basicCount":4,"reward":"100038=20"},"10251":{"id":10251,"level":251,"basic":"6948965107","second":998,"secondDef":1000,"special":1000,"basicCount":4,"reward":"100038=20"},"10252":{"id":10252,"level":252,"basic":"6987005352","second":1002,"secondDef":1000,"special":1000,"basicCount":4,"reward":"100038=20"},"10253":{"id":10253,"level":253,"basic":"7025045597","second":1006,"secondDef":1000,"special":1000,"basicCount":4,"reward":"100038=20"},"10254":{"id":10254,"level":254,"basic":"7063085842","second":1010,"secondDef":1000,"special":1000,"basicCount":4,"reward":"100038=20"},"10255":{"id":10255,"level":255,"basic":"7101126087","second":1014,"secondDef":1000,"special":1000,"basicCount":4,"reward":"100038=20"},"10256":{"id":10256,"level":256,"basic":"7139166332","second":1018,"secondDef":1000,"special":1000,"basicCount":4,"reward":"100038=20"},"10257":{"id":10257,"level":257,"basic":"7177206577","second":1022,"secondDef":1000,"special":1000,"basicCount":4,"reward":"100038=20"},"10258":{"id":10258,"level":258,"basic":"7215246822","second":1026,"secondDef":1000,"special":1000,"basicCount":4,"reward":"100038=20"},"10259":{"id":10259,"level":259,"basic":"7253287067","second":1030,"secondDef":1000,"special":1000,"basicCount":4,"reward":"100038=20"},"10260":{"id":10260,"level":260,"basic":"7291327312","second":1034,"secondDef":1000,"special":1000,"basicCount":4,"reward":"100038=20"},"10261":{"id":10261,"level":261,"basic":"7329367557","second":1038,"secondDef":1000,"special":1000,"basicCount":4,"reward":"100038=20"},"10262":{"id":10262,"level":262,"basic":"7367407802","second":1042,"secondDef":1000,"special":1000,"basicCount":4,"reward":"100038=20"},"10263":{"id":10263,"level":263,"basic":"7405448047","second":1046,"secondDef":1000,"special":1000,"basicCount":4,"reward":"100038=20"},"10264":{"id":10264,"level":264,"basic":"7443488292","second":1050,"secondDef":1000,"special":1000,"basicCount":4,"reward":"100038=20"},"10265":{"id":10265,"level":265,"basic":"7481528537","second":1054,"secondDef":1000,"special":1000,"basicCount":4,"reward":"100038=20"},"10266":{"id":10266,"level":266,"basic":"7519568782","second":1058,"secondDef":1000,"special":1000,"basicCount":4,"reward":"100038=20"},"10267":{"id":10267,"level":267,"basic":"7557609027","second":1062,"secondDef":1000,"special":1000,"basicCount":4,"reward":"100038=20"},"10268":{"id":10268,"level":268,"basic":"7595649272","second":1066,"secondDef":1000,"special":1000,"basicCount":4,"reward":"100038=20"},"10269":{"id":10269,"level":269,"basic":"7633689517","second":1070,"secondDef":1000,"special":1000,"basicCount":4,"reward":"100038=20"},"10270":{"id":10270,"level":270,"basic":"7671729762","second":1074,"secondDef":1000,"special":1000,"basicCount":4,"reward":"100038=20"},"10271":{"id":10271,"level":271,"basic":"7709770007","second":1078,"secondDef":1000,"special":1000,"basicCount":4,"reward":"100038=20"},"10272":{"id":10272,"level":272,"basic":"7747810252","second":1082,"secondDef":1000,"special":1000,"basicCount":4,"reward":"100038=20"},"10273":{"id":10273,"level":273,"basic":"7785850497","second":1086,"secondDef":1000,"special":1000,"basicCount":4,"reward":"100038=20"},"10274":{"id":10274,"level":274,"basic":"7823890742","second":1090,"secondDef":1000,"special":1000,"basicCount":4,"reward":"100038=20"},"10275":{"id":10275,"level":275,"basic":"7861930987","second":1094,"secondDef":1000,"special":1000,"basicCount":4,"reward":"100038=20"},"10276":{"id":10276,"level":276,"basic":"7899971232","second":1098,"secondDef":1000,"special":1000,"basicCount":4,"reward":"100038=20"},"10277":{"id":10277,"level":277,"basic":"7938011477","second":1102,"secondDef":1000,"special":1000,"basicCount":4,"reward":"100038=20"},"10278":{"id":10278,"level":278,"basic":"7976051722","second":1106,"secondDef":1000,"special":1000,"basicCount":4,"reward":"100038=20"},"10279":{"id":10279,"level":279,"basic":"8014091967","second":1110,"secondDef":1000,"special":1000,"basicCount":4,"reward":"100038=20"},"10280":{"id":10280,"level":280,"basic":"8052132212","second":1114,"secondDef":1000,"special":1000,"basicCount":4,"reward":"100038=20"},"10281":{"id":10281,"level":281,"basic":"8090172457","second":1118,"secondDef":1000,"special":1000,"basicCount":4,"reward":"100038=20"},"10282":{"id":10282,"level":282,"basic":"8128212702","second":1122,"secondDef":1000,"special":1000,"basicCount":4,"reward":"100038=20"},"10283":{"id":10283,"level":283,"basic":"8166252947","second":1126,"secondDef":1000,"special":1000,"basicCount":4,"reward":"100038=20"},"10284":{"id":10284,"level":284,"basic":"8204293192","second":1130,"secondDef":1000,"special":1000,"basicCount":4,"reward":"100038=20"},"10285":{"id":10285,"level":285,"basic":"8242333437","second":1134,"secondDef":1000,"special":1000,"basicCount":4,"reward":"100038=20"},"10286":{"id":10286,"level":286,"basic":"8280373682","second":1138,"secondDef":1000,"special":1000,"basicCount":4,"reward":"100038=20"},"10287":{"id":10287,"level":287,"basic":"8318413927","second":1142,"secondDef":1000,"special":1000,"basicCount":4,"reward":"100038=20"},"10288":{"id":10288,"level":288,"basic":"8356454172","second":1146,"secondDef":1000,"special":1000,"basicCount":4,"reward":"100038=20"},"10289":{"id":10289,"level":289,"basic":"8394494417","second":1150,"secondDef":1000,"special":1000,"basicCount":4,"reward":"100038=20"},"10290":{"id":10290,"level":290,"basic":"8432534662","second":1154,"secondDef":1000,"special":1000,"basicCount":4,"reward":"100038=20"},"10291":{"id":10291,"level":291,"basic":"8470574907","second":1158,"secondDef":1000,"special":1000,"basicCount":4,"reward":"100038=20"},"10292":{"id":10292,"level":292,"basic":"8508615152","second":1162,"secondDef":1000,"special":1000,"basicCount":4,"reward":"100038=20"},"10293":{"id":10293,"level":293,"basic":"8546655397","second":1166,"secondDef":1000,"special":1000,"basicCount":4,"reward":"100038=20"},"10294":{"id":10294,"level":294,"basic":"8584695642","second":1170,"secondDef":1000,"special":1000,"basicCount":4,"reward":"100038=20"},"10295":{"id":10295,"level":295,"basic":"8622735887","second":1174,"secondDef":1000,"special":1000,"basicCount":4,"reward":"100038=20"},"10296":{"id":10296,"level":296,"basic":"8660776132","second":1178,"secondDef":1000,"special":1000,"basicCount":4,"reward":"100038=20"},"10297":{"id":10297,"level":297,"basic":"8698816377","second":1182,"secondDef":1000,"special":1000,"basicCount":4,"reward":"100038=20"},"10298":{"id":10298,"level":298,"basic":"8736856622","second":1186,"secondDef":1000,"special":1000,"basicCount":4,"reward":"100038=20"},"10299":{"id":10299,"level":299,"basic":"8774896867","second":1190,"secondDef":1000,"special":1000,"basicCount":4,"reward":"100038=20"},"10300":{"id":10300,"level":300,"basic":"8812937112","second":1194,"secondDef":1000,"special":1000,"basicCount":4,"reward":"100038=20"}}