{"10001":{"id":10001,"name":"Talent_Name-10001","desc":"Talent_Desc-10001","icon":"10001","quality":1,"level":"1|100","type":1,"firAttributeRan":"-1|0|0|1|0|0|0|0|0|0|1|1|1|1|1|1|0|0|0|0|0|0|0|0|0|0|0|0","primAttack":"136|151","primHP":"906|1007","primDenfence":"23|25","primSpeed":"16|18","stun":"950|1000","criticalHit":"950|1000","doubleAttack":"950|1000","dodge":"950|1000","attackBack":"950|1000","lifeSteal":"950|1000","reStun":"11|13","reCriticalHit":"11|13","reDoubleAttack":"11|13","reDodge":"11|13","reAttackBack":"11|13","reLifeSteal":"11|13","addDamage":"0|0","minusDamage":"0|0","addCritical":"0|0","minusCritical":"0|0","addHeal":"0|0","minusHeal":"0|0","addPet":"0|0","minusPet":"0|0","weight":100},"10002":{"id":10002,"name":"Talent_Name-10002","desc":"Talent_Desc-10002","icon":"10002","quality":2,"level":"1|100","type":1,"firAttributeRan":"-1|0|0|1|0|0|0|0|0|0|1|1|1|1|1|1|0|0|0|0|0|0|0|0|0|0|0|0","primAttack":"149|166","primHP":"997|1108","primDenfence":"25|28","primSpeed":"18|20","stun":"1045|1100","criticalHit":"1045|1100","doubleAttack":"1045|1100","dodge":"1045|1100","attackBack":"1045|1100","lifeSteal":"1045|1100","reStun":"14|15","reCriticalHit":"14|15","reDoubleAttack":"14|15","reDodge":"14|15","reAttackBack":"14|15","reLifeSteal":"14|15","addDamage":"0|0","minusDamage":"0|0","addCritical":"0|0","minusCritical":"0|0","addHeal":"0|0","minusHeal":"0|0","addPet":"0|0","minusPet":"0|0","weight":100},"10003":{"id":10003,"name":"Talent_Name-10003","desc":"Talent_Desc-10003","icon":"10003","quality":3,"level":"1|100","type":1,"firAttributeRan":"-1|0|0|1|0|0|0|0|0|0|1|1|1|1|1|1|0|0|0|0|0|0|0|0|0|0|0|0","primAttack":"163|181","primHP":"1087|1208","primDenfence":"27|30","primSpeed":"20|22","stun":"1140|1200","criticalHit":"1140|1200","doubleAttack":"1140|1200","dodge":"1140|1200","attackBack":"1140|1200","lifeSteal":"1140|1200","reStun":"16|18","reCriticalHit":"16|18","reDoubleAttack":"16|18","reDodge":"16|18","reAttackBack":"16|18","reLifeSteal":"16|18","addDamage":"0|0","minusDamage":"0|0","addCritical":"0|0","minusCritical":"0|0","addHeal":"0|0","minusHeal":"0|0","addPet":"0|0","minusPet":"0|0","weight":100},"10004":{"id":10004,"name":"Talent_Name-10004","desc":"Talent_Desc-10004","icon":"10004","quality":4,"level":"1|100","type":1,"firAttributeRan":"-1|0|0|1|0|0|0|0|0|0|1|1|1|1|1|1|0|0|0|0|0|0|0|0|0|0|0|0","primAttack":"176|196","primHP":"1178|1309","primDenfence":"30|33","primSpeed":"21|23","stun":"1235|1300","criticalHit":"1235|1300","doubleAttack":"1235|1300","dodge":"1235|1300","attackBack":"1235|1300","lifeSteal":"1235|1300","reStun":"23|25","reCriticalHit":"23|25","reDoubleAttack":"23|25","reDodge":"23|25","reAttackBack":"23|25","reLifeSteal":"23|25","addDamage":"0|0","minusDamage":"0|0","addCritical":"0|0","minusCritical":"0|0","addHeal":"0|0","minusHeal":"0|0","addPet":"0|0","minusPet":"0|0","weight":100},"10005":{"id":10005,"name":"Talent_Name-10005","desc":"Talent_Desc-10005","icon":"10005","quality":5,"level":"1|100","type":1,"firAttributeRan":"-1|0|0|1|0|0|0|0|0|0|1|1|1|1|1|1|0|0|0|0|0|0|0|0|0|0|0|0","primAttack":"190|211","primHP":"1269|1410","primDenfence":"32|35","primSpeed":"23|25","stun":"1330|1400","criticalHit":"1330|1400","doubleAttack":"1330|1400","dodge":"1330|1400","attackBack":"1330|1400","lifeSteal":"1330|1400","reStun":"34|38","reCriticalHit":"34|38","reDoubleAttack":"34|38","reDodge":"34|38","reAttackBack":"34|38","reLifeSteal":"34|38","addDamage":"0|0","minusDamage":"0|0","addCritical":"0|0","minusCritical":"0|0","addHeal":"0|0","minusHeal":"0|0","addPet":"0|0","minusPet":"0|0","weight":100},"10006":{"id":10006,"name":"Talent_Name-10006","desc":"Talent_Desc-10006","icon":"10006","quality":6,"level":"1|100","type":1,"firAttributeRan":"-1|0|0|1|0|0|0|0|0|0|1|1|1|1|1|1|0|0|0|0|0|0|0|0|0|0|0|0","primAttack":"204|227","primHP":"1360|1511","primDenfence":"34|38","primSpeed":"24|27","stun":"1425|1500","criticalHit":"1425|1500","doubleAttack":"1425|1500","dodge":"1425|1500","attackBack":"1425|1500","lifeSteal":"1425|1500","reStun":"45|50","reCriticalHit":"45|50","reDoubleAttack":"45|50","reDodge":"45|50","reAttackBack":"45|50","reLifeSteal":"45|50","addDamage":"0|0","minusDamage":"0|0","addCritical":"0|0","minusCritical":"0|0","addHeal":"0|0","minusHeal":"0|0","addPet":"0|0","minusPet":"0|0","weight":100},"10007":{"id":10007,"name":"Talent_Name-10007","desc":"Talent_Desc-10007","icon":"10007","quality":7,"level":"1|100","type":1,"firAttributeRan":"-1|0|0|1|0|0|0|0|0|0|1|1|1|1|1|1|0|0|0|0|0|0|0|0|0|0|0|0","primAttack":"218|242","primHP":"1450|1611","primDenfence":"36|40","primSpeed":"26|29","stun":"1520|1600","criticalHit":"1520|1600","doubleAttack":"1520|1600","dodge":"1520|1600","attackBack":"1520|1600","lifeSteal":"1520|1600","reStun":"56|63","reCriticalHit":"56|63","reDoubleAttack":"56|63","reDodge":"56|63","reAttackBack":"56|63","reLifeSteal":"56|63","addDamage":"0|0","minusDamage":"0|0","addCritical":"0|0","minusCritical":"0|0","addHeal":"0|0","minusHeal":"0|0","addPet":"0|0","minusPet":"0|0","weight":100},"10008":{"id":10008,"name":"Talent_Name-10008","desc":"Talent_Desc-10008","icon":"10008","quality":8,"level":"1|100","type":1,"firAttributeRan":"-1|0|0|1|0|0|0|0|0|0|1|1|1|1|1|1|0|0|0|0|0|0|0|0|0|0|0|0","primAttack":"231|257","primHP":"1541|1712","primDenfence":"39|43","primSpeed":"28|31","stun":"1615|1700","criticalHit":"1615|1700","doubleAttack":"1615|1700","dodge":"1615|1700","attackBack":"1615|1700","lifeSteal":"1615|1700","reStun":"68|75","reCriticalHit":"68|75","reDoubleAttack":"68|75","reDodge":"68|75","reAttackBack":"68|75","reLifeSteal":"68|75","addDamage":"0|0","minusDamage":"0|0","addCritical":"0|0","minusCritical":"0|0","addHeal":"0|0","minusHeal":"0|0","addPet":"0|0","minusPet":"0|0","weight":100},"10009":{"id":10009,"name":"Talent_Name-10009","desc":"Talent_Desc-10009","icon":"10009","quality":9,"level":"1|100","type":1,"firAttributeRan":"-1|0|0|1|0|0|0|0|0|0|1|1|1|1|1|1|0|0|0|0|0|0|0|0|0|0|0|0","primAttack":"245|272","primHP":"1632|1813","primDenfence":"41|45","primSpeed":"29|32","stun":"1710|1800","criticalHit":"1710|1800","doubleAttack":"1710|1800","dodge":"1710|1800","attackBack":"1710|1800","lifeSteal":"1710|1800","reStun":"79|88","reCriticalHit":"79|88","reDoubleAttack":"79|88","reDodge":"79|88","reAttackBack":"79|88","reLifeSteal":"79|88","addDamage":"0|0","minusDamage":"0|0","addCritical":"0|0","minusCritical":"0|0","addHeal":"0|0","minusHeal":"0|0","addPet":"0|0","minusPet":"0|0","weight":100},"10010":{"id":10010,"name":"Talent_Name-10010","desc":"Talent_Desc-10010","icon":"10010","quality":10,"level":"1|100","type":1,"firAttributeRan":"-1|0|0|1|0|0|0|0|0|0|1|1|1|1|1|1|0|0|0|0|0|0|0|0|0|0|0|0","primAttack":"258|287","primHP":"1722|1913","primDenfence":"43|48","primSpeed":"31|34","stun":"1805|1900","criticalHit":"1805|1900","doubleAttack":"1805|1900","dodge":"1805|1900","attackBack":"1805|1900","lifeSteal":"1805|1900","reStun":"90|100","reCriticalHit":"90|100","reDoubleAttack":"90|100","reDodge":"90|100","reAttackBack":"90|100","reLifeSteal":"90|100","addDamage":"0|0","minusDamage":"0|0","addCritical":"0|0","minusCritical":"0|0","addHeal":"0|0","minusHeal":"0|0","addPet":"0|0","minusPet":"0|0","weight":100},"10011":{"id":10011,"name":"Talent_Name-10011","desc":"Talent_Desc-10011","icon":"10011","quality":1,"level":"1|100","type":2,"firAttributeRan":"0|0|0|1|0|0|-1|0|0|0|1|1|1|1|1|1|0|0|0|0|0|0|0|0|0|0|0|0","primAttack":"136|151","primHP":"906|1007","primDenfence":"23|25","primSpeed":"16|18","stun":"950|1000","criticalHit":"950|1000","doubleAttack":"950|1000","dodge":"950|1000","attackBack":"950|1000","lifeSteal":"950|1000","reStun":"11|13","reCriticalHit":"11|13","reDoubleAttack":"11|13","reDodge":"11|13","reAttackBack":"11|13","reLifeSteal":"11|13","addDamage":"0|0","minusDamage":"0|0","addCritical":"0|0","minusCritical":"0|0","addHeal":"0|0","minusHeal":"0|0","addPet":"0|0","minusPet":"0|0","weight":100},"10012":{"id":10012,"name":"Talent_Name-10012","desc":"Talent_Desc-10012","icon":"10012","quality":2,"level":"1|100","type":2,"firAttributeRan":"0|0|0|1|0|0|-1|0|0|0|1|1|1|1|1|1|0|0|0|0|0|0|0|0|0|0|0|0","primAttack":"149|166","primHP":"997|1108","primDenfence":"25|28","primSpeed":"18|20","stun":"1045|1100","criticalHit":"1045|1100","doubleAttack":"1045|1100","dodge":"1045|1100","attackBack":"1045|1100","lifeSteal":"1045|1100","reStun":"14|15","reCriticalHit":"14|15","reDoubleAttack":"14|15","reDodge":"14|15","reAttackBack":"14|15","reLifeSteal":"14|15","addDamage":"0|0","minusDamage":"0|0","addCritical":"0|0","minusCritical":"0|0","addHeal":"0|0","minusHeal":"0|0","addPet":"0|0","minusPet":"0|0","weight":100},"10013":{"id":10013,"name":"Talent_Name-10013","desc":"Talent_Desc-10013","icon":"10013","quality":3,"level":"1|100","type":2,"firAttributeRan":"0|0|0|1|0|0|-1|0|0|0|1|1|1|1|1|1|0|0|0|0|0|0|0|0|0|0|0|0","primAttack":"163|181","primHP":"1087|1208","primDenfence":"27|30","primSpeed":"20|22","stun":"1140|1200","criticalHit":"1140|1200","doubleAttack":"1140|1200","dodge":"1140|1200","attackBack":"1140|1200","lifeSteal":"1140|1200","reStun":"16|18","reCriticalHit":"16|18","reDoubleAttack":"16|18","reDodge":"16|18","reAttackBack":"16|18","reLifeSteal":"16|18","addDamage":"0|0","minusDamage":"0|0","addCritical":"0|0","minusCritical":"0|0","addHeal":"0|0","minusHeal":"0|0","addPet":"0|0","minusPet":"0|0","weight":100},"10014":{"id":10014,"name":"Talent_Name-10014","desc":"Talent_Desc-10014","icon":"10014","quality":4,"level":"1|100","type":2,"firAttributeRan":"0|0|0|1|0|0|-1|0|0|0|1|1|1|1|1|1|0|0|0|0|0|0|0|0|0|0|0|0","primAttack":"176|196","primHP":"1178|1309","primDenfence":"30|33","primSpeed":"21|23","stun":"1235|1300","criticalHit":"1235|1300","doubleAttack":"1235|1300","dodge":"1235|1300","attackBack":"1235|1300","lifeSteal":"1235|1300","reStun":"23|25","reCriticalHit":"23|25","reDoubleAttack":"23|25","reDodge":"23|25","reAttackBack":"23|25","reLifeSteal":"23|25","addDamage":"0|0","minusDamage":"0|0","addCritical":"0|0","minusCritical":"0|0","addHeal":"0|0","minusHeal":"0|0","addPet":"0|0","minusPet":"0|0","weight":100},"10015":{"id":10015,"name":"Talent_Name-10015","desc":"Talent_Desc-10015","icon":"10015","quality":5,"level":"1|100","type":2,"firAttributeRan":"0|0|0|1|0|0|-1|0|0|0|1|1|1|1|1|1|0|0|0|0|0|0|0|0|0|0|0|0","primAttack":"190|211","primHP":"1269|1410","primDenfence":"32|35","primSpeed":"23|25","stun":"1330|1400","criticalHit":"1330|1400","doubleAttack":"1330|1400","dodge":"1330|1400","attackBack":"1330|1400","lifeSteal":"1330|1400","reStun":"34|38","reCriticalHit":"34|38","reDoubleAttack":"34|38","reDodge":"34|38","reAttackBack":"34|38","reLifeSteal":"34|38","addDamage":"0|0","minusDamage":"0|0","addCritical":"0|0","minusCritical":"0|0","addHeal":"0|0","minusHeal":"0|0","addPet":"0|0","minusPet":"0|0","weight":100},"10016":{"id":10016,"name":"Talent_Name-10016","desc":"Talent_Desc-10016","icon":"10016","quality":6,"level":"1|100","type":2,"firAttributeRan":"0|0|0|1|0|0|-1|0|0|0|1|1|1|1|1|1|0|0|0|0|0|0|0|0|0|0|0|0","primAttack":"204|227","primHP":"1360|1511","primDenfence":"34|38","primSpeed":"24|27","stun":"1425|1500","criticalHit":"1425|1500","doubleAttack":"1425|1500","dodge":"1425|1500","attackBack":"1425|1500","lifeSteal":"1425|1500","reStun":"45|50","reCriticalHit":"45|50","reDoubleAttack":"45|50","reDodge":"45|50","reAttackBack":"45|50","reLifeSteal":"45|50","addDamage":"0|0","minusDamage":"0|0","addCritical":"0|0","minusCritical":"0|0","addHeal":"0|0","minusHeal":"0|0","addPet":"0|0","minusPet":"0|0","weight":100},"10017":{"id":10017,"name":"Talent_Name-10017","desc":"Talent_Desc-10017","icon":"10017","quality":7,"level":"1|100","type":2,"firAttributeRan":"0|0|0|1|0|0|-1|0|0|0|1|1|1|1|1|1|0|0|0|0|0|0|0|0|0|0|0|0","primAttack":"218|242","primHP":"1450|1611","primDenfence":"36|40","primSpeed":"26|29","stun":"1520|1600","criticalHit":"1520|1600","doubleAttack":"1520|1600","dodge":"1520|1600","attackBack":"1520|1600","lifeSteal":"1520|1600","reStun":"56|63","reCriticalHit":"56|63","reDoubleAttack":"56|63","reDodge":"56|63","reAttackBack":"56|63","reLifeSteal":"56|63","addDamage":"0|0","minusDamage":"0|0","addCritical":"0|0","minusCritical":"0|0","addHeal":"0|0","minusHeal":"0|0","addPet":"0|0","minusPet":"0|0","weight":100},"10018":{"id":10018,"name":"Talent_Name-10018","desc":"Talent_Desc-10018","icon":"10018","quality":8,"level":"1|100","type":2,"firAttributeRan":"0|0|0|1|0|0|-1|0|0|0|1|1|1|1|1|1|0|0|0|0|0|0|0|0|0|0|0|0","primAttack":"231|257","primHP":"1541|1712","primDenfence":"39|43","primSpeed":"28|31","stun":"1615|1700","criticalHit":"1615|1700","doubleAttack":"1615|1700","dodge":"1615|1700","attackBack":"1615|1700","lifeSteal":"1615|1700","reStun":"68|75","reCriticalHit":"68|75","reDoubleAttack":"68|75","reDodge":"68|75","reAttackBack":"68|75","reLifeSteal":"68|75","addDamage":"0|0","minusDamage":"0|0","addCritical":"0|0","minusCritical":"0|0","addHeal":"0|0","minusHeal":"0|0","addPet":"0|0","minusPet":"0|0","weight":100},"10019":{"id":10019,"name":"Talent_Name-10019","desc":"Talent_Desc-10019","icon":"10019","quality":9,"level":"1|100","type":2,"firAttributeRan":"0|0|0|1|0|0|-1|0|0|0|1|1|1|1|1|1|0|0|0|0|0|0|0|0|0|0|0|0","primAttack":"245|272","primHP":"1632|1813","primDenfence":"41|45","primSpeed":"29|32","stun":"1710|1800","criticalHit":"1710|1800","doubleAttack":"1710|1800","dodge":"1710|1800","attackBack":"1710|1800","lifeSteal":"1710|1800","reStun":"79|88","reCriticalHit":"79|88","reDoubleAttack":"79|88","reDodge":"79|88","reAttackBack":"79|88","reLifeSteal":"79|88","addDamage":"0|0","minusDamage":"0|0","addCritical":"0|0","minusCritical":"0|0","addHeal":"0|0","minusHeal":"0|0","addPet":"0|0","minusPet":"0|0","weight":100},"10020":{"id":10020,"name":"Talent_Name-10020","desc":"Talent_Desc-10020","icon":"10020","quality":10,"level":"1|100","type":2,"firAttributeRan":"0|0|0|1|0|0|-1|0|0|0|1|1|1|1|1|1|0|0|0|0|0|0|0|0|0|0|0|0","primAttack":"258|287","primHP":"1722|1913","primDenfence":"43|48","primSpeed":"31|34","stun":"1805|1900","criticalHit":"1805|1900","doubleAttack":"1805|1900","dodge":"1805|1900","attackBack":"1805|1900","lifeSteal":"1805|1900","reStun":"90|100","reCriticalHit":"90|100","reDoubleAttack":"90|100","reDodge":"90|100","reAttackBack":"90|100","reLifeSteal":"90|100","addDamage":"0|0","minusDamage":"0|0","addCritical":"0|0","minusCritical":"0|0","addHeal":"0|0","minusHeal":"0|0","addPet":"0|0","minusPet":"0|0","weight":100},"10021":{"id":10021,"name":"Talent_Name-10021","desc":"Talent_Desc-10021","icon":"10021","quality":1,"level":"1|100","type":3,"firAttributeRan":"0|-1|0|1|0|0|0|0|0|0|1|1|1|1|1|1|0|0|0|0|0|0|0|0|0|0|0|0","primAttack":"136|151","primHP":"906|1007","primDenfence":"23|25","primSpeed":"16|18","stun":"950|1000","criticalHit":"950|1000","doubleAttack":"950|1000","dodge":"950|1000","attackBack":"950|1000","lifeSteal":"950|1000","reStun":"11|13","reCriticalHit":"11|13","reDoubleAttack":"11|13","reDodge":"11|13","reAttackBack":"11|13","reLifeSteal":"11|13","addDamage":"0|0","minusDamage":"0|0","addCritical":"0|0","minusCritical":"0|0","addHeal":"0|0","minusHeal":"0|0","addPet":"0|0","minusPet":"0|0","weight":100},"10022":{"id":10022,"name":"Talent_Name-10022","desc":"Talent_Desc-10022","icon":"10022","quality":2,"level":"1|100","type":3,"firAttributeRan":"0|-1|0|1|0|0|0|0|0|0|1|1|1|1|1|1|0|0|0|0|0|0|0|0|0|0|0|0","primAttack":"149|166","primHP":"997|1108","primDenfence":"25|28","primSpeed":"18|20","stun":"1045|1100","criticalHit":"1045|1100","doubleAttack":"1045|1100","dodge":"1045|1100","attackBack":"1045|1100","lifeSteal":"1045|1100","reStun":"14|15","reCriticalHit":"14|15","reDoubleAttack":"14|15","reDodge":"14|15","reAttackBack":"14|15","reLifeSteal":"14|15","addDamage":"0|0","minusDamage":"0|0","addCritical":"0|0","minusCritical":"0|0","addHeal":"0|0","minusHeal":"0|0","addPet":"0|0","minusPet":"0|0","weight":100},"10023":{"id":10023,"name":"Talent_Name-10023","desc":"Talent_Desc-10023","icon":"10023","quality":3,"level":"1|100","type":3,"firAttributeRan":"0|-1|0|1|0|0|0|0|0|0|1|1|1|1|1|1|0|0|0|0|0|0|0|0|0|0|0|0","primAttack":"163|181","primHP":"1087|1208","primDenfence":"27|30","primSpeed":"20|22","stun":"1140|1200","criticalHit":"1140|1200","doubleAttack":"1140|1200","dodge":"1140|1200","attackBack":"1140|1200","lifeSteal":"1140|1200","reStun":"16|18","reCriticalHit":"16|18","reDoubleAttack":"16|18","reDodge":"16|18","reAttackBack":"16|18","reLifeSteal":"16|18","addDamage":"0|0","minusDamage":"0|0","addCritical":"0|0","minusCritical":"0|0","addHeal":"0|0","minusHeal":"0|0","addPet":"0|0","minusPet":"0|0","weight":100},"10024":{"id":10024,"name":"Talent_Name-10024","desc":"Talent_Desc-10024","icon":"10024","quality":4,"level":"1|100","type":3,"firAttributeRan":"0|-1|0|1|0|0|0|0|0|0|1|1|1|1|1|1|0|0|0|0|0|0|0|0|0|0|0|0","primAttack":"176|196","primHP":"1178|1309","primDenfence":"30|33","primSpeed":"21|23","stun":"1235|1300","criticalHit":"1235|1300","doubleAttack":"1235|1300","dodge":"1235|1300","attackBack":"1235|1300","lifeSteal":"1235|1300","reStun":"23|25","reCriticalHit":"23|25","reDoubleAttack":"23|25","reDodge":"23|25","reAttackBack":"23|25","reLifeSteal":"23|25","addDamage":"0|0","minusDamage":"0|0","addCritical":"0|0","minusCritical":"0|0","addHeal":"0|0","minusHeal":"0|0","addPet":"0|0","minusPet":"0|0","weight":100},"10025":{"id":10025,"name":"Talent_Name-10025","desc":"Talent_Desc-10025","icon":"10025","quality":5,"level":"1|100","type":3,"firAttributeRan":"0|-1|0|1|0|0|0|0|0|0|1|1|1|1|1|1|0|0|0|0|0|0|0|0|0|0|0|0","primAttack":"190|211","primHP":"1269|1410","primDenfence":"32|35","primSpeed":"23|25","stun":"1330|1400","criticalHit":"1330|1400","doubleAttack":"1330|1400","dodge":"1330|1400","attackBack":"1330|1400","lifeSteal":"1330|1400","reStun":"34|38","reCriticalHit":"34|38","reDoubleAttack":"34|38","reDodge":"34|38","reAttackBack":"34|38","reLifeSteal":"34|38","addDamage":"0|0","minusDamage":"0|0","addCritical":"0|0","minusCritical":"0|0","addHeal":"0|0","minusHeal":"0|0","addPet":"0|0","minusPet":"0|0","weight":100},"10026":{"id":10026,"name":"Talent_Name-10026","desc":"Talent_Desc-10026","icon":"10026","quality":6,"level":"1|100","type":3,"firAttributeRan":"0|-1|0|1|0|0|0|0|0|0|1|1|1|1|1|1|0|0|0|0|0|0|0|0|0|0|0|0","primAttack":"204|227","primHP":"1360|1511","primDenfence":"34|38","primSpeed":"24|27","stun":"1425|1500","criticalHit":"1425|1500","doubleAttack":"1425|1500","dodge":"1425|1500","attackBack":"1425|1500","lifeSteal":"1425|1500","reStun":"45|50","reCriticalHit":"45|50","reDoubleAttack":"45|50","reDodge":"45|50","reAttackBack":"45|50","reLifeSteal":"45|50","addDamage":"0|0","minusDamage":"0|0","addCritical":"0|0","minusCritical":"0|0","addHeal":"0|0","minusHeal":"0|0","addPet":"0|0","minusPet":"0|0","weight":100},"10027":{"id":10027,"name":"Talent_Name-10027","desc":"Talent_Desc-10027","icon":"10027","quality":7,"level":"1|100","type":3,"firAttributeRan":"0|-1|0|1|0|0|0|0|0|0|1|1|1|1|1|1|0|0|0|0|0|0|0|0|0|0|0|0","primAttack":"218|242","primHP":"1450|1611","primDenfence":"36|40","primSpeed":"26|29","stun":"1520|1600","criticalHit":"1520|1600","doubleAttack":"1520|1600","dodge":"1520|1600","attackBack":"1520|1600","lifeSteal":"1520|1600","reStun":"56|63","reCriticalHit":"56|63","reDoubleAttack":"56|63","reDodge":"56|63","reAttackBack":"56|63","reLifeSteal":"56|63","addDamage":"0|0","minusDamage":"0|0","addCritical":"0|0","minusCritical":"0|0","addHeal":"0|0","minusHeal":"0|0","addPet":"0|0","minusPet":"0|0","weight":100},"10028":{"id":10028,"name":"Talent_Name-10028","desc":"Talent_Desc-10028","icon":"10028","quality":8,"level":"1|100","type":3,"firAttributeRan":"0|-1|0|1|0|0|0|0|0|0|1|1|1|1|1|1|0|0|0|0|0|0|0|0|0|0|0|0","primAttack":"231|257","primHP":"1541|1712","primDenfence":"39|43","primSpeed":"28|31","stun":"1615|1700","criticalHit":"1615|1700","doubleAttack":"1615|1700","dodge":"1615|1700","attackBack":"1615|1700","lifeSteal":"1615|1700","reStun":"68|75","reCriticalHit":"68|75","reDoubleAttack":"68|75","reDodge":"68|75","reAttackBack":"68|75","reLifeSteal":"68|75","addDamage":"0|0","minusDamage":"0|0","addCritical":"0|0","minusCritical":"0|0","addHeal":"0|0","minusHeal":"0|0","addPet":"0|0","minusPet":"0|0","weight":100},"10029":{"id":10029,"name":"Talent_Name-10029","desc":"Talent_Desc-10029","icon":"10029","quality":9,"level":"1|100","type":3,"firAttributeRan":"0|-1|0|1|0|0|0|0|0|0|1|1|1|1|1|1|0|0|0|0|0|0|0|0|0|0|0|0","primAttack":"245|272","primHP":"1632|1813","primDenfence":"41|45","primSpeed":"29|32","stun":"1710|1800","criticalHit":"1710|1800","doubleAttack":"1710|1800","dodge":"1710|1800","attackBack":"1710|1800","lifeSteal":"1710|1800","reStun":"79|88","reCriticalHit":"79|88","reDoubleAttack":"79|88","reDodge":"79|88","reAttackBack":"79|88","reLifeSteal":"79|88","addDamage":"0|0","minusDamage":"0|0","addCritical":"0|0","minusCritical":"0|0","addHeal":"0|0","minusHeal":"0|0","addPet":"0|0","minusPet":"0|0","weight":100},"10030":{"id":10030,"name":"Talent_Name-10030","desc":"Talent_Desc-10030","icon":"10030","quality":10,"level":"1|100","type":3,"firAttributeRan":"0|-1|0|1|0|0|0|0|0|0|1|1|1|1|1|1|0|0|0|0|0|0|0|0|0|0|0|0","primAttack":"258|287","primHP":"1722|1913","primDenfence":"43|48","primSpeed":"31|34","stun":"1805|1900","criticalHit":"1805|1900","doubleAttack":"1805|1900","dodge":"1805|1900","attackBack":"1805|1900","lifeSteal":"1805|1900","reStun":"90|100","reCriticalHit":"90|100","reDoubleAttack":"90|100","reDodge":"90|100","reAttackBack":"90|100","reLifeSteal":"90|100","addDamage":"0|0","minusDamage":"0|0","addCritical":"0|0","minusCritical":"0|0","addHeal":"0|0","minusHeal":"0|0","addPet":"0|0","minusPet":"0|0","weight":100},"10031":{"id":10031,"name":"Talent_Name-10031","desc":"Talent_Desc-10031","icon":"10031","quality":1,"level":"1|100","type":4,"firAttributeRan":"0|0|0|1|-1|0|0|0|0|0|1|1|1|1|1|1|0|0|0|0|0|0|0|0|0|0|0|0","primAttack":"136|151","primHP":"906|1007","primDenfence":"23|25","primSpeed":"16|18","stun":"950|1000","criticalHit":"950|1000","doubleAttack":"950|1000","dodge":"950|1000","attackBack":"950|1000","lifeSteal":"950|1000","reStun":"11|13","reCriticalHit":"11|13","reDoubleAttack":"11|13","reDodge":"11|13","reAttackBack":"11|13","reLifeSteal":"11|13","addDamage":"0|0","minusDamage":"0|0","addCritical":"0|0","minusCritical":"0|0","addHeal":"0|0","minusHeal":"0|0","addPet":"0|0","minusPet":"0|0","weight":100},"10032":{"id":10032,"name":"Talent_Name-10032","desc":"Talent_Desc-10032","icon":"10032","quality":2,"level":"1|100","type":4,"firAttributeRan":"0|0|0|1|-1|0|0|0|0|0|1|1|1|1|1|1|0|0|0|0|0|0|0|0|0|0|0|0","primAttack":"149|166","primHP":"997|1108","primDenfence":"25|28","primSpeed":"18|20","stun":"1045|1100","criticalHit":"1045|1100","doubleAttack":"1045|1100","dodge":"1045|1100","attackBack":"1045|1100","lifeSteal":"1045|1100","reStun":"14|15","reCriticalHit":"14|15","reDoubleAttack":"14|15","reDodge":"14|15","reAttackBack":"14|15","reLifeSteal":"14|15","addDamage":"0|0","minusDamage":"0|0","addCritical":"0|0","minusCritical":"0|0","addHeal":"0|0","minusHeal":"0|0","addPet":"0|0","minusPet":"0|0","weight":100},"10033":{"id":10033,"name":"Talent_Name-10033","desc":"Talent_Desc-10033","icon":"10033","quality":3,"level":"1|100","type":4,"firAttributeRan":"0|0|0|1|-1|0|0|0|0|0|1|1|1|1|1|1|0|0|0|0|0|0|0|0|0|0|0|0","primAttack":"163|181","primHP":"1087|1208","primDenfence":"27|30","primSpeed":"20|22","stun":"1140|1200","criticalHit":"1140|1200","doubleAttack":"1140|1200","dodge":"1140|1200","attackBack":"1140|1200","lifeSteal":"1140|1200","reStun":"16|18","reCriticalHit":"16|18","reDoubleAttack":"16|18","reDodge":"16|18","reAttackBack":"16|18","reLifeSteal":"16|18","addDamage":"0|0","minusDamage":"0|0","addCritical":"0|0","minusCritical":"0|0","addHeal":"0|0","minusHeal":"0|0","addPet":"0|0","minusPet":"0|0","weight":100},"10034":{"id":10034,"name":"Talent_Name-10034","desc":"Talent_Desc-10034","icon":"10034","quality":4,"level":"1|100","type":4,"firAttributeRan":"0|0|0|1|-1|0|0|0|0|0|1|1|1|1|1|1|0|0|0|0|0|0|0|0|0|0|0|0","primAttack":"176|196","primHP":"1178|1309","primDenfence":"30|33","primSpeed":"21|23","stun":"1235|1300","criticalHit":"1235|1300","doubleAttack":"1235|1300","dodge":"1235|1300","attackBack":"1235|1300","lifeSteal":"1235|1300","reStun":"23|25","reCriticalHit":"23|25","reDoubleAttack":"23|25","reDodge":"23|25","reAttackBack":"23|25","reLifeSteal":"23|25","addDamage":"0|0","minusDamage":"0|0","addCritical":"0|0","minusCritical":"0|0","addHeal":"0|0","minusHeal":"0|0","addPet":"0|0","minusPet":"0|0","weight":100},"10035":{"id":10035,"name":"Talent_Name-10035","desc":"Talent_Desc-10035","icon":"10035","quality":5,"level":"1|100","type":4,"firAttributeRan":"0|0|0|1|-1|0|0|0|0|0|1|1|1|1|1|1|0|0|0|0|0|0|0|0|0|0|0|0","primAttack":"190|211","primHP":"1269|1410","primDenfence":"32|35","primSpeed":"23|25","stun":"1330|1400","criticalHit":"1330|1400","doubleAttack":"1330|1400","dodge":"1330|1400","attackBack":"1330|1400","lifeSteal":"1330|1400","reStun":"34|38","reCriticalHit":"34|38","reDoubleAttack":"34|38","reDodge":"34|38","reAttackBack":"34|38","reLifeSteal":"34|38","addDamage":"0|0","minusDamage":"0|0","addCritical":"0|0","minusCritical":"0|0","addHeal":"0|0","minusHeal":"0|0","addPet":"0|0","minusPet":"0|0","weight":100},"10036":{"id":10036,"name":"Talent_Name-10036","desc":"Talent_Desc-10036","icon":"10036","quality":6,"level":"1|100","type":4,"firAttributeRan":"0|0|0|1|-1|0|0|0|0|0|1|1|1|1|1|1|0|0|0|0|0|0|0|0|0|0|0|0","primAttack":"204|227","primHP":"1360|1511","primDenfence":"34|38","primSpeed":"24|27","stun":"1425|1500","criticalHit":"1425|1500","doubleAttack":"1425|1500","dodge":"1425|1500","attackBack":"1425|1500","lifeSteal":"1425|1500","reStun":"45|50","reCriticalHit":"45|50","reDoubleAttack":"45|50","reDodge":"45|50","reAttackBack":"45|50","reLifeSteal":"45|50","addDamage":"0|0","minusDamage":"0|0","addCritical":"0|0","minusCritical":"0|0","addHeal":"0|0","minusHeal":"0|0","addPet":"0|0","minusPet":"0|0","weight":100},"10037":{"id":10037,"name":"Talent_Name-10037","desc":"Talent_Desc-10037","icon":"10037","quality":7,"level":"1|100","type":4,"firAttributeRan":"0|0|0|1|-1|0|0|0|0|0|1|1|1|1|1|1|0|0|0|0|0|0|0|0|0|0|0|0","primAttack":"218|242","primHP":"1450|1611","primDenfence":"36|40","primSpeed":"26|29","stun":"1520|1600","criticalHit":"1520|1600","doubleAttack":"1520|1600","dodge":"1520|1600","attackBack":"1520|1600","lifeSteal":"1520|1600","reStun":"56|63","reCriticalHit":"56|63","reDoubleAttack":"56|63","reDodge":"56|63","reAttackBack":"56|63","reLifeSteal":"56|63","addDamage":"0|0","minusDamage":"0|0","addCritical":"0|0","minusCritical":"0|0","addHeal":"0|0","minusHeal":"0|0","addPet":"0|0","minusPet":"0|0","weight":100},"10038":{"id":10038,"name":"Talent_Name-10038","desc":"Talent_Desc-10038","icon":"10038","quality":8,"level":"1|100","type":4,"firAttributeRan":"0|0|0|1|-1|0|0|0|0|0|1|1|1|1|1|1|0|0|0|0|0|0|0|0|0|0|0|0","primAttack":"231|257","primHP":"1541|1712","primDenfence":"39|43","primSpeed":"28|31","stun":"1615|1700","criticalHit":"1615|1700","doubleAttack":"1615|1700","dodge":"1615|1700","attackBack":"1615|1700","lifeSteal":"1615|1700","reStun":"68|75","reCriticalHit":"68|75","reDoubleAttack":"68|75","reDodge":"68|75","reAttackBack":"68|75","reLifeSteal":"68|75","addDamage":"0|0","minusDamage":"0|0","addCritical":"0|0","minusCritical":"0|0","addHeal":"0|0","minusHeal":"0|0","addPet":"0|0","minusPet":"0|0","weight":100},"10039":{"id":10039,"name":"Talent_Name-10039","desc":"Talent_Desc-10039","icon":"10039","quality":9,"level":"1|100","type":4,"firAttributeRan":"0|0|0|1|-1|0|0|0|0|0|1|1|1|1|1|1|0|0|0|0|0|0|0|0|0|0|0|0","primAttack":"245|272","primHP":"1632|1813","primDenfence":"41|45","primSpeed":"29|32","stun":"1710|1800","criticalHit":"1710|1800","doubleAttack":"1710|1800","dodge":"1710|1800","attackBack":"1710|1800","lifeSteal":"1710|1800","reStun":"79|88","reCriticalHit":"79|88","reDoubleAttack":"79|88","reDodge":"79|88","reAttackBack":"79|88","reLifeSteal":"79|88","addDamage":"0|0","minusDamage":"0|0","addCritical":"0|0","minusCritical":"0|0","addHeal":"0|0","minusHeal":"0|0","addPet":"0|0","minusPet":"0|0","weight":100},"10040":{"id":10040,"name":"Talent_Name-10040","desc":"Talent_Desc-10040","icon":"10040","quality":10,"level":"1|100","type":4,"firAttributeRan":"0|0|0|1|-1|0|0|0|0|0|1|1|1|1|1|1|0|0|0|0|0|0|0|0|0|0|0|0","primAttack":"258|287","primHP":"1722|1913","primDenfence":"43|48","primSpeed":"31|34","stun":"1805|1900","criticalHit":"1805|1900","doubleAttack":"1805|1900","dodge":"1805|1900","attackBack":"1805|1900","lifeSteal":"1805|1900","reStun":"90|100","reCriticalHit":"90|100","reDoubleAttack":"90|100","reDodge":"90|100","reAttackBack":"90|100","reLifeSteal":"90|100","addDamage":"0|0","minusDamage":"0|0","addCritical":"0|0","minusCritical":"0|0","addHeal":"0|0","minusHeal":"0|0","addPet":"0|0","minusPet":"0|0","weight":100},"10041":{"id":10041,"name":"Talent_Name-10041","desc":"Talent_Desc-10041","icon":"10041","quality":1,"level":"1|100","type":5,"firAttributeRan":"0|-1|0|1|0|0|0|0|0|0|1|1|1|1|1|1|0|0|0|0|0|0|0|0|0|0|0|0","primAttack":"136|151","primHP":"906|1007","primDenfence":"23|25","primSpeed":"16|18","stun":"950|1000","criticalHit":"950|1000","doubleAttack":"950|1000","dodge":"950|1000","attackBack":"950|1000","lifeSteal":"950|1000","reStun":"11|13","reCriticalHit":"11|13","reDoubleAttack":"11|13","reDodge":"11|13","reAttackBack":"11|13","reLifeSteal":"11|13","addDamage":"0|0","minusDamage":"0|0","addCritical":"0|0","minusCritical":"0|0","addHeal":"0|0","minusHeal":"0|0","addPet":"0|0","minusPet":"0|0","weight":100},"10042":{"id":10042,"name":"Talent_Name-10042","desc":"Talent_Desc-10042","icon":"10042","quality":2,"level":"1|100","type":5,"firAttributeRan":"0|-1|0|1|0|0|0|0|0|0|1|1|1|1|1|1|0|0|0|0|0|0|0|0|0|0|0|0","primAttack":"149|166","primHP":"997|1108","primDenfence":"25|28","primSpeed":"18|20","stun":"1045|1100","criticalHit":"1045|1100","doubleAttack":"1045|1100","dodge":"1045|1100","attackBack":"1045|1100","lifeSteal":"1045|1100","reStun":"14|15","reCriticalHit":"14|15","reDoubleAttack":"14|15","reDodge":"14|15","reAttackBack":"14|15","reLifeSteal":"14|15","addDamage":"0|0","minusDamage":"0|0","addCritical":"0|0","minusCritical":"0|0","addHeal":"0|0","minusHeal":"0|0","addPet":"0|0","minusPet":"0|0","weight":100},"10043":{"id":10043,"name":"Talent_Name-10043","desc":"Talent_Desc-10043","icon":"10043","quality":3,"level":"1|100","type":5,"firAttributeRan":"0|-1|0|1|0|0|0|0|0|0|1|1|1|1|1|1|0|0|0|0|0|0|0|0|0|0|0|0","primAttack":"163|181","primHP":"1087|1208","primDenfence":"27|30","primSpeed":"20|22","stun":"1140|1200","criticalHit":"1140|1200","doubleAttack":"1140|1200","dodge":"1140|1200","attackBack":"1140|1200","lifeSteal":"1140|1200","reStun":"16|18","reCriticalHit":"16|18","reDoubleAttack":"16|18","reDodge":"16|18","reAttackBack":"16|18","reLifeSteal":"16|18","addDamage":"0|0","minusDamage":"0|0","addCritical":"0|0","minusCritical":"0|0","addHeal":"0|0","minusHeal":"0|0","addPet":"0|0","minusPet":"0|0","weight":100},"10044":{"id":10044,"name":"Talent_Name-10044","desc":"Talent_Desc-10044","icon":"10044","quality":4,"level":"1|100","type":5,"firAttributeRan":"0|-1|0|1|0|0|0|0|0|0|1|1|1|1|1|1|0|0|0|0|0|0|0|0|0|0|0|0","primAttack":"176|196","primHP":"1178|1309","primDenfence":"30|33","primSpeed":"21|23","stun":"1235|1300","criticalHit":"1235|1300","doubleAttack":"1235|1300","dodge":"1235|1300","attackBack":"1235|1300","lifeSteal":"1235|1300","reStun":"23|25","reCriticalHit":"23|25","reDoubleAttack":"23|25","reDodge":"23|25","reAttackBack":"23|25","reLifeSteal":"23|25","addDamage":"0|0","minusDamage":"0|0","addCritical":"0|0","minusCritical":"0|0","addHeal":"0|0","minusHeal":"0|0","addPet":"0|0","minusPet":"0|0","weight":100},"10045":{"id":10045,"name":"Talent_Name-10045","desc":"Talent_Desc-10045","icon":"10045","quality":5,"level":"1|100","type":5,"firAttributeRan":"0|-1|0|1|0|0|0|0|0|0|1|1|1|1|1|1|0|0|0|0|0|0|0|0|0|0|0|0","primAttack":"190|211","primHP":"1269|1410","primDenfence":"32|35","primSpeed":"23|25","stun":"1330|1400","criticalHit":"1330|1400","doubleAttack":"1330|1400","dodge":"1330|1400","attackBack":"1330|1400","lifeSteal":"1330|1400","reStun":"34|38","reCriticalHit":"34|38","reDoubleAttack":"34|38","reDodge":"34|38","reAttackBack":"34|38","reLifeSteal":"34|38","addDamage":"0|0","minusDamage":"0|0","addCritical":"0|0","minusCritical":"0|0","addHeal":"0|0","minusHeal":"0|0","addPet":"0|0","minusPet":"0|0","weight":100},"10046":{"id":10046,"name":"Talent_Name-10046","desc":"Talent_Desc-10046","icon":"10046","quality":6,"level":"1|100","type":5,"firAttributeRan":"0|-1|0|1|0|0|0|0|0|0|1|1|1|1|1|1|0|0|0|0|0|0|0|0|0|0|0|0","primAttack":"204|227","primHP":"1360|1511","primDenfence":"34|38","primSpeed":"24|27","stun":"1425|1500","criticalHit":"1425|1500","doubleAttack":"1425|1500","dodge":"1425|1500","attackBack":"1425|1500","lifeSteal":"1425|1500","reStun":"45|50","reCriticalHit":"45|50","reDoubleAttack":"45|50","reDodge":"45|50","reAttackBack":"45|50","reLifeSteal":"45|50","addDamage":"0|0","minusDamage":"0|0","addCritical":"0|0","minusCritical":"0|0","addHeal":"0|0","minusHeal":"0|0","addPet":"0|0","minusPet":"0|0","weight":100},"10047":{"id":10047,"name":"Talent_Name-10047","desc":"Talent_Desc-10047","icon":"10047","quality":7,"level":"1|100","type":5,"firAttributeRan":"0|-1|0|1|0|0|0|0|0|0|1|1|1|1|1|1|0|0|0|0|0|0|0|0|0|0|0|0","primAttack":"218|242","primHP":"1450|1611","primDenfence":"36|40","primSpeed":"26|29","stun":"1520|1600","criticalHit":"1520|1600","doubleAttack":"1520|1600","dodge":"1520|1600","attackBack":"1520|1600","lifeSteal":"1520|1600","reStun":"56|63","reCriticalHit":"56|63","reDoubleAttack":"56|63","reDodge":"56|63","reAttackBack":"56|63","reLifeSteal":"56|63","addDamage":"0|0","minusDamage":"0|0","addCritical":"0|0","minusCritical":"0|0","addHeal":"0|0","minusHeal":"0|0","addPet":"0|0","minusPet":"0|0","weight":100},"10048":{"id":10048,"name":"Talent_Name-10048","desc":"Talent_Desc-10048","icon":"10048","quality":8,"level":"1|100","type":5,"firAttributeRan":"0|-1|0|1|0|0|0|0|0|0|1|1|1|1|1|1|0|0|0|0|0|0|0|0|0|0|0|0","primAttack":"231|257","primHP":"1541|1712","primDenfence":"39|43","primSpeed":"28|31","stun":"1615|1700","criticalHit":"1615|1700","doubleAttack":"1615|1700","dodge":"1615|1700","attackBack":"1615|1700","lifeSteal":"1615|1700","reStun":"68|75","reCriticalHit":"68|75","reDoubleAttack":"68|75","reDodge":"68|75","reAttackBack":"68|75","reLifeSteal":"68|75","addDamage":"0|0","minusDamage":"0|0","addCritical":"0|0","minusCritical":"0|0","addHeal":"0|0","minusHeal":"0|0","addPet":"0|0","minusPet":"0|0","weight":100},"10049":{"id":10049,"name":"Talent_Name-10049","desc":"Talent_Desc-10049","icon":"10049","quality":9,"level":"1|100","type":5,"firAttributeRan":"0|-1|0|1|0|0|0|0|0|0|1|1|1|1|1|1|0|0|0|0|0|0|0|0|0|0|0|0","primAttack":"245|272","primHP":"1632|1813","primDenfence":"41|45","primSpeed":"29|32","stun":"1710|1800","criticalHit":"1710|1800","doubleAttack":"1710|1800","dodge":"1710|1800","attackBack":"1710|1800","lifeSteal":"1710|1800","reStun":"79|88","reCriticalHit":"79|88","reDoubleAttack":"79|88","reDodge":"79|88","reAttackBack":"79|88","reLifeSteal":"79|88","addDamage":"0|0","minusDamage":"0|0","addCritical":"0|0","minusCritical":"0|0","addHeal":"0|0","minusHeal":"0|0","addPet":"0|0","minusPet":"0|0","weight":100},"10050":{"id":10050,"name":"Talent_Name-10050","desc":"Talent_Desc-10050","icon":"10050","quality":10,"level":"1|100","type":5,"firAttributeRan":"0|-1|0|1|0|0|0|0|0|0|1|1|1|1|1|1|0|0|0|0|0|0|0|0|0|0|0|0","primAttack":"258|287","primHP":"1722|1913","primDenfence":"43|48","primSpeed":"31|34","stun":"1805|1900","criticalHit":"1805|1900","doubleAttack":"1805|1900","dodge":"1805|1900","attackBack":"1805|1900","lifeSteal":"1805|1900","reStun":"90|100","reCriticalHit":"90|100","reDoubleAttack":"90|100","reDodge":"90|100","reAttackBack":"90|100","reLifeSteal":"90|100","addDamage":"0|0","minusDamage":"0|0","addCritical":"0|0","minusCritical":"0|0","addHeal":"0|0","minusHeal":"0|0","addPet":"0|0","minusPet":"0|0","weight":100},"10051":{"id":10051,"name":"Talent_Name-10051","desc":"Talent_Desc-10051","icon":"10051","quality":1,"level":"1|100","type":6,"firAttributeRan":"0|0|0|1|0|0|0|0|-1|0|1|1|1|1|1|1|0|0|0|0|0|0|0|0|0|0|0|0","primAttack":"136|151","primHP":"906|1007","primDenfence":"23|25","primSpeed":"16|18","stun":"950|1000","criticalHit":"950|1000","doubleAttack":"950|1000","dodge":"950|1000","attackBack":"950|1000","lifeSteal":"950|1000","reStun":"11|13","reCriticalHit":"11|13","reDoubleAttack":"11|13","reDodge":"11|13","reAttackBack":"11|13","reLifeSteal":"11|13","addDamage":"0|0","minusDamage":"0|0","addCritical":"0|0","minusCritical":"0|0","addHeal":"0|0","minusHeal":"0|0","addPet":"0|0","minusPet":"0|0","weight":100},"10052":{"id":10052,"name":"Talent_Name-10052","desc":"Talent_Desc-10052","icon":"10052","quality":2,"level":"1|100","type":6,"firAttributeRan":"0|0|0|1|0|0|0|0|-1|0|1|1|1|1|1|1|0|0|0|0|0|0|0|0|0|0|0|0","primAttack":"149|166","primHP":"997|1108","primDenfence":"25|28","primSpeed":"18|20","stun":"1045|1100","criticalHit":"1045|1100","doubleAttack":"1045|1100","dodge":"1045|1100","attackBack":"1045|1100","lifeSteal":"1045|1100","reStun":"14|15","reCriticalHit":"14|15","reDoubleAttack":"14|15","reDodge":"14|15","reAttackBack":"14|15","reLifeSteal":"14|15","addDamage":"0|0","minusDamage":"0|0","addCritical":"0|0","minusCritical":"0|0","addHeal":"0|0","minusHeal":"0|0","addPet":"0|0","minusPet":"0|0","weight":100},"10053":{"id":10053,"name":"Talent_Name-10053","desc":"Talent_Desc-10053","icon":"10053","quality":3,"level":"1|100","type":6,"firAttributeRan":"0|0|0|1|0|0|0|0|-1|0|1|1|1|1|1|1|0|0|0|0|0|0|0|0|0|0|0|0","primAttack":"163|181","primHP":"1087|1208","primDenfence":"27|30","primSpeed":"20|22","stun":"1140|1200","criticalHit":"1140|1200","doubleAttack":"1140|1200","dodge":"1140|1200","attackBack":"1140|1200","lifeSteal":"1140|1200","reStun":"16|18","reCriticalHit":"16|18","reDoubleAttack":"16|18","reDodge":"16|18","reAttackBack":"16|18","reLifeSteal":"16|18","addDamage":"0|0","minusDamage":"0|0","addCritical":"0|0","minusCritical":"0|0","addHeal":"0|0","minusHeal":"0|0","addPet":"0|0","minusPet":"0|0","weight":100},"10054":{"id":10054,"name":"Talent_Name-10054","desc":"Talent_Desc-10054","icon":"10054","quality":4,"level":"1|100","type":6,"firAttributeRan":"0|0|0|1|0|0|0|0|-1|0|1|1|1|1|1|1|0|0|0|0|0|0|0|0|0|0|0|0","primAttack":"176|196","primHP":"1178|1309","primDenfence":"30|33","primSpeed":"21|23","stun":"1235|1300","criticalHit":"1235|1300","doubleAttack":"1235|1300","dodge":"1235|1300","attackBack":"1235|1300","lifeSteal":"1235|1300","reStun":"23|25","reCriticalHit":"23|25","reDoubleAttack":"23|25","reDodge":"23|25","reAttackBack":"23|25","reLifeSteal":"23|25","addDamage":"0|0","minusDamage":"0|0","addCritical":"0|0","minusCritical":"0|0","addHeal":"0|0","minusHeal":"0|0","addPet":"0|0","minusPet":"0|0","weight":100},"10055":{"id":10055,"name":"Talent_Name-10055","desc":"Talent_Desc-10055","icon":"10055","quality":5,"level":"1|100","type":6,"firAttributeRan":"0|0|0|1|0|0|0|0|-1|0|1|1|1|1|1|1|0|0|0|0|0|0|0|0|0|0|0|0","primAttack":"190|211","primHP":"1269|1410","primDenfence":"32|35","primSpeed":"23|25","stun":"1330|1400","criticalHit":"1330|1400","doubleAttack":"1330|1400","dodge":"1330|1400","attackBack":"1330|1400","lifeSteal":"1330|1400","reStun":"34|38","reCriticalHit":"34|38","reDoubleAttack":"34|38","reDodge":"34|38","reAttackBack":"34|38","reLifeSteal":"34|38","addDamage":"0|0","minusDamage":"0|0","addCritical":"0|0","minusCritical":"0|0","addHeal":"0|0","minusHeal":"0|0","addPet":"0|0","minusPet":"0|0","weight":100},"10056":{"id":10056,"name":"Talent_Name-10056","desc":"Talent_Desc-10056","icon":"10056","quality":6,"level":"1|100","type":6,"firAttributeRan":"0|0|0|1|0|0|0|0|-1|0|1|1|1|1|1|1|0|0|0|0|0|0|0|0|0|0|0|0","primAttack":"204|227","primHP":"1360|1511","primDenfence":"34|38","primSpeed":"24|27","stun":"1425|1500","criticalHit":"1425|1500","doubleAttack":"1425|1500","dodge":"1425|1500","attackBack":"1425|1500","lifeSteal":"1425|1500","reStun":"45|50","reCriticalHit":"45|50","reDoubleAttack":"45|50","reDodge":"45|50","reAttackBack":"45|50","reLifeSteal":"45|50","addDamage":"0|0","minusDamage":"0|0","addCritical":"0|0","minusCritical":"0|0","addHeal":"0|0","minusHeal":"0|0","addPet":"0|0","minusPet":"0|0","weight":100},"10057":{"id":10057,"name":"Talent_Name-10057","desc":"Talent_Desc-10057","icon":"10057","quality":7,"level":"1|100","type":6,"firAttributeRan":"0|0|0|1|0|0|0|0|-1|0|1|1|1|1|1|1|0|0|0|0|0|0|0|0|0|0|0|0","primAttack":"218|242","primHP":"1450|1611","primDenfence":"36|40","primSpeed":"26|29","stun":"1520|1600","criticalHit":"1520|1600","doubleAttack":"1520|1600","dodge":"1520|1600","attackBack":"1520|1600","lifeSteal":"1520|1600","reStun":"56|63","reCriticalHit":"56|63","reDoubleAttack":"56|63","reDodge":"56|63","reAttackBack":"56|63","reLifeSteal":"56|63","addDamage":"0|0","minusDamage":"0|0","addCritical":"0|0","minusCritical":"0|0","addHeal":"0|0","minusHeal":"0|0","addPet":"0|0","minusPet":"0|0","weight":100},"10058":{"id":10058,"name":"Talent_Name-10058","desc":"Talent_Desc-10058","icon":"10058","quality":8,"level":"1|100","type":6,"firAttributeRan":"0|0|0|1|0|0|0|0|-1|0|1|1|1|1|1|1|0|0|0|0|0|0|0|0|0|0|0|0","primAttack":"231|257","primHP":"1541|1712","primDenfence":"39|43","primSpeed":"28|31","stun":"1615|1700","criticalHit":"1615|1700","doubleAttack":"1615|1700","dodge":"1615|1700","attackBack":"1615|1700","lifeSteal":"1615|1700","reStun":"68|75","reCriticalHit":"68|75","reDoubleAttack":"68|75","reDodge":"68|75","reAttackBack":"68|75","reLifeSteal":"68|75","addDamage":"0|0","minusDamage":"0|0","addCritical":"0|0","minusCritical":"0|0","addHeal":"0|0","minusHeal":"0|0","addPet":"0|0","minusPet":"0|0","weight":100},"10059":{"id":10059,"name":"Talent_Name-10059","desc":"Talent_Desc-10059","icon":"10059","quality":9,"level":"1|100","type":6,"firAttributeRan":"0|0|0|1|0|0|0|0|-1|0|1|1|1|1|1|1|0|0|0|0|0|0|0|0|0|0|0|0","primAttack":"245|272","primHP":"1632|1813","primDenfence":"41|45","primSpeed":"29|32","stun":"1710|1800","criticalHit":"1710|1800","doubleAttack":"1710|1800","dodge":"1710|1800","attackBack":"1710|1800","lifeSteal":"1710|1800","reStun":"79|88","reCriticalHit":"79|88","reDoubleAttack":"79|88","reDodge":"79|88","reAttackBack":"79|88","reLifeSteal":"79|88","addDamage":"0|0","minusDamage":"0|0","addCritical":"0|0","minusCritical":"0|0","addHeal":"0|0","minusHeal":"0|0","addPet":"0|0","minusPet":"0|0","weight":100},"10060":{"id":10060,"name":"Talent_Name-10060","desc":"Talent_Desc-10060","icon":"10060","quality":10,"level":"1|100","type":6,"firAttributeRan":"0|0|0|1|0|0|0|0|-1|0|1|1|1|1|1|1|0|0|0|0|0|0|0|0|0|0|0|0","primAttack":"258|287","primHP":"1722|1913","primDenfence":"43|48","primSpeed":"31|34","stun":"1805|1900","criticalHit":"1805|1900","doubleAttack":"1805|1900","dodge":"1805|1900","attackBack":"1805|1900","lifeSteal":"1805|1900","reStun":"90|100","reCriticalHit":"90|100","reDoubleAttack":"90|100","reDodge":"90|100","reAttackBack":"90|100","reLifeSteal":"90|100","addDamage":"0|0","minusDamage":"0|0","addCritical":"0|0","minusCritical":"0|0","addHeal":"0|0","minusHeal":"0|0","addPet":"0|0","minusPet":"0|0","weight":100},"10061":{"id":10061,"name":"Talent_Name-10061","desc":"Talent_Desc-10061","icon":"10061","quality":1,"level":"1|100","type":7,"firAttributeRan":"-1|0|0|1|0|0|0|0|0|0|1|1|1|1|1|1|0|0|0|0|0|0|0|0|0|0|0|0","primAttack":"136|151","primHP":"906|1007","primDenfence":"23|25","primSpeed":"16|18","stun":"950|1000","criticalHit":"950|1000","doubleAttack":"950|1000","dodge":"950|1000","attackBack":"950|1000","lifeSteal":"950|1000","reStun":"11|13","reCriticalHit":"11|13","reDoubleAttack":"11|13","reDodge":"11|13","reAttackBack":"11|13","reLifeSteal":"11|13","addDamage":"0|0","minusDamage":"0|0","addCritical":"0|0","minusCritical":"0|0","addHeal":"0|0","minusHeal":"0|0","addPet":"0|0","minusPet":"0|0","weight":100},"10062":{"id":10062,"name":"Talent_Name-10062","desc":"Talent_Desc-10062","icon":"10062","quality":2,"level":"1|100","type":7,"firAttributeRan":"-1|0|0|1|0|0|0|0|0|0|1|1|1|1|1|1|0|0|0|0|0|0|0|0|0|0|0|0","primAttack":"149|166","primHP":"997|1108","primDenfence":"25|28","primSpeed":"18|20","stun":"1045|1100","criticalHit":"1045|1100","doubleAttack":"1045|1100","dodge":"1045|1100","attackBack":"1045|1100","lifeSteal":"1045|1100","reStun":"14|15","reCriticalHit":"14|15","reDoubleAttack":"14|15","reDodge":"14|15","reAttackBack":"14|15","reLifeSteal":"14|15","addDamage":"0|0","minusDamage":"0|0","addCritical":"0|0","minusCritical":"0|0","addHeal":"0|0","minusHeal":"0|0","addPet":"0|0","minusPet":"0|0","weight":100},"10063":{"id":10063,"name":"Talent_Name-10063","desc":"Talent_Desc-10063","icon":"10063","quality":3,"level":"1|100","type":7,"firAttributeRan":"-1|0|0|1|0|0|0|0|0|0|1|1|1|1|1|1|0|0|0|0|0|0|0|0|0|0|0|0","primAttack":"163|181","primHP":"1087|1208","primDenfence":"27|30","primSpeed":"20|22","stun":"1140|1200","criticalHit":"1140|1200","doubleAttack":"1140|1200","dodge":"1140|1200","attackBack":"1140|1200","lifeSteal":"1140|1200","reStun":"16|18","reCriticalHit":"16|18","reDoubleAttack":"16|18","reDodge":"16|18","reAttackBack":"16|18","reLifeSteal":"16|18","addDamage":"0|0","minusDamage":"0|0","addCritical":"0|0","minusCritical":"0|0","addHeal":"0|0","minusHeal":"0|0","addPet":"0|0","minusPet":"0|0","weight":100},"10064":{"id":10064,"name":"Talent_Name-10064","desc":"Talent_Desc-10064","icon":"10064","quality":4,"level":"1|100","type":7,"firAttributeRan":"-1|0|0|1|0|0|0|0|0|0|1|1|1|1|1|1|0|0|0|0|0|0|0|0|0|0|0|0","primAttack":"176|196","primHP":"1178|1309","primDenfence":"30|33","primSpeed":"21|23","stun":"1235|1300","criticalHit":"1235|1300","doubleAttack":"1235|1300","dodge":"1235|1300","attackBack":"1235|1300","lifeSteal":"1235|1300","reStun":"23|25","reCriticalHit":"23|25","reDoubleAttack":"23|25","reDodge":"23|25","reAttackBack":"23|25","reLifeSteal":"23|25","addDamage":"0|0","minusDamage":"0|0","addCritical":"0|0","minusCritical":"0|0","addHeal":"0|0","minusHeal":"0|0","addPet":"0|0","minusPet":"0|0","weight":100},"10065":{"id":10065,"name":"Talent_Name-10065","desc":"Talent_Desc-10065","icon":"10065","quality":5,"level":"1|100","type":7,"firAttributeRan":"-1|0|0|1|0|0|0|0|0|0|1|1|1|1|1|1|0|0|0|0|0|0|0|0|0|0|0|0","primAttack":"190|211","primHP":"1269|1410","primDenfence":"32|35","primSpeed":"23|25","stun":"1330|1400","criticalHit":"1330|1400","doubleAttack":"1330|1400","dodge":"1330|1400","attackBack":"1330|1400","lifeSteal":"1330|1400","reStun":"34|38","reCriticalHit":"34|38","reDoubleAttack":"34|38","reDodge":"34|38","reAttackBack":"34|38","reLifeSteal":"34|38","addDamage":"0|0","minusDamage":"0|0","addCritical":"0|0","minusCritical":"0|0","addHeal":"0|0","minusHeal":"0|0","addPet":"0|0","minusPet":"0|0","weight":100},"10066":{"id":10066,"name":"Talent_Name-10066","desc":"Talent_Desc-10066","icon":"10066","quality":6,"level":"1|100","type":7,"firAttributeRan":"-1|0|0|1|0|0|0|0|0|0|1|1|1|1|1|1|0|0|0|0|0|0|0|0|0|0|0|0","primAttack":"204|227","primHP":"1360|1511","primDenfence":"34|38","primSpeed":"24|27","stun":"1425|1500","criticalHit":"1425|1500","doubleAttack":"1425|1500","dodge":"1425|1500","attackBack":"1425|1500","lifeSteal":"1425|1500","reStun":"45|50","reCriticalHit":"45|50","reDoubleAttack":"45|50","reDodge":"45|50","reAttackBack":"45|50","reLifeSteal":"45|50","addDamage":"0|0","minusDamage":"0|0","addCritical":"0|0","minusCritical":"0|0","addHeal":"0|0","minusHeal":"0|0","addPet":"0|0","minusPet":"0|0","weight":100},"10067":{"id":10067,"name":"Talent_Name-10067","desc":"Talent_Desc-10067","icon":"10067","quality":7,"level":"1|100","type":7,"firAttributeRan":"-1|0|0|1|0|0|0|0|0|0|1|1|1|1|1|1|0|0|0|0|0|0|0|0|0|0|0|0","primAttack":"218|242","primHP":"1450|1611","primDenfence":"36|40","primSpeed":"26|29","stun":"1520|1600","criticalHit":"1520|1600","doubleAttack":"1520|1600","dodge":"1520|1600","attackBack":"1520|1600","lifeSteal":"1520|1600","reStun":"56|63","reCriticalHit":"56|63","reDoubleAttack":"56|63","reDodge":"56|63","reAttackBack":"56|63","reLifeSteal":"56|63","addDamage":"0|0","minusDamage":"0|0","addCritical":"0|0","minusCritical":"0|0","addHeal":"0|0","minusHeal":"0|0","addPet":"0|0","minusPet":"0|0","weight":100},"10068":{"id":10068,"name":"Talent_Name-10068","desc":"Talent_Desc-10068","icon":"10068","quality":8,"level":"1|100","type":7,"firAttributeRan":"-1|0|0|1|0|0|0|0|0|0|1|1|1|1|1|1|0|0|0|0|0|0|0|0|0|0|0|0","primAttack":"231|257","primHP":"1541|1712","primDenfence":"39|43","primSpeed":"28|31","stun":"1615|1700","criticalHit":"1615|1700","doubleAttack":"1615|1700","dodge":"1615|1700","attackBack":"1615|1700","lifeSteal":"1615|1700","reStun":"68|75","reCriticalHit":"68|75","reDoubleAttack":"68|75","reDodge":"68|75","reAttackBack":"68|75","reLifeSteal":"68|75","addDamage":"0|0","minusDamage":"0|0","addCritical":"0|0","minusCritical":"0|0","addHeal":"0|0","minusHeal":"0|0","addPet":"0|0","minusPet":"0|0","weight":100},"10069":{"id":10069,"name":"Talent_Name-10069","desc":"Talent_Desc-10069","icon":"10069","quality":9,"level":"1|100","type":7,"firAttributeRan":"-1|0|0|1|0|0|0|0|0|0|1|1|1|1|1|1|0|0|0|0|0|0|0|0|0|0|0|0","primAttack":"245|272","primHP":"1632|1813","primDenfence":"41|45","primSpeed":"29|32","stun":"1710|1800","criticalHit":"1710|1800","doubleAttack":"1710|1800","dodge":"1710|1800","attackBack":"1710|1800","lifeSteal":"1710|1800","reStun":"79|88","reCriticalHit":"79|88","reDoubleAttack":"79|88","reDodge":"79|88","reAttackBack":"79|88","reLifeSteal":"79|88","addDamage":"0|0","minusDamage":"0|0","addCritical":"0|0","minusCritical":"0|0","addHeal":"0|0","minusHeal":"0|0","addPet":"0|0","minusPet":"0|0","weight":100},"10070":{"id":10070,"name":"Talent_Name-10070","desc":"Talent_Desc-10070","icon":"10070","quality":10,"level":"1|100","type":7,"firAttributeRan":"-1|0|0|1|0|0|0|0|0|0|1|1|1|1|1|1|0|0|0|0|0|0|0|0|0|0|0|0","primAttack":"258|287","primHP":"1722|1913","primDenfence":"43|48","primSpeed":"31|34","stun":"1805|1900","criticalHit":"1805|1900","doubleAttack":"1805|1900","dodge":"1805|1900","attackBack":"1805|1900","lifeSteal":"1805|1900","reStun":"90|100","reCriticalHit":"90|100","reDoubleAttack":"90|100","reDodge":"90|100","reAttackBack":"90|100","reLifeSteal":"90|100","addDamage":"0|0","minusDamage":"0|0","addCritical":"0|0","minusCritical":"0|0","addHeal":"0|0","minusHeal":"0|0","addPet":"0|0","minusPet":"0|0","weight":100},"10071":{"id":10071,"name":"Talent_Name-10071","desc":"Talent_Desc-10071","icon":"10071","quality":1,"level":"1|100","type":8,"firAttributeRan":"0|0|0|1|0|-1|0|0|0|0|1|1|1|1|1|1|0|0|0|0|0|0|0|0|0|0|0|0","primAttack":"136|151","primHP":"906|1007","primDenfence":"23|25","primSpeed":"16|18","stun":"950|1000","criticalHit":"950|1000","doubleAttack":"950|1000","dodge":"950|1000","attackBack":"950|1000","lifeSteal":"950|1000","reStun":"11|13","reCriticalHit":"11|13","reDoubleAttack":"11|13","reDodge":"11|13","reAttackBack":"11|13","reLifeSteal":"11|13","addDamage":"0|0","minusDamage":"0|0","addCritical":"0|0","minusCritical":"0|0","addHeal":"0|0","minusHeal":"0|0","addPet":"0|0","minusPet":"0|0","weight":100},"10072":{"id":10072,"name":"Talent_Name-10072","desc":"Talent_Desc-10072","icon":"10072","quality":2,"level":"1|100","type":8,"firAttributeRan":"0|0|0|1|0|-1|0|0|0|0|1|1|1|1|1|1|0|0|0|0|0|0|0|0|0|0|0|0","primAttack":"149|166","primHP":"997|1108","primDenfence":"25|28","primSpeed":"18|20","stun":"1045|1100","criticalHit":"1045|1100","doubleAttack":"1045|1100","dodge":"1045|1100","attackBack":"1045|1100","lifeSteal":"1045|1100","reStun":"14|15","reCriticalHit":"14|15","reDoubleAttack":"14|15","reDodge":"14|15","reAttackBack":"14|15","reLifeSteal":"14|15","addDamage":"0|0","minusDamage":"0|0","addCritical":"0|0","minusCritical":"0|0","addHeal":"0|0","minusHeal":"0|0","addPet":"0|0","minusPet":"0|0","weight":100},"10073":{"id":10073,"name":"Talent_Name-10073","desc":"Talent_Desc-10073","icon":"10073","quality":3,"level":"1|100","type":8,"firAttributeRan":"0|0|0|1|0|-1|0|0|0|0|1|1|1|1|1|1|0|0|0|0|0|0|0|0|0|0|0|0","primAttack":"163|181","primHP":"1087|1208","primDenfence":"27|30","primSpeed":"20|22","stun":"1140|1200","criticalHit":"1140|1200","doubleAttack":"1140|1200","dodge":"1140|1200","attackBack":"1140|1200","lifeSteal":"1140|1200","reStun":"16|18","reCriticalHit":"16|18","reDoubleAttack":"16|18","reDodge":"16|18","reAttackBack":"16|18","reLifeSteal":"16|18","addDamage":"0|0","minusDamage":"0|0","addCritical":"0|0","minusCritical":"0|0","addHeal":"0|0","minusHeal":"0|0","addPet":"0|0","minusPet":"0|0","weight":100},"10074":{"id":10074,"name":"Talent_Name-10074","desc":"Talent_Desc-10074","icon":"10074","quality":4,"level":"1|100","type":8,"firAttributeRan":"0|0|0|1|0|-1|0|0|0|0|1|1|1|1|1|1|0|0|0|0|0|0|0|0|0|0|0|0","primAttack":"176|196","primHP":"1178|1309","primDenfence":"30|33","primSpeed":"21|23","stun":"1235|1300","criticalHit":"1235|1300","doubleAttack":"1235|1300","dodge":"1235|1300","attackBack":"1235|1300","lifeSteal":"1235|1300","reStun":"23|25","reCriticalHit":"23|25","reDoubleAttack":"23|25","reDodge":"23|25","reAttackBack":"23|25","reLifeSteal":"23|25","addDamage":"0|0","minusDamage":"0|0","addCritical":"0|0","minusCritical":"0|0","addHeal":"0|0","minusHeal":"0|0","addPet":"0|0","minusPet":"0|0","weight":100},"10075":{"id":10075,"name":"Talent_Name-10075","desc":"Talent_Desc-10075","icon":"10075","quality":5,"level":"1|100","type":8,"firAttributeRan":"0|0|0|1|0|-1|0|0|0|0|1|1|1|1|1|1|0|0|0|0|0|0|0|0|0|0|0|0","primAttack":"190|211","primHP":"1269|1410","primDenfence":"32|35","primSpeed":"23|25","stun":"1330|1400","criticalHit":"1330|1400","doubleAttack":"1330|1400","dodge":"1330|1400","attackBack":"1330|1400","lifeSteal":"1330|1400","reStun":"34|38","reCriticalHit":"34|38","reDoubleAttack":"34|38","reDodge":"34|38","reAttackBack":"34|38","reLifeSteal":"34|38","addDamage":"0|0","minusDamage":"0|0","addCritical":"0|0","minusCritical":"0|0","addHeal":"0|0","minusHeal":"0|0","addPet":"0|0","minusPet":"0|0","weight":100},"10076":{"id":10076,"name":"Talent_Name-10076","desc":"Talent_Desc-10076","icon":"10076","quality":6,"level":"1|100","type":8,"firAttributeRan":"0|0|0|1|0|-1|0|0|0|0|1|1|1|1|1|1|0|0|0|0|0|0|0|0|0|0|0|0","primAttack":"204|227","primHP":"1360|1511","primDenfence":"34|38","primSpeed":"24|27","stun":"1425|1500","criticalHit":"1425|1500","doubleAttack":"1425|1500","dodge":"1425|1500","attackBack":"1425|1500","lifeSteal":"1425|1500","reStun":"45|50","reCriticalHit":"45|50","reDoubleAttack":"45|50","reDodge":"45|50","reAttackBack":"45|50","reLifeSteal":"45|50","addDamage":"0|0","minusDamage":"0|0","addCritical":"0|0","minusCritical":"0|0","addHeal":"0|0","minusHeal":"0|0","addPet":"0|0","minusPet":"0|0","weight":100},"10077":{"id":10077,"name":"Talent_Name-10077","desc":"Talent_Desc-10077","icon":"10077","quality":7,"level":"1|100","type":8,"firAttributeRan":"0|0|0|1|0|-1|0|0|0|0|1|1|1|1|1|1|0|0|0|0|0|0|0|0|0|0|0|0","primAttack":"218|242","primHP":"1450|1611","primDenfence":"36|40","primSpeed":"26|29","stun":"1520|1600","criticalHit":"1520|1600","doubleAttack":"1520|1600","dodge":"1520|1600","attackBack":"1520|1600","lifeSteal":"1520|1600","reStun":"56|63","reCriticalHit":"56|63","reDoubleAttack":"56|63","reDodge":"56|63","reAttackBack":"56|63","reLifeSteal":"56|63","addDamage":"0|0","minusDamage":"0|0","addCritical":"0|0","minusCritical":"0|0","addHeal":"0|0","minusHeal":"0|0","addPet":"0|0","minusPet":"0|0","weight":100},"10078":{"id":10078,"name":"Talent_Name-10078","desc":"Talent_Desc-10078","icon":"10078","quality":8,"level":"1|100","type":8,"firAttributeRan":"0|0|0|1|0|-1|0|0|0|0|1|1|1|1|1|1|0|0|0|0|0|0|0|0|0|0|0|0","primAttack":"231|257","primHP":"1541|1712","primDenfence":"39|43","primSpeed":"28|31","stun":"1615|1700","criticalHit":"1615|1700","doubleAttack":"1615|1700","dodge":"1615|1700","attackBack":"1615|1700","lifeSteal":"1615|1700","reStun":"68|75","reCriticalHit":"68|75","reDoubleAttack":"68|75","reDodge":"68|75","reAttackBack":"68|75","reLifeSteal":"68|75","addDamage":"0|0","minusDamage":"0|0","addCritical":"0|0","minusCritical":"0|0","addHeal":"0|0","minusHeal":"0|0","addPet":"0|0","minusPet":"0|0","weight":100},"10079":{"id":10079,"name":"Talent_Name-10079","desc":"Talent_Desc-10079","icon":"10079","quality":9,"level":"1|100","type":8,"firAttributeRan":"0|0|0|1|0|-1|0|0|0|0|1|1|1|1|1|1|0|0|0|0|0|0|0|0|0|0|0|0","primAttack":"245|272","primHP":"1632|1813","primDenfence":"41|45","primSpeed":"29|32","stun":"1710|1800","criticalHit":"1710|1800","doubleAttack":"1710|1800","dodge":"1710|1800","attackBack":"1710|1800","lifeSteal":"1710|1800","reStun":"79|88","reCriticalHit":"79|88","reDoubleAttack":"79|88","reDodge":"79|88","reAttackBack":"79|88","reLifeSteal":"79|88","addDamage":"0|0","minusDamage":"0|0","addCritical":"0|0","minusCritical":"0|0","addHeal":"0|0","minusHeal":"0|0","addPet":"0|0","minusPet":"0|0","weight":100},"10080":{"id":10080,"name":"Talent_Name-10080","desc":"Talent_Desc-10080","icon":"10080","quality":10,"level":"1|100","type":8,"firAttributeRan":"0|0|0|1|0|-1|0|0|0|0|1|1|1|1|1|1|0|0|0|0|0|0|0|0|0|0|0|0","primAttack":"258|287","primHP":"1722|1913","primDenfence":"43|48","primSpeed":"31|34","stun":"1805|1900","criticalHit":"1805|1900","doubleAttack":"1805|1900","dodge":"1805|1900","attackBack":"1805|1900","lifeSteal":"1805|1900","reStun":"90|100","reCriticalHit":"90|100","reDoubleAttack":"90|100","reDodge":"90|100","reAttackBack":"90|100","reLifeSteal":"90|100","addDamage":"0|0","minusDamage":"0|0","addCritical":"0|0","minusCritical":"0|0","addHeal":"0|0","minusHeal":"0|0","addPet":"0|0","minusPet":"0|0","weight":100},"10081":{"id":10081,"name":"Talent_Name-10081","desc":"Talent_Desc-10081","icon":"10081","quality":1,"level":"1|100","type":9,"firAttributeRan":"0|0|-1|1|0|0|0|0|0|0|1|1|1|1|1|1|0|0|0|0|0|0|0|0|0|0|0|0","primAttack":"136|151","primHP":"906|1007","primDenfence":"23|25","primSpeed":"16|18","stun":"950|1000","criticalHit":"950|1000","doubleAttack":"950|1000","dodge":"950|1000","attackBack":"950|1000","lifeSteal":"950|1000","reStun":"11|13","reCriticalHit":"11|13","reDoubleAttack":"11|13","reDodge":"11|13","reAttackBack":"11|13","reLifeSteal":"11|13","addDamage":"0|0","minusDamage":"0|0","addCritical":"0|0","minusCritical":"0|0","addHeal":"0|0","minusHeal":"0|0","addPet":"0|0","minusPet":"0|0","weight":100},"10082":{"id":10082,"name":"Talent_Name-10082","desc":"Talent_Desc-10082","icon":"10082","quality":2,"level":"1|100","type":9,"firAttributeRan":"0|0|-1|1|0|0|0|0|0|0|1|1|1|1|1|1|0|0|0|0|0|0|0|0|0|0|0|0","primAttack":"149|166","primHP":"997|1108","primDenfence":"25|28","primSpeed":"18|20","stun":"1045|1100","criticalHit":"1045|1100","doubleAttack":"1045|1100","dodge":"1045|1100","attackBack":"1045|1100","lifeSteal":"1045|1100","reStun":"14|15","reCriticalHit":"14|15","reDoubleAttack":"14|15","reDodge":"14|15","reAttackBack":"14|15","reLifeSteal":"14|15","addDamage":"0|0","minusDamage":"0|0","addCritical":"0|0","minusCritical":"0|0","addHeal":"0|0","minusHeal":"0|0","addPet":"0|0","minusPet":"0|0","weight":100},"10083":{"id":10083,"name":"Talent_Name-10083","desc":"Talent_Desc-10083","icon":"10083","quality":3,"level":"1|100","type":9,"firAttributeRan":"0|0|-1|1|0|0|0|0|0|0|1|1|1|1|1|1|0|0|0|0|0|0|0|0|0|0|0|0","primAttack":"163|181","primHP":"1087|1208","primDenfence":"27|30","primSpeed":"20|22","stun":"1140|1200","criticalHit":"1140|1200","doubleAttack":"1140|1200","dodge":"1140|1200","attackBack":"1140|1200","lifeSteal":"1140|1200","reStun":"16|18","reCriticalHit":"16|18","reDoubleAttack":"16|18","reDodge":"16|18","reAttackBack":"16|18","reLifeSteal":"16|18","addDamage":"0|0","minusDamage":"0|0","addCritical":"0|0","minusCritical":"0|0","addHeal":"0|0","minusHeal":"0|0","addPet":"0|0","minusPet":"0|0","weight":100},"10084":{"id":10084,"name":"Talent_Name-10084","desc":"Talent_Desc-10084","icon":"10084","quality":4,"level":"1|100","type":9,"firAttributeRan":"0|0|-1|1|0|0|0|0|0|0|1|1|1|1|1|1|0|0|0|0|0|0|0|0|0|0|0|0","primAttack":"176|196","primHP":"1178|1309","primDenfence":"30|33","primSpeed":"21|23","stun":"1235|1300","criticalHit":"1235|1300","doubleAttack":"1235|1300","dodge":"1235|1300","attackBack":"1235|1300","lifeSteal":"1235|1300","reStun":"23|25","reCriticalHit":"23|25","reDoubleAttack":"23|25","reDodge":"23|25","reAttackBack":"23|25","reLifeSteal":"23|25","addDamage":"0|0","minusDamage":"0|0","addCritical":"0|0","minusCritical":"0|0","addHeal":"0|0","minusHeal":"0|0","addPet":"0|0","minusPet":"0|0","weight":100},"10085":{"id":10085,"name":"Talent_Name-10085","desc":"Talent_Desc-10085","icon":"10085","quality":5,"level":"1|100","type":9,"firAttributeRan":"0|0|-1|1|0|0|0|0|0|0|1|1|1|1|1|1|0|0|0|0|0|0|0|0|0|0|0|0","primAttack":"190|211","primHP":"1269|1410","primDenfence":"32|35","primSpeed":"23|25","stun":"1330|1400","criticalHit":"1330|1400","doubleAttack":"1330|1400","dodge":"1330|1400","attackBack":"1330|1400","lifeSteal":"1330|1400","reStun":"34|38","reCriticalHit":"34|38","reDoubleAttack":"34|38","reDodge":"34|38","reAttackBack":"34|38","reLifeSteal":"34|38","addDamage":"0|0","minusDamage":"0|0","addCritical":"0|0","minusCritical":"0|0","addHeal":"0|0","minusHeal":"0|0","addPet":"0|0","minusPet":"0|0","weight":100},"10086":{"id":10086,"name":"Talent_Name-10086","desc":"Talent_Desc-10086","icon":"10086","quality":6,"level":"1|100","type":9,"firAttributeRan":"0|0|-1|1|0|0|0|0|0|0|1|1|1|1|1|1|0|0|0|0|0|0|0|0|0|0|0|0","primAttack":"204|227","primHP":"1360|1511","primDenfence":"34|38","primSpeed":"24|27","stun":"1425|1500","criticalHit":"1425|1500","doubleAttack":"1425|1500","dodge":"1425|1500","attackBack":"1425|1500","lifeSteal":"1425|1500","reStun":"45|50","reCriticalHit":"45|50","reDoubleAttack":"45|50","reDodge":"45|50","reAttackBack":"45|50","reLifeSteal":"45|50","addDamage":"0|0","minusDamage":"0|0","addCritical":"0|0","minusCritical":"0|0","addHeal":"0|0","minusHeal":"0|0","addPet":"0|0","minusPet":"0|0","weight":100},"10087":{"id":10087,"name":"Talent_Name-10087","desc":"Talent_Desc-10087","icon":"10087","quality":7,"level":"1|100","type":9,"firAttributeRan":"0|0|-1|1|0|0|0|0|0|0|1|1|1|1|1|1|0|0|0|0|0|0|0|0|0|0|0|0","primAttack":"218|242","primHP":"1450|1611","primDenfence":"36|40","primSpeed":"26|29","stun":"1520|1600","criticalHit":"1520|1600","doubleAttack":"1520|1600","dodge":"1520|1600","attackBack":"1520|1600","lifeSteal":"1520|1600","reStun":"56|63","reCriticalHit":"56|63","reDoubleAttack":"56|63","reDodge":"56|63","reAttackBack":"56|63","reLifeSteal":"56|63","addDamage":"0|0","minusDamage":"0|0","addCritical":"0|0","minusCritical":"0|0","addHeal":"0|0","minusHeal":"0|0","addPet":"0|0","minusPet":"0|0","weight":100},"10088":{"id":10088,"name":"Talent_Name-10088","desc":"Talent_Desc-10088","icon":"10088","quality":8,"level":"1|100","type":9,"firAttributeRan":"0|0|-1|1|0|0|0|0|0|0|1|1|1|1|1|1|0|0|0|0|0|0|0|0|0|0|0|0","primAttack":"231|257","primHP":"1541|1712","primDenfence":"39|43","primSpeed":"28|31","stun":"1615|1700","criticalHit":"1615|1700","doubleAttack":"1615|1700","dodge":"1615|1700","attackBack":"1615|1700","lifeSteal":"1615|1700","reStun":"68|75","reCriticalHit":"68|75","reDoubleAttack":"68|75","reDodge":"68|75","reAttackBack":"68|75","reLifeSteal":"68|75","addDamage":"0|0","minusDamage":"0|0","addCritical":"0|0","minusCritical":"0|0","addHeal":"0|0","minusHeal":"0|0","addPet":"0|0","minusPet":"0|0","weight":100},"10089":{"id":10089,"name":"Talent_Name-10089","desc":"Talent_Desc-10089","icon":"10089","quality":9,"level":"1|100","type":9,"firAttributeRan":"0|0|-1|1|0|0|0|0|0|0|1|1|1|1|1|1|0|0|0|0|0|0|0|0|0|0|0|0","primAttack":"245|272","primHP":"1632|1813","primDenfence":"41|45","primSpeed":"29|32","stun":"1710|1800","criticalHit":"1710|1800","doubleAttack":"1710|1800","dodge":"1710|1800","attackBack":"1710|1800","lifeSteal":"1710|1800","reStun":"79|88","reCriticalHit":"79|88","reDoubleAttack":"79|88","reDodge":"79|88","reAttackBack":"79|88","reLifeSteal":"79|88","addDamage":"0|0","minusDamage":"0|0","addCritical":"0|0","minusCritical":"0|0","addHeal":"0|0","minusHeal":"0|0","addPet":"0|0","minusPet":"0|0","weight":100},"10090":{"id":10090,"name":"Talent_Name-10090","desc":"Talent_Desc-10090","icon":"10090","quality":10,"level":"1|100","type":9,"firAttributeRan":"0|0|-1|1|0|0|0|0|0|0|1|1|1|1|1|1|0|0|0|0|0|0|0|0|0|0|0|0","primAttack":"258|287","primHP":"1722|1913","primDenfence":"43|48","primSpeed":"31|34","stun":"1805|1900","criticalHit":"1805|1900","doubleAttack":"1805|1900","dodge":"1805|1900","attackBack":"1805|1900","lifeSteal":"1805|1900","reStun":"90|100","reCriticalHit":"90|100","reDoubleAttack":"90|100","reDodge":"90|100","reAttackBack":"90|100","reLifeSteal":"90|100","addDamage":"0|0","minusDamage":"0|0","addCritical":"0|0","minusCritical":"0|0","addHeal":"0|0","minusHeal":"0|0","addPet":"0|0","minusPet":"0|0","weight":100},"10091":{"id":10091,"name":"Talent_Name-10091","desc":"Talent_Desc-10091","icon":"10091","quality":1,"level":"1|100","type":10,"firAttributeRan":"0|0|0|1|0|0|0|-1|0|0|1|1|1|1|1|1|0|0|0|0|0|0|0|0|0|0|0|0","primAttack":"136|151","primHP":"906|1007","primDenfence":"23|25","primSpeed":"16|18","stun":"950|1000","criticalHit":"950|1000","doubleAttack":"950|1000","dodge":"950|1000","attackBack":"950|1000","lifeSteal":"950|1000","reStun":"11|13","reCriticalHit":"11|13","reDoubleAttack":"11|13","reDodge":"11|13","reAttackBack":"11|13","reLifeSteal":"11|13","addDamage":"0|0","minusDamage":"0|0","addCritical":"0|0","minusCritical":"0|0","addHeal":"0|0","minusHeal":"0|0","addPet":"0|0","minusPet":"0|0","weight":100},"10092":{"id":10092,"name":"Talent_Name-10092","desc":"Talent_Desc-10092","icon":"10092","quality":2,"level":"1|100","type":10,"firAttributeRan":"0|0|0|1|0|0|0|-1|0|0|1|1|1|1|1|1|0|0|0|0|0|0|0|0|0|0|0|0","primAttack":"149|166","primHP":"997|1108","primDenfence":"25|28","primSpeed":"18|20","stun":"1045|1100","criticalHit":"1045|1100","doubleAttack":"1045|1100","dodge":"1045|1100","attackBack":"1045|1100","lifeSteal":"1045|1100","reStun":"14|15","reCriticalHit":"14|15","reDoubleAttack":"14|15","reDodge":"14|15","reAttackBack":"14|15","reLifeSteal":"14|15","addDamage":"0|0","minusDamage":"0|0","addCritical":"0|0","minusCritical":"0|0","addHeal":"0|0","minusHeal":"0|0","addPet":"0|0","minusPet":"0|0","weight":100},"10093":{"id":10093,"name":"Talent_Name-10093","desc":"Talent_Desc-10093","icon":"10093","quality":3,"level":"1|100","type":10,"firAttributeRan":"0|0|0|1|0|0|0|-1|0|0|1|1|1|1|1|1|0|0|0|0|0|0|0|0|0|0|0|0","primAttack":"163|181","primHP":"1087|1208","primDenfence":"27|30","primSpeed":"20|22","stun":"1140|1200","criticalHit":"1140|1200","doubleAttack":"1140|1200","dodge":"1140|1200","attackBack":"1140|1200","lifeSteal":"1140|1200","reStun":"16|18","reCriticalHit":"16|18","reDoubleAttack":"16|18","reDodge":"16|18","reAttackBack":"16|18","reLifeSteal":"16|18","addDamage":"0|0","minusDamage":"0|0","addCritical":"0|0","minusCritical":"0|0","addHeal":"0|0","minusHeal":"0|0","addPet":"0|0","minusPet":"0|0","weight":100},"10094":{"id":10094,"name":"Talent_Name-10094","desc":"Talent_Desc-10094","icon":"10094","quality":4,"level":"1|100","type":10,"firAttributeRan":"0|0|0|1|0|0|0|-1|0|0|1|1|1|1|1|1|0|0|0|0|0|0|0|0|0|0|0|0","primAttack":"176|196","primHP":"1178|1309","primDenfence":"30|33","primSpeed":"21|23","stun":"1235|1300","criticalHit":"1235|1300","doubleAttack":"1235|1300","dodge":"1235|1300","attackBack":"1235|1300","lifeSteal":"1235|1300","reStun":"23|25","reCriticalHit":"23|25","reDoubleAttack":"23|25","reDodge":"23|25","reAttackBack":"23|25","reLifeSteal":"23|25","addDamage":"0|0","minusDamage":"0|0","addCritical":"0|0","minusCritical":"0|0","addHeal":"0|0","minusHeal":"0|0","addPet":"0|0","minusPet":"0|0","weight":100},"10095":{"id":10095,"name":"Talent_Name-10095","desc":"Talent_Desc-10095","icon":"10095","quality":5,"level":"1|100","type":10,"firAttributeRan":"0|0|0|1|0|0|0|-1|0|0|1|1|1|1|1|1|0|0|0|0|0|0|0|0|0|0|0|0","primAttack":"190|211","primHP":"1269|1410","primDenfence":"32|35","primSpeed":"23|25","stun":"1330|1400","criticalHit":"1330|1400","doubleAttack":"1330|1400","dodge":"1330|1400","attackBack":"1330|1400","lifeSteal":"1330|1400","reStun":"34|38","reCriticalHit":"34|38","reDoubleAttack":"34|38","reDodge":"34|38","reAttackBack":"34|38","reLifeSteal":"34|38","addDamage":"0|0","minusDamage":"0|0","addCritical":"0|0","minusCritical":"0|0","addHeal":"0|0","minusHeal":"0|0","addPet":"0|0","minusPet":"0|0","weight":100},"10096":{"id":10096,"name":"Talent_Name-10096","desc":"Talent_Desc-10096","icon":"10096","quality":6,"level":"1|100","type":10,"firAttributeRan":"0|0|0|1|0|0|0|-1|0|0|1|1|1|1|1|1|0|0|0|0|0|0|0|0|0|0|0|0","primAttack":"204|227","primHP":"1360|1511","primDenfence":"34|38","primSpeed":"24|27","stun":"1425|1500","criticalHit":"1425|1500","doubleAttack":"1425|1500","dodge":"1425|1500","attackBack":"1425|1500","lifeSteal":"1425|1500","reStun":"45|50","reCriticalHit":"45|50","reDoubleAttack":"45|50","reDodge":"45|50","reAttackBack":"45|50","reLifeSteal":"45|50","addDamage":"0|0","minusDamage":"0|0","addCritical":"0|0","minusCritical":"0|0","addHeal":"0|0","minusHeal":"0|0","addPet":"0|0","minusPet":"0|0","weight":100},"10097":{"id":10097,"name":"Talent_Name-10097","desc":"Talent_Desc-10097","icon":"10097","quality":7,"level":"1|100","type":10,"firAttributeRan":"0|0|0|1|0|0|0|-1|0|0|1|1|1|1|1|1|0|0|0|0|0|0|0|0|0|0|0|0","primAttack":"218|242","primHP":"1450|1611","primDenfence":"36|40","primSpeed":"26|29","stun":"1520|1600","criticalHit":"1520|1600","doubleAttack":"1520|1600","dodge":"1520|1600","attackBack":"1520|1600","lifeSteal":"1520|1600","reStun":"56|63","reCriticalHit":"56|63","reDoubleAttack":"56|63","reDodge":"56|63","reAttackBack":"56|63","reLifeSteal":"56|63","addDamage":"0|0","minusDamage":"0|0","addCritical":"0|0","minusCritical":"0|0","addHeal":"0|0","minusHeal":"0|0","addPet":"0|0","minusPet":"0|0","weight":100},"10098":{"id":10098,"name":"Talent_Name-10098","desc":"Talent_Desc-10098","icon":"10098","quality":8,"level":"1|100","type":10,"firAttributeRan":"0|0|0|1|0|0|0|-1|0|0|1|1|1|1|1|1|0|0|0|0|0|0|0|0|0|0|0|0","primAttack":"231|257","primHP":"1541|1712","primDenfence":"39|43","primSpeed":"28|31","stun":"1615|1700","criticalHit":"1615|1700","doubleAttack":"1615|1700","dodge":"1615|1700","attackBack":"1615|1700","lifeSteal":"1615|1700","reStun":"68|75","reCriticalHit":"68|75","reDoubleAttack":"68|75","reDodge":"68|75","reAttackBack":"68|75","reLifeSteal":"68|75","addDamage":"0|0","minusDamage":"0|0","addCritical":"0|0","minusCritical":"0|0","addHeal":"0|0","minusHeal":"0|0","addPet":"0|0","minusPet":"0|0","weight":100},"10099":{"id":10099,"name":"Talent_Name-10099","desc":"Talent_Desc-10099","icon":"10099","quality":9,"level":"1|100","type":10,"firAttributeRan":"0|0|0|1|0|0|0|-1|0|0|1|1|1|1|1|1|0|0|0|0|0|0|0|0|0|0|0|0","primAttack":"245|272","primHP":"1632|1813","primDenfence":"41|45","primSpeed":"29|32","stun":"1710|1800","criticalHit":"1710|1800","doubleAttack":"1710|1800","dodge":"1710|1800","attackBack":"1710|1800","lifeSteal":"1710|1800","reStun":"79|88","reCriticalHit":"79|88","reDoubleAttack":"79|88","reDodge":"79|88","reAttackBack":"79|88","reLifeSteal":"79|88","addDamage":"0|0","minusDamage":"0|0","addCritical":"0|0","minusCritical":"0|0","addHeal":"0|0","minusHeal":"0|0","addPet":"0|0","minusPet":"0|0","weight":100},"10100":{"id":10100,"name":"Talent_Name-10100","desc":"Talent_Desc-10100","icon":"10100","quality":10,"level":"1|100","type":10,"firAttributeRan":"0|0|0|1|0|0|0|-1|0|0|1|1|1|1|1|1|0|0|0|0|0|0|0|0|0|0|0|0","primAttack":"258|287","primHP":"1722|1913","primDenfence":"43|48","primSpeed":"31|34","stun":"1805|1900","criticalHit":"1805|1900","doubleAttack":"1805|1900","dodge":"1805|1900","attackBack":"1805|1900","lifeSteal":"1805|1900","reStun":"90|100","reCriticalHit":"90|100","reDoubleAttack":"90|100","reDodge":"90|100","reAttackBack":"90|100","reLifeSteal":"90|100","addDamage":"0|0","minusDamage":"0|0","addCritical":"0|0","minusCritical":"0|0","addHeal":"0|0","minusHeal":"0|0","addPet":"0|0","minusPet":"0|0","weight":100},"10101":{"id":10101,"name":"Talent_Name-10101","desc":"Talent_Desc-10101","icon":"10101","quality":1,"level":"1|100","type":11,"firAttributeRan":"0|0|-1|1|0|0|0|0|0|0|1|1|1|1|1|1|0|0|0|0|0|0|0|0|0|0|0|0","primAttack":"136|151","primHP":"906|1007","primDenfence":"23|25","primSpeed":"16|18","stun":"950|1000","criticalHit":"950|1000","doubleAttack":"950|1000","dodge":"950|1000","attackBack":"950|1000","lifeSteal":"950|1000","reStun":"11|13","reCriticalHit":"11|13","reDoubleAttack":"11|13","reDodge":"11|13","reAttackBack":"11|13","reLifeSteal":"11|13","addDamage":"0|0","minusDamage":"0|0","addCritical":"0|0","minusCritical":"0|0","addHeal":"0|0","minusHeal":"0|0","addPet":"0|0","minusPet":"0|0","weight":100},"10102":{"id":10102,"name":"Talent_Name-10102","desc":"Talent_Desc-10102","icon":"10102","quality":2,"level":"1|100","type":11,"firAttributeRan":"0|0|-1|1|0|0|0|0|0|0|1|1|1|1|1|1|0|0|0|0|0|0|0|0|0|0|0|0","primAttack":"149|166","primHP":"997|1108","primDenfence":"25|28","primSpeed":"18|20","stun":"1045|1100","criticalHit":"1045|1100","doubleAttack":"1045|1100","dodge":"1045|1100","attackBack":"1045|1100","lifeSteal":"1045|1100","reStun":"14|15","reCriticalHit":"14|15","reDoubleAttack":"14|15","reDodge":"14|15","reAttackBack":"14|15","reLifeSteal":"14|15","addDamage":"0|0","minusDamage":"0|0","addCritical":"0|0","minusCritical":"0|0","addHeal":"0|0","minusHeal":"0|0","addPet":"0|0","minusPet":"0|0","weight":100},"10103":{"id":10103,"name":"Talent_Name-10103","desc":"Talent_Desc-10103","icon":"10103","quality":3,"level":"1|100","type":11,"firAttributeRan":"0|0|-1|1|0|0|0|0|0|0|1|1|1|1|1|1|0|0|0|0|0|0|0|0|0|0|0|0","primAttack":"163|181","primHP":"1087|1208","primDenfence":"27|30","primSpeed":"20|22","stun":"1140|1200","criticalHit":"1140|1200","doubleAttack":"1140|1200","dodge":"1140|1200","attackBack":"1140|1200","lifeSteal":"1140|1200","reStun":"16|18","reCriticalHit":"16|18","reDoubleAttack":"16|18","reDodge":"16|18","reAttackBack":"16|18","reLifeSteal":"16|18","addDamage":"0|0","minusDamage":"0|0","addCritical":"0|0","minusCritical":"0|0","addHeal":"0|0","minusHeal":"0|0","addPet":"0|0","minusPet":"0|0","weight":100},"10104":{"id":10104,"name":"Talent_Name-10104","desc":"Talent_Desc-10104","icon":"10104","quality":4,"level":"1|100","type":11,"firAttributeRan":"0|0|-1|1|0|0|0|0|0|0|1|1|1|1|1|1|0|0|0|0|0|0|0|0|0|0|0|0","primAttack":"176|196","primHP":"1178|1309","primDenfence":"30|33","primSpeed":"21|23","stun":"1235|1300","criticalHit":"1235|1300","doubleAttack":"1235|1300","dodge":"1235|1300","attackBack":"1235|1300","lifeSteal":"1235|1300","reStun":"23|25","reCriticalHit":"23|25","reDoubleAttack":"23|25","reDodge":"23|25","reAttackBack":"23|25","reLifeSteal":"23|25","addDamage":"0|0","minusDamage":"0|0","addCritical":"0|0","minusCritical":"0|0","addHeal":"0|0","minusHeal":"0|0","addPet":"0|0","minusPet":"0|0","weight":100},"10105":{"id":10105,"name":"Talent_Name-10105","desc":"Talent_Desc-10105","icon":"10105","quality":5,"level":"1|100","type":11,"firAttributeRan":"0|0|-1|1|0|0|0|0|0|0|1|1|1|1|1|1|0|0|0|0|0|0|0|0|0|0|0|0","primAttack":"190|211","primHP":"1269|1410","primDenfence":"32|35","primSpeed":"23|25","stun":"1330|1400","criticalHit":"1330|1400","doubleAttack":"1330|1400","dodge":"1330|1400","attackBack":"1330|1400","lifeSteal":"1330|1400","reStun":"34|38","reCriticalHit":"34|38","reDoubleAttack":"34|38","reDodge":"34|38","reAttackBack":"34|38","reLifeSteal":"34|38","addDamage":"0|0","minusDamage":"0|0","addCritical":"0|0","minusCritical":"0|0","addHeal":"0|0","minusHeal":"0|0","addPet":"0|0","minusPet":"0|0","weight":100},"10106":{"id":10106,"name":"Talent_Name-10106","desc":"Talent_Desc-10106","icon":"10106","quality":6,"level":"1|100","type":11,"firAttributeRan":"0|0|-1|1|0|0|0|0|0|0|1|1|1|1|1|1|0|0|0|0|0|0|0|0|0|0|0|0","primAttack":"204|227","primHP":"1360|1511","primDenfence":"34|38","primSpeed":"24|27","stun":"1425|1500","criticalHit":"1425|1500","doubleAttack":"1425|1500","dodge":"1425|1500","attackBack":"1425|1500","lifeSteal":"1425|1500","reStun":"45|50","reCriticalHit":"45|50","reDoubleAttack":"45|50","reDodge":"45|50","reAttackBack":"45|50","reLifeSteal":"45|50","addDamage":"0|0","minusDamage":"0|0","addCritical":"0|0","minusCritical":"0|0","addHeal":"0|0","minusHeal":"0|0","addPet":"0|0","minusPet":"0|0","weight":100},"10107":{"id":10107,"name":"Talent_Name-10107","desc":"Talent_Desc-10107","icon":"10107","quality":7,"level":"1|100","type":11,"firAttributeRan":"0|0|-1|1|0|0|0|0|0|0|1|1|1|1|1|1|0|0|0|0|0|0|0|0|0|0|0|0","primAttack":"218|242","primHP":"1450|1611","primDenfence":"36|40","primSpeed":"26|29","stun":"1520|1600","criticalHit":"1520|1600","doubleAttack":"1520|1600","dodge":"1520|1600","attackBack":"1520|1600","lifeSteal":"1520|1600","reStun":"56|63","reCriticalHit":"56|63","reDoubleAttack":"56|63","reDodge":"56|63","reAttackBack":"56|63","reLifeSteal":"56|63","addDamage":"0|0","minusDamage":"0|0","addCritical":"0|0","minusCritical":"0|0","addHeal":"0|0","minusHeal":"0|0","addPet":"0|0","minusPet":"0|0","weight":100},"10108":{"id":10108,"name":"Talent_Name-10108","desc":"Talent_Desc-10108","icon":"10108","quality":8,"level":"1|100","type":11,"firAttributeRan":"0|0|-1|1|0|0|0|0|0|0|1|1|1|1|1|1|0|0|0|0|0|0|0|0|0|0|0|0","primAttack":"231|257","primHP":"1541|1712","primDenfence":"39|43","primSpeed":"28|31","stun":"1615|1700","criticalHit":"1615|1700","doubleAttack":"1615|1700","dodge":"1615|1700","attackBack":"1615|1700","lifeSteal":"1615|1700","reStun":"68|75","reCriticalHit":"68|75","reDoubleAttack":"68|75","reDodge":"68|75","reAttackBack":"68|75","reLifeSteal":"68|75","addDamage":"0|0","minusDamage":"0|0","addCritical":"0|0","minusCritical":"0|0","addHeal":"0|0","minusHeal":"0|0","addPet":"0|0","minusPet":"0|0","weight":100},"10109":{"id":10109,"name":"Talent_Name-10109","desc":"Talent_Desc-10109","icon":"10109","quality":9,"level":"1|100","type":11,"firAttributeRan":"0|0|-1|1|0|0|0|0|0|0|1|1|1|1|1|1|0|0|0|0|0|0|0|0|0|0|0|0","primAttack":"245|272","primHP":"1632|1813","primDenfence":"41|45","primSpeed":"29|32","stun":"1710|1800","criticalHit":"1710|1800","doubleAttack":"1710|1800","dodge":"1710|1800","attackBack":"1710|1800","lifeSteal":"1710|1800","reStun":"79|88","reCriticalHit":"79|88","reDoubleAttack":"79|88","reDodge":"79|88","reAttackBack":"79|88","reLifeSteal":"79|88","addDamage":"0|0","minusDamage":"0|0","addCritical":"0|0","minusCritical":"0|0","addHeal":"0|0","minusHeal":"0|0","addPet":"0|0","minusPet":"0|0","weight":100},"10110":{"id":10110,"name":"Talent_Name-10110","desc":"Talent_Desc-10110","icon":"10110","quality":10,"level":"1|100","type":11,"firAttributeRan":"0|0|-1|1|0|0|0|0|0|0|1|1|1|1|1|1|0|0|0|0|0|0|0|0|0|0|0|0","primAttack":"258|287","primHP":"1722|1913","primDenfence":"43|48","primSpeed":"31|34","stun":"1805|1900","criticalHit":"1805|1900","doubleAttack":"1805|1900","dodge":"1805|1900","attackBack":"1805|1900","lifeSteal":"1805|1900","reStun":"90|100","reCriticalHit":"90|100","reDoubleAttack":"90|100","reDodge":"90|100","reAttackBack":"90|100","reLifeSteal":"90|100","addDamage":"0|0","minusDamage":"0|0","addCritical":"0|0","minusCritical":"0|0","addHeal":"0|0","minusHeal":"0|0","addPet":"0|0","minusPet":"0|0","weight":100},"10111":{"id":10111,"name":"Talent_Name-10111","desc":"Talent_Desc-10111","icon":"10111","quality":1,"level":"1|100","type":12,"firAttributeRan":"0|0|0|1|0|0|0|0|0|-1|1|1|1|1|1|1|0|0|0|0|0|0|0|0|0|0|0|0","primAttack":"136|151","primHP":"906|1007","primDenfence":"23|25","primSpeed":"16|18","stun":"950|1000","criticalHit":"950|1000","doubleAttack":"950|1000","dodge":"950|1000","attackBack":"950|1000","lifeSteal":"950|1000","reStun":"11|13","reCriticalHit":"11|13","reDoubleAttack":"11|13","reDodge":"11|13","reAttackBack":"11|13","reLifeSteal":"11|13","addDamage":"0|0","minusDamage":"0|0","addCritical":"0|0","minusCritical":"0|0","addHeal":"0|0","minusHeal":"0|0","addPet":"0|0","minusPet":"0|0","weight":100},"10112":{"id":10112,"name":"Talent_Name-10112","desc":"Talent_Desc-10112","icon":"10112","quality":2,"level":"1|100","type":12,"firAttributeRan":"0|0|0|1|0|0|0|0|0|-1|1|1|1|1|1|1|0|0|0|0|0|0|0|0|0|0|0|0","primAttack":"149|166","primHP":"997|1108","primDenfence":"25|28","primSpeed":"18|20","stun":"1045|1100","criticalHit":"1045|1100","doubleAttack":"1045|1100","dodge":"1045|1100","attackBack":"1045|1100","lifeSteal":"1045|1100","reStun":"14|15","reCriticalHit":"14|15","reDoubleAttack":"14|15","reDodge":"14|15","reAttackBack":"14|15","reLifeSteal":"14|15","addDamage":"0|0","minusDamage":"0|0","addCritical":"0|0","minusCritical":"0|0","addHeal":"0|0","minusHeal":"0|0","addPet":"0|0","minusPet":"0|0","weight":100},"10113":{"id":10113,"name":"Talent_Name-10113","desc":"Talent_Desc-10113","icon":"10113","quality":3,"level":"1|100","type":12,"firAttributeRan":"0|0|0|1|0|0|0|0|0|-1|1|1|1|1|1|1|0|0|0|0|0|0|0|0|0|0|0|0","primAttack":"163|181","primHP":"1087|1208","primDenfence":"27|30","primSpeed":"20|22","stun":"1140|1200","criticalHit":"1140|1200","doubleAttack":"1140|1200","dodge":"1140|1200","attackBack":"1140|1200","lifeSteal":"1140|1200","reStun":"16|18","reCriticalHit":"16|18","reDoubleAttack":"16|18","reDodge":"16|18","reAttackBack":"16|18","reLifeSteal":"16|18","addDamage":"0|0","minusDamage":"0|0","addCritical":"0|0","minusCritical":"0|0","addHeal":"0|0","minusHeal":"0|0","addPet":"0|0","minusPet":"0|0","weight":100},"10114":{"id":10114,"name":"Talent_Name-10114","desc":"Talent_Desc-10114","icon":"10114","quality":4,"level":"1|100","type":12,"firAttributeRan":"0|0|0|1|0|0|0|0|0|-1|1|1|1|1|1|1|0|0|0|0|0|0|0|0|0|0|0|0","primAttack":"176|196","primHP":"1178|1309","primDenfence":"30|33","primSpeed":"21|23","stun":"1235|1300","criticalHit":"1235|1300","doubleAttack":"1235|1300","dodge":"1235|1300","attackBack":"1235|1300","lifeSteal":"1235|1300","reStun":"23|25","reCriticalHit":"23|25","reDoubleAttack":"23|25","reDodge":"23|25","reAttackBack":"23|25","reLifeSteal":"23|25","addDamage":"0|0","minusDamage":"0|0","addCritical":"0|0","minusCritical":"0|0","addHeal":"0|0","minusHeal":"0|0","addPet":"0|0","minusPet":"0|0","weight":100},"10115":{"id":10115,"name":"Talent_Name-10115","desc":"Talent_Desc-10115","icon":"10115","quality":5,"level":"1|100","type":12,"firAttributeRan":"0|0|0|1|0|0|0|0|0|-1|1|1|1|1|1|1|0|0|0|0|0|0|0|0|0|0|0|0","primAttack":"190|211","primHP":"1269|1410","primDenfence":"32|35","primSpeed":"23|25","stun":"1330|1400","criticalHit":"1330|1400","doubleAttack":"1330|1400","dodge":"1330|1400","attackBack":"1330|1400","lifeSteal":"1330|1400","reStun":"34|38","reCriticalHit":"34|38","reDoubleAttack":"34|38","reDodge":"34|38","reAttackBack":"34|38","reLifeSteal":"34|38","addDamage":"0|0","minusDamage":"0|0","addCritical":"0|0","minusCritical":"0|0","addHeal":"0|0","minusHeal":"0|0","addPet":"0|0","minusPet":"0|0","weight":100},"10116":{"id":10116,"name":"Talent_Name-10116","desc":"Talent_Desc-10116","icon":"10116","quality":6,"level":"1|100","type":12,"firAttributeRan":"0|0|0|1|0|0|0|0|0|-1|1|1|1|1|1|1|0|0|0|0|0|0|0|0|0|0|0|0","primAttack":"204|227","primHP":"1360|1511","primDenfence":"34|38","primSpeed":"24|27","stun":"1425|1500","criticalHit":"1425|1500","doubleAttack":"1425|1500","dodge":"1425|1500","attackBack":"1425|1500","lifeSteal":"1425|1500","reStun":"45|50","reCriticalHit":"45|50","reDoubleAttack":"45|50","reDodge":"45|50","reAttackBack":"45|50","reLifeSteal":"45|50","addDamage":"0|0","minusDamage":"0|0","addCritical":"0|0","minusCritical":"0|0","addHeal":"0|0","minusHeal":"0|0","addPet":"0|0","minusPet":"0|0","weight":100},"10117":{"id":10117,"name":"Talent_Name-10117","desc":"Talent_Desc-10117","icon":"10117","quality":7,"level":"1|100","type":12,"firAttributeRan":"0|0|0|1|0|0|0|0|0|-1|1|1|1|1|1|1|0|0|0|0|0|0|0|0|0|0|0|0","primAttack":"218|242","primHP":"1450|1611","primDenfence":"36|40","primSpeed":"26|29","stun":"1520|1600","criticalHit":"1520|1600","doubleAttack":"1520|1600","dodge":"1520|1600","attackBack":"1520|1600","lifeSteal":"1520|1600","reStun":"56|63","reCriticalHit":"56|63","reDoubleAttack":"56|63","reDodge":"56|63","reAttackBack":"56|63","reLifeSteal":"56|63","addDamage":"0|0","minusDamage":"0|0","addCritical":"0|0","minusCritical":"0|0","addHeal":"0|0","minusHeal":"0|0","addPet":"0|0","minusPet":"0|0","weight":100},"10118":{"id":10118,"name":"Talent_Name-10118","desc":"Talent_Desc-10118","icon":"10118","quality":8,"level":"1|100","type":12,"firAttributeRan":"0|0|0|1|0|0|0|0|0|-1|1|1|1|1|1|1|0|0|0|0|0|0|0|0|0|0|0|0","primAttack":"231|257","primHP":"1541|1712","primDenfence":"39|43","primSpeed":"28|31","stun":"1615|1700","criticalHit":"1615|1700","doubleAttack":"1615|1700","dodge":"1615|1700","attackBack":"1615|1700","lifeSteal":"1615|1700","reStun":"68|75","reCriticalHit":"68|75","reDoubleAttack":"68|75","reDodge":"68|75","reAttackBack":"68|75","reLifeSteal":"68|75","addDamage":"0|0","minusDamage":"0|0","addCritical":"0|0","minusCritical":"0|0","addHeal":"0|0","minusHeal":"0|0","addPet":"0|0","minusPet":"0|0","weight":100},"10119":{"id":10119,"name":"Talent_Name-10119","desc":"Talent_Desc-10119","icon":"10119","quality":9,"level":"1|100","type":12,"firAttributeRan":"0|0|0|1|0|0|0|0|0|-1|1|1|1|1|1|1|0|0|0|0|0|0|0|0|0|0|0|0","primAttack":"245|272","primHP":"1632|1813","primDenfence":"41|45","primSpeed":"29|32","stun":"1710|1800","criticalHit":"1710|1800","doubleAttack":"1710|1800","dodge":"1710|1800","attackBack":"1710|1800","lifeSteal":"1710|1800","reStun":"79|88","reCriticalHit":"79|88","reDoubleAttack":"79|88","reDodge":"79|88","reAttackBack":"79|88","reLifeSteal":"79|88","addDamage":"0|0","minusDamage":"0|0","addCritical":"0|0","minusCritical":"0|0","addHeal":"0|0","minusHeal":"0|0","addPet":"0|0","minusPet":"0|0","weight":100},"10120":{"id":10120,"name":"Talent_Name-10120","desc":"Talent_Desc-10120","icon":"10120","quality":10,"level":"1|100","type":12,"firAttributeRan":"0|0|0|1|0|0|0|0|0|-1|1|1|1|1|1|1|0|0|0|0|0|0|0|0|0|0|0|0","primAttack":"258|287","primHP":"1722|1913","primDenfence":"43|48","primSpeed":"31|34","stun":"1805|1900","criticalHit":"1805|1900","doubleAttack":"1805|1900","dodge":"1805|1900","attackBack":"1805|1900","lifeSteal":"1805|1900","reStun":"90|100","reCriticalHit":"90|100","reDoubleAttack":"90|100","reDodge":"90|100","reAttackBack":"90|100","reLifeSteal":"90|100","addDamage":"0|0","minusDamage":"0|0","addCritical":"0|0","minusCritical":"0|0","addHeal":"0|0","minusHeal":"0|0","addPet":"0|0","minusPet":"0|0","weight":100}}