{"10001":{"id":10001,"name":"Token_Name-10001","desc":"Token_Desc-10001","icon":"10001","quality":"1","attackBaseAdd":1000,"hpBaseAdd":0,"upgradeType":1,"secAttributeRan":"10;10;10;10;10;10","attackSpeed":"10;100","criticalHit":"10;100","toughness":"15;150","dodge":"10;100","hitRate":"10;150","lifeSteal":"10;50","monsterId":10000,"unlock":"210000=1","refinement":200004,"unlockAttribute":"1|10|30|50|80|100"},"10002":{"id":10002,"name":"Token_Name-10002","desc":"Token_Desc-10002","icon":"10002","quality":"1","attackBaseAdd":0,"hpBaseAdd":1000,"upgradeType":1,"secAttributeRan":"10;10;10;10;10;10","attackSpeed":"10;100","criticalHit":"10;100","toughness":"15;150","dodge":"10;100","hitRate":"10;150","lifeSteal":"10;50","monsterId":10001,"unlock":"210001=1","refinement":200004,"unlockAttribute":"1|10|30|50|80|100"},"10003":{"id":10003,"name":"Token_Name-10003","desc":"Token_Desc-10003","icon":"10003","quality":"2","attackBaseAdd":600,"hpBaseAdd":600,"upgradeType":1,"secAttributeRan":"10;10;10;10;10;10","attackSpeed":"10;100","criticalHit":"10;100","toughness":"15;150","dodge":"10;100","hitRate":"10;150","lifeSteal":"10;50","monsterId":10002,"unlock":"210002=1","refinement":200004,"unlockAttribute":"1|10|30|50|80|100"},"10004":{"id":10004,"name":"Token_Name-10004","desc":"Token_Desc-10004","icon":"10004","quality":"2","attackBaseAdd":1000,"hpBaseAdd":0,"upgradeType":2,"secAttributeRan":"10;10;10;10;10;10","attackSpeed":"10;100","criticalHit":"10;100","toughness":"15;150","dodge":"10;100","hitRate":"10;150","lifeSteal":"10;50","monsterId":10003,"unlock":"210003=1","refinement":200004,"unlockAttribute":"1|10|30|50|80|100"},"10005":{"id":10005,"name":"Token_Name-10005","desc":"Token_Desc-10005","icon":"10005","quality":"2","attackBaseAdd":0,"hpBaseAdd":1000,"upgradeType":2,"secAttributeRan":"10;10;10;10;10;10","attackSpeed":"10;100","criticalHit":"10;100","toughness":"15;150","dodge":"10;100","hitRate":"10;150","lifeSteal":"10;50","monsterId":10004,"unlock":"210004=1","refinement":200004,"unlockAttribute":"1|10|30|50|80|100"},"10006":{"id":10006,"name":"Token_Name-10006","desc":"Token_Desc-10006","icon":"10006","quality":"3","attackBaseAdd":600,"hpBaseAdd":600,"upgradeType":2,"secAttributeRan":"10;10;10;10;10;10","attackSpeed":"10;100","criticalHit":"10;100","toughness":"15;150","dodge":"10;100","hitRate":"10;150","lifeSteal":"10;50","monsterId":10005,"unlock":"210005=1","refinement":200004,"unlockAttribute":"1|10|30|50|80|100"},"10007":{"id":10007,"name":"Token_Name-10007","desc":"Token_Desc-10007","icon":"10007","quality":"3","attackBaseAdd":1000,"hpBaseAdd":500,"upgradeType":2,"secAttributeRan":"10;10;10;10;10;10","attackSpeed":"10;100","criticalHit":"10;100","toughness":"15;150","dodge":"10;100","hitRate":"10;150","lifeSteal":"10;50","monsterId":10006,"unlock":"210006=1","refinement":200004,"unlockAttribute":"1|10|30|50|80|100"},"10008":{"id":10008,"name":"Token_Name-10008","desc":"Token_Desc-10008","icon":"10008","quality":"3","attackBaseAdd":500,"hpBaseAdd":1000,"upgradeType":2,"secAttributeRan":"10;10;10;10;10;10","attackSpeed":"10;100","criticalHit":"10;100","toughness":"15;150","dodge":"10;100","hitRate":"10;150","lifeSteal":"10;50","monsterId":10007,"unlock":"210007=1","refinement":200004,"unlockAttribute":"1|10|30|50|80|100"}}