{"1001":{"id":1001,"upgradeType":1,"level":1,"cost":"200003=1","attackAdd":100,"hpAdd":100},"1002":{"id":1002,"upgradeType":1,"level":2,"cost":"200003=2","attackAdd":120,"hpAdd":120},"1003":{"id":1003,"upgradeType":1,"level":3,"cost":"200003=3","attackAdd":140,"hpAdd":140},"1004":{"id":1004,"upgradeType":1,"level":4,"cost":"200003=4","attackAdd":160,"hpAdd":160},"1005":{"id":1005,"upgradeType":1,"level":5,"cost":"200003=5","attackAdd":180,"hpAdd":180},"1006":{"id":1006,"upgradeType":1,"level":6,"cost":"200003=6","attackAdd":200,"hpAdd":200},"1007":{"id":1007,"upgradeType":1,"level":7,"cost":"200003=7","attackAdd":220,"hpAdd":220},"1008":{"id":1008,"upgradeType":1,"level":8,"cost":"200003=8","attackAdd":240,"hpAdd":240},"1009":{"id":1009,"upgradeType":1,"level":9,"cost":"200003=9","attackAdd":260,"hpAdd":260},"1010":{"id":1010,"upgradeType":1,"level":10,"cost":"200003=10","attackAdd":280,"hpAdd":280},"1011":{"id":1011,"upgradeType":1,"level":11,"cost":"200003=11","attackAdd":300,"hpAdd":300},"1012":{"id":1012,"upgradeType":1,"level":12,"cost":"200003=12","attackAdd":320,"hpAdd":320},"1013":{"id":1013,"upgradeType":1,"level":13,"cost":"200003=13","attackAdd":340,"hpAdd":340},"1014":{"id":1014,"upgradeType":1,"level":14,"cost":"200003=14","attackAdd":360,"hpAdd":360},"1015":{"id":1015,"upgradeType":1,"level":15,"cost":"200003=15","attackAdd":380,"hpAdd":380},"1016":{"id":1016,"upgradeType":1,"level":16,"cost":"200003=16","attackAdd":400,"hpAdd":400},"1017":{"id":1017,"upgradeType":1,"level":17,"cost":"200003=17","attackAdd":420,"hpAdd":420},"1018":{"id":1018,"upgradeType":1,"level":18,"cost":"200003=18","attackAdd":440,"hpAdd":440},"1019":{"id":1019,"upgradeType":1,"level":19,"cost":"200003=19","attackAdd":460,"hpAdd":460},"1020":{"id":1020,"upgradeType":1,"level":20,"cost":"200003=20","attackAdd":480,"hpAdd":480},"1021":{"id":1021,"upgradeType":1,"level":21,"cost":"200003=21","attackAdd":500,"hpAdd":500},"1022":{"id":1022,"upgradeType":1,"level":22,"cost":"200003=22","attackAdd":520,"hpAdd":520},"1023":{"id":1023,"upgradeType":1,"level":23,"cost":"200003=23","attackAdd":540,"hpAdd":540},"1024":{"id":1024,"upgradeType":1,"level":24,"cost":"200003=24","attackAdd":560,"hpAdd":560},"1025":{"id":1025,"upgradeType":1,"level":25,"cost":"200003=25","attackAdd":580,"hpAdd":580},"1026":{"id":1026,"upgradeType":1,"level":26,"cost":"200003=26","attackAdd":600,"hpAdd":600},"1027":{"id":1027,"upgradeType":1,"level":27,"cost":"200003=27","attackAdd":620,"hpAdd":620},"1028":{"id":1028,"upgradeType":1,"level":28,"cost":"200003=28","attackAdd":640,"hpAdd":640},"1029":{"id":1029,"upgradeType":1,"level":29,"cost":"200003=29","attackAdd":660,"hpAdd":660},"1030":{"id":1030,"upgradeType":1,"level":30,"cost":"200003=30","attackAdd":680,"hpAdd":680},"1031":{"id":1031,"upgradeType":1,"level":31,"cost":"200003=31","attackAdd":700,"hpAdd":700},"1032":{"id":1032,"upgradeType":1,"level":32,"cost":"200003=32","attackAdd":720,"hpAdd":720},"1033":{"id":1033,"upgradeType":1,"level":33,"cost":"200003=33","attackAdd":740,"hpAdd":740},"1034":{"id":1034,"upgradeType":1,"level":34,"cost":"200003=34","attackAdd":760,"hpAdd":760},"1035":{"id":1035,"upgradeType":1,"level":35,"cost":"200003=35","attackAdd":780,"hpAdd":780},"1036":{"id":1036,"upgradeType":1,"level":36,"cost":"200003=36","attackAdd":800,"hpAdd":800},"1037":{"id":1037,"upgradeType":1,"level":37,"cost":"200003=37","attackAdd":820,"hpAdd":820},"1038":{"id":1038,"upgradeType":1,"level":38,"cost":"200003=38","attackAdd":840,"hpAdd":840},"1039":{"id":1039,"upgradeType":1,"level":39,"cost":"200003=39","attackAdd":860,"hpAdd":860},"1040":{"id":1040,"upgradeType":1,"level":40,"cost":"200003=40","attackAdd":880,"hpAdd":880},"1041":{"id":1041,"upgradeType":1,"level":41,"cost":"200003=41","attackAdd":900,"hpAdd":900},"1042":{"id":1042,"upgradeType":1,"level":42,"cost":"200003=42","attackAdd":920,"hpAdd":920},"1043":{"id":1043,"upgradeType":1,"level":43,"cost":"200003=43","attackAdd":940,"hpAdd":940},"1044":{"id":1044,"upgradeType":1,"level":44,"cost":"200003=44","attackAdd":960,"hpAdd":960},"1045":{"id":1045,"upgradeType":1,"level":45,"cost":"200003=45","attackAdd":980,"hpAdd":980},"1046":{"id":1046,"upgradeType":1,"level":46,"cost":"200003=46","attackAdd":1000,"hpAdd":1000},"1047":{"id":1047,"upgradeType":1,"level":47,"cost":"200003=47","attackAdd":1020,"hpAdd":1020},"1048":{"id":1048,"upgradeType":1,"level":48,"cost":"200003=48","attackAdd":1040,"hpAdd":1040},"1049":{"id":1049,"upgradeType":1,"level":49,"cost":"200003=49","attackAdd":1060,"hpAdd":1060},"1050":{"id":1050,"upgradeType":1,"level":50,"cost":"200003=50","attackAdd":1080,"hpAdd":1080},"1051":{"id":1051,"upgradeType":1,"level":51,"cost":"200003=51","attackAdd":1100,"hpAdd":1100},"1052":{"id":1052,"upgradeType":1,"level":52,"cost":"200003=52","attackAdd":1120,"hpAdd":1120},"1053":{"id":1053,"upgradeType":1,"level":53,"cost":"200003=53","attackAdd":1140,"hpAdd":1140},"1054":{"id":1054,"upgradeType":1,"level":54,"cost":"200003=54","attackAdd":1160,"hpAdd":1160},"1055":{"id":1055,"upgradeType":1,"level":55,"cost":"200003=55","attackAdd":1180,"hpAdd":1180},"1056":{"id":1056,"upgradeType":1,"level":56,"cost":"200003=56","attackAdd":1200,"hpAdd":1200},"1057":{"id":1057,"upgradeType":1,"level":57,"cost":"200003=57","attackAdd":1220,"hpAdd":1220},"1058":{"id":1058,"upgradeType":1,"level":58,"cost":"200003=58","attackAdd":1240,"hpAdd":1240},"1059":{"id":1059,"upgradeType":1,"level":59,"cost":"200003=59","attackAdd":1260,"hpAdd":1260},"1060":{"id":1060,"upgradeType":1,"level":60,"cost":"200003=60","attackAdd":1280,"hpAdd":1280},"1061":{"id":1061,"upgradeType":1,"level":61,"cost":"200003=61","attackAdd":1300,"hpAdd":1300},"1062":{"id":1062,"upgradeType":1,"level":62,"cost":"200003=62","attackAdd":1320,"hpAdd":1320},"1063":{"id":1063,"upgradeType":1,"level":63,"cost":"200003=63","attackAdd":1340,"hpAdd":1340},"1064":{"id":1064,"upgradeType":1,"level":64,"cost":"200003=64","attackAdd":1360,"hpAdd":1360},"1065":{"id":1065,"upgradeType":1,"level":65,"cost":"200003=65","attackAdd":1380,"hpAdd":1380},"1066":{"id":1066,"upgradeType":1,"level":66,"cost":"200003=66","attackAdd":1400,"hpAdd":1400},"1067":{"id":1067,"upgradeType":1,"level":67,"cost":"200003=67","attackAdd":1420,"hpAdd":1420},"1068":{"id":1068,"upgradeType":1,"level":68,"cost":"200003=68","attackAdd":1440,"hpAdd":1440},"1069":{"id":1069,"upgradeType":1,"level":69,"cost":"200003=69","attackAdd":1460,"hpAdd":1460},"1070":{"id":1070,"upgradeType":1,"level":70,"cost":"200003=70","attackAdd":1480,"hpAdd":1480},"1071":{"id":1071,"upgradeType":1,"level":71,"cost":"200003=71","attackAdd":1500,"hpAdd":1500},"1072":{"id":1072,"upgradeType":1,"level":72,"cost":"200003=72","attackAdd":1520,"hpAdd":1520},"1073":{"id":1073,"upgradeType":1,"level":73,"cost":"200003=73","attackAdd":1540,"hpAdd":1540},"1074":{"id":1074,"upgradeType":1,"level":74,"cost":"200003=74","attackAdd":1560,"hpAdd":1560},"1075":{"id":1075,"upgradeType":1,"level":75,"cost":"200003=75","attackAdd":1580,"hpAdd":1580},"1076":{"id":1076,"upgradeType":1,"level":76,"cost":"200003=76","attackAdd":1600,"hpAdd":1600},"1077":{"id":1077,"upgradeType":1,"level":77,"cost":"200003=77","attackAdd":1620,"hpAdd":1620},"1078":{"id":1078,"upgradeType":1,"level":78,"cost":"200003=78","attackAdd":1640,"hpAdd":1640},"1079":{"id":1079,"upgradeType":1,"level":79,"cost":"200003=79","attackAdd":1660,"hpAdd":1660},"1080":{"id":1080,"upgradeType":1,"level":80,"cost":"200003=80","attackAdd":1680,"hpAdd":1680},"1081":{"id":1081,"upgradeType":1,"level":81,"cost":"200003=81","attackAdd":1700,"hpAdd":1700},"1082":{"id":1082,"upgradeType":1,"level":82,"cost":"200003=82","attackAdd":1720,"hpAdd":1720},"1083":{"id":1083,"upgradeType":1,"level":83,"cost":"200003=83","attackAdd":1740,"hpAdd":1740},"1084":{"id":1084,"upgradeType":1,"level":84,"cost":"200003=84","attackAdd":1760,"hpAdd":1760},"1085":{"id":1085,"upgradeType":1,"level":85,"cost":"200003=85","attackAdd":1780,"hpAdd":1780},"1086":{"id":1086,"upgradeType":1,"level":86,"cost":"200003=86","attackAdd":1800,"hpAdd":1800},"1087":{"id":1087,"upgradeType":1,"level":87,"cost":"200003=87","attackAdd":1820,"hpAdd":1820},"1088":{"id":1088,"upgradeType":1,"level":88,"cost":"200003=88","attackAdd":1840,"hpAdd":1840},"1089":{"id":1089,"upgradeType":1,"level":89,"cost":"200003=89","attackAdd":1860,"hpAdd":1860},"1090":{"id":1090,"upgradeType":1,"level":90,"cost":"200003=90","attackAdd":1880,"hpAdd":1880},"1091":{"id":1091,"upgradeType":1,"level":91,"cost":"200003=91","attackAdd":1900,"hpAdd":1900},"1092":{"id":1092,"upgradeType":1,"level":92,"cost":"200003=92","attackAdd":1920,"hpAdd":1920},"1093":{"id":1093,"upgradeType":1,"level":93,"cost":"200003=93","attackAdd":1940,"hpAdd":1940},"1094":{"id":1094,"upgradeType":1,"level":94,"cost":"200003=94","attackAdd":1960,"hpAdd":1960},"1095":{"id":1095,"upgradeType":1,"level":95,"cost":"200003=95","attackAdd":1980,"hpAdd":1980},"1096":{"id":1096,"upgradeType":1,"level":96,"cost":"200003=96","attackAdd":2000,"hpAdd":2000},"1097":{"id":1097,"upgradeType":1,"level":97,"cost":"200003=97","attackAdd":2020,"hpAdd":2020},"1098":{"id":1098,"upgradeType":1,"level":98,"cost":"200003=98","attackAdd":2040,"hpAdd":2040},"1099":{"id":1099,"upgradeType":1,"level":99,"cost":"200003=99","attackAdd":2060,"hpAdd":2060},"1100":{"id":1100,"upgradeType":1,"level":100,"cost":"200003=100","attackAdd":2080,"hpAdd":2080},"2001":{"id":2001,"upgradeType":2,"level":1,"cost":"200003=101","attackAdd":200,"hpAdd":200},"2002":{"id":2002,"upgradeType":2,"level":2,"cost":"200003=102","attackAdd":220,"hpAdd":220},"2003":{"id":2003,"upgradeType":2,"level":3,"cost":"200003=103","attackAdd":240,"hpAdd":240},"2004":{"id":2004,"upgradeType":2,"level":4,"cost":"200003=104","attackAdd":260,"hpAdd":260},"2005":{"id":2005,"upgradeType":2,"level":5,"cost":"200003=105","attackAdd":280,"hpAdd":280},"2006":{"id":2006,"upgradeType":2,"level":6,"cost":"200003=106","attackAdd":300,"hpAdd":300},"2007":{"id":2007,"upgradeType":2,"level":7,"cost":"200003=107","attackAdd":320,"hpAdd":320},"2008":{"id":2008,"upgradeType":2,"level":8,"cost":"200003=108","attackAdd":340,"hpAdd":340},"2009":{"id":2009,"upgradeType":2,"level":9,"cost":"200003=109","attackAdd":360,"hpAdd":360},"2010":{"id":2010,"upgradeType":2,"level":10,"cost":"200003=110","attackAdd":380,"hpAdd":380},"2011":{"id":2011,"upgradeType":2,"level":11,"cost":"200003=111","attackAdd":400,"hpAdd":400},"2012":{"id":2012,"upgradeType":2,"level":12,"cost":"200003=112","attackAdd":420,"hpAdd":420},"2013":{"id":2013,"upgradeType":2,"level":13,"cost":"200003=113","attackAdd":440,"hpAdd":440},"2014":{"id":2014,"upgradeType":2,"level":14,"cost":"200003=114","attackAdd":460,"hpAdd":460},"2015":{"id":2015,"upgradeType":2,"level":15,"cost":"200003=115","attackAdd":480,"hpAdd":480},"2016":{"id":2016,"upgradeType":2,"level":16,"cost":"200003=116","attackAdd":500,"hpAdd":500},"2017":{"id":2017,"upgradeType":2,"level":17,"cost":"200003=117","attackAdd":520,"hpAdd":520},"2018":{"id":2018,"upgradeType":2,"level":18,"cost":"200003=118","attackAdd":540,"hpAdd":540},"2019":{"id":2019,"upgradeType":2,"level":19,"cost":"200003=119","attackAdd":560,"hpAdd":560},"2020":{"id":2020,"upgradeType":2,"level":20,"cost":"200003=120","attackAdd":580,"hpAdd":580},"2021":{"id":2021,"upgradeType":2,"level":21,"cost":"200003=121","attackAdd":600,"hpAdd":600},"2022":{"id":2022,"upgradeType":2,"level":22,"cost":"200003=122","attackAdd":620,"hpAdd":620},"2023":{"id":2023,"upgradeType":2,"level":23,"cost":"200003=123","attackAdd":640,"hpAdd":640},"2024":{"id":2024,"upgradeType":2,"level":24,"cost":"200003=124","attackAdd":660,"hpAdd":660},"2025":{"id":2025,"upgradeType":2,"level":25,"cost":"200003=125","attackAdd":680,"hpAdd":680},"2026":{"id":2026,"upgradeType":2,"level":26,"cost":"200003=126","attackAdd":700,"hpAdd":700},"2027":{"id":2027,"upgradeType":2,"level":27,"cost":"200003=127","attackAdd":720,"hpAdd":720},"2028":{"id":2028,"upgradeType":2,"level":28,"cost":"200003=128","attackAdd":740,"hpAdd":740},"2029":{"id":2029,"upgradeType":2,"level":29,"cost":"200003=129","attackAdd":760,"hpAdd":760},"2030":{"id":2030,"upgradeType":2,"level":30,"cost":"200003=130","attackAdd":780,"hpAdd":780},"2031":{"id":2031,"upgradeType":2,"level":31,"cost":"200003=131","attackAdd":800,"hpAdd":800},"2032":{"id":2032,"upgradeType":2,"level":32,"cost":"200003=132","attackAdd":820,"hpAdd":820},"2033":{"id":2033,"upgradeType":2,"level":33,"cost":"200003=133","attackAdd":840,"hpAdd":840},"2034":{"id":2034,"upgradeType":2,"level":34,"cost":"200003=134","attackAdd":860,"hpAdd":860},"2035":{"id":2035,"upgradeType":2,"level":35,"cost":"200003=135","attackAdd":880,"hpAdd":880},"2036":{"id":2036,"upgradeType":2,"level":36,"cost":"200003=136","attackAdd":900,"hpAdd":900},"2037":{"id":2037,"upgradeType":2,"level":37,"cost":"200003=137","attackAdd":920,"hpAdd":920},"2038":{"id":2038,"upgradeType":2,"level":38,"cost":"200003=138","attackAdd":940,"hpAdd":940},"2039":{"id":2039,"upgradeType":2,"level":39,"cost":"200003=139","attackAdd":960,"hpAdd":960},"2040":{"id":2040,"upgradeType":2,"level":40,"cost":"200003=140","attackAdd":980,"hpAdd":980},"2041":{"id":2041,"upgradeType":2,"level":41,"cost":"200003=141","attackAdd":1000,"hpAdd":1000},"2042":{"id":2042,"upgradeType":2,"level":42,"cost":"200003=142","attackAdd":1020,"hpAdd":1020},"2043":{"id":2043,"upgradeType":2,"level":43,"cost":"200003=143","attackAdd":1040,"hpAdd":1040},"2044":{"id":2044,"upgradeType":2,"level":44,"cost":"200003=144","attackAdd":1060,"hpAdd":1060},"2045":{"id":2045,"upgradeType":2,"level":45,"cost":"200003=145","attackAdd":1080,"hpAdd":1080},"2046":{"id":2046,"upgradeType":2,"level":46,"cost":"200003=146","attackAdd":1100,"hpAdd":1100},"2047":{"id":2047,"upgradeType":2,"level":47,"cost":"200003=147","attackAdd":1120,"hpAdd":1120},"2048":{"id":2048,"upgradeType":2,"level":48,"cost":"200003=148","attackAdd":1140,"hpAdd":1140},"2049":{"id":2049,"upgradeType":2,"level":49,"cost":"200003=149","attackAdd":1160,"hpAdd":1160},"2050":{"id":2050,"upgradeType":2,"level":50,"cost":"200003=150","attackAdd":1180,"hpAdd":1180},"2051":{"id":2051,"upgradeType":2,"level":51,"cost":"200003=151","attackAdd":1200,"hpAdd":1200},"2052":{"id":2052,"upgradeType":2,"level":52,"cost":"200003=152","attackAdd":1220,"hpAdd":1220},"2053":{"id":2053,"upgradeType":2,"level":53,"cost":"200003=153","attackAdd":1240,"hpAdd":1240},"2054":{"id":2054,"upgradeType":2,"level":54,"cost":"200003=154","attackAdd":1260,"hpAdd":1260},"2055":{"id":2055,"upgradeType":2,"level":55,"cost":"200003=155","attackAdd":1280,"hpAdd":1280},"2056":{"id":2056,"upgradeType":2,"level":56,"cost":"200003=156","attackAdd":1300,"hpAdd":1300},"2057":{"id":2057,"upgradeType":2,"level":57,"cost":"200003=157","attackAdd":1320,"hpAdd":1320},"2058":{"id":2058,"upgradeType":2,"level":58,"cost":"200003=158","attackAdd":1340,"hpAdd":1340},"2059":{"id":2059,"upgradeType":2,"level":59,"cost":"200003=159","attackAdd":1360,"hpAdd":1360},"2060":{"id":2060,"upgradeType":2,"level":60,"cost":"200003=160","attackAdd":1380,"hpAdd":1380},"2061":{"id":2061,"upgradeType":2,"level":61,"cost":"200003=161","attackAdd":1400,"hpAdd":1400},"2062":{"id":2062,"upgradeType":2,"level":62,"cost":"200003=162","attackAdd":1420,"hpAdd":1420},"2063":{"id":2063,"upgradeType":2,"level":63,"cost":"200003=163","attackAdd":1440,"hpAdd":1440},"2064":{"id":2064,"upgradeType":2,"level":64,"cost":"200003=164","attackAdd":1460,"hpAdd":1460},"2065":{"id":2065,"upgradeType":2,"level":65,"cost":"200003=165","attackAdd":1480,"hpAdd":1480},"2066":{"id":2066,"upgradeType":2,"level":66,"cost":"200003=166","attackAdd":1500,"hpAdd":1500},"2067":{"id":2067,"upgradeType":2,"level":67,"cost":"200003=167","attackAdd":1520,"hpAdd":1520},"2068":{"id":2068,"upgradeType":2,"level":68,"cost":"200003=168","attackAdd":1540,"hpAdd":1540},"2069":{"id":2069,"upgradeType":2,"level":69,"cost":"200003=169","attackAdd":1560,"hpAdd":1560},"2070":{"id":2070,"upgradeType":2,"level":70,"cost":"200003=170","attackAdd":1580,"hpAdd":1580},"2071":{"id":2071,"upgradeType":2,"level":71,"cost":"200003=171","attackAdd":1600,"hpAdd":1600},"2072":{"id":2072,"upgradeType":2,"level":72,"cost":"200003=172","attackAdd":1620,"hpAdd":1620},"2073":{"id":2073,"upgradeType":2,"level":73,"cost":"200003=173","attackAdd":1640,"hpAdd":1640},"2074":{"id":2074,"upgradeType":2,"level":74,"cost":"200003=174","attackAdd":1660,"hpAdd":1660},"2075":{"id":2075,"upgradeType":2,"level":75,"cost":"200003=175","attackAdd":1680,"hpAdd":1680},"2076":{"id":2076,"upgradeType":2,"level":76,"cost":"200003=176","attackAdd":1700,"hpAdd":1700},"2077":{"id":2077,"upgradeType":2,"level":77,"cost":"200003=177","attackAdd":1720,"hpAdd":1720},"2078":{"id":2078,"upgradeType":2,"level":78,"cost":"200003=178","attackAdd":1740,"hpAdd":1740},"2079":{"id":2079,"upgradeType":2,"level":79,"cost":"200003=179","attackAdd":1760,"hpAdd":1760},"2080":{"id":2080,"upgradeType":2,"level":80,"cost":"200003=180","attackAdd":1780,"hpAdd":1780},"2081":{"id":2081,"upgradeType":2,"level":81,"cost":"200003=181","attackAdd":1800,"hpAdd":1800},"2082":{"id":2082,"upgradeType":2,"level":82,"cost":"200003=182","attackAdd":1820,"hpAdd":1820},"2083":{"id":2083,"upgradeType":2,"level":83,"cost":"200003=183","attackAdd":1840,"hpAdd":1840},"2084":{"id":2084,"upgradeType":2,"level":84,"cost":"200003=184","attackAdd":1860,"hpAdd":1860},"2085":{"id":2085,"upgradeType":2,"level":85,"cost":"200003=185","attackAdd":1880,"hpAdd":1880},"2086":{"id":2086,"upgradeType":2,"level":86,"cost":"200003=186","attackAdd":1900,"hpAdd":1900},"2087":{"id":2087,"upgradeType":2,"level":87,"cost":"200003=187","attackAdd":1920,"hpAdd":1920},"2088":{"id":2088,"upgradeType":2,"level":88,"cost":"200003=188","attackAdd":1940,"hpAdd":1940},"2089":{"id":2089,"upgradeType":2,"level":89,"cost":"200003=189","attackAdd":1960,"hpAdd":1960},"2090":{"id":2090,"upgradeType":2,"level":90,"cost":"200003=190","attackAdd":1980,"hpAdd":1980},"2091":{"id":2091,"upgradeType":2,"level":91,"cost":"200003=191","attackAdd":2000,"hpAdd":2000},"2092":{"id":2092,"upgradeType":2,"level":92,"cost":"200003=192","attackAdd":2020,"hpAdd":2020},"2093":{"id":2093,"upgradeType":2,"level":93,"cost":"200003=193","attackAdd":2040,"hpAdd":2040},"2094":{"id":2094,"upgradeType":2,"level":94,"cost":"200003=194","attackAdd":2060,"hpAdd":2060},"2095":{"id":2095,"upgradeType":2,"level":95,"cost":"200003=195","attackAdd":2080,"hpAdd":2080},"2096":{"id":2096,"upgradeType":2,"level":96,"cost":"200003=196","attackAdd":2100,"hpAdd":2100},"2097":{"id":2097,"upgradeType":2,"level":97,"cost":"200003=197","attackAdd":2120,"hpAdd":2120},"2098":{"id":2098,"upgradeType":2,"level":98,"cost":"200003=198","attackAdd":2140,"hpAdd":2140},"2099":{"id":2099,"upgradeType":2,"level":99,"cost":"200003=199","attackAdd":2160,"hpAdd":2160},"2100":{"id":2100,"upgradeType":2,"level":100,"cost":"200003=200","attackAdd":2180,"hpAdd":2180}}