{"1":{"id":1,"name":"UnionFight_Name-1","upRank":500,"relegateRank":0,"autoDemote":0,"characterNum":"1|2|5","divisionReward":"105038=3000|100004=50","presidentReward":"105038=3000|100004=50","fightReward":"105038=300|100047=20"},"2":{"id":2,"name":"UnionFight_Name-2","upRank":400,"relegateRank":100,"autoDemote":1,"characterNum":"1|2|6","divisionReward":"105038=4500|100004=60","presidentReward":"105038=4500|100004=60","fightReward":"105038=300|100047=40"},"3":{"id":3,"name":"UnionFight_Name-3","upRank":300,"relegateRank":300,"autoDemote":1,"characterNum":"2|2|6","divisionReward":"105038=6000|100004=70","presidentReward":"105038=6000|100004=70","fightReward":"105038=300|100047=60"},"4":{"id":4,"name":"UnionFight_Name-4","upRank":200,"relegateRank":500,"autoDemote":1,"characterNum":"2|3|6","divisionReward":"105038=7500|100004=80","presidentReward":"105038=7500|100004=80","fightReward":"105038=300|100047=80"},"5":{"id":5,"name":"UnionFight_Name-5","upRank":200,"relegateRank":700,"autoDemote":1,"characterNum":"2|3|7","divisionReward":"105038=9000|100004=90","presidentReward":"105038=9000|100004=90","fightReward":"105038=300|100047=100"},"6":{"id":6,"name":"UnionFight_Name-6","upRank":0,"relegateRank":700,"autoDemote":1,"characterNum":"2|3|8","divisionReward":"105038=12000|100004=100","presidentReward":"105038=12000|100004=100|220002=1","fightReward":"105038=300|100047=120"}}