{"1":{"id":1,"name":"WildBoss_Name-1","background":10003,"unlockLevel":1,"mosterList":101001,"mosterLevelList":5,"rewards":"100004=10|100000=15","repeatRewards":"100004=10","repeatCost":"100000=6"},"2":{"id":2,"name":"WildBoss_Name-2","background":10003,"unlockLevel":2,"mosterList":101001,"mosterLevelList":11,"rewards":"100004=12|100000=15","repeatRewards":"100004=15","repeatCost":"100000=8"},"3":{"id":3,"name":"WildBoss_Name-3","background":10003,"unlockLevel":3,"mosterList":101001,"mosterLevelList":13,"rewards":"100004=15|100000=20","repeatRewards":"100004=20","repeatCost":"100000=12"},"4":{"id":4,"name":"WildBoss_Name-4","background":10003,"unlockLevel":4,"mosterList":101002,"mosterLevelList":17,"rewards":"100004=20|100000=20","repeatRewards":"100004=25","repeatCost":"100000=16"},"5":{"id":5,"name":"WildBoss_Name-5","background":10003,"unlockLevel":5,"mosterList":101002,"mosterLevelList":20,"rewards":"100004=24|100000=30","repeatRewards":"100004=30","repeatCost":"100000=20"},"6":{"id":6,"name":"WildBoss_Name-6","background":10003,"unlockLevel":6,"mosterList":101002,"mosterLevelList":24,"rewards":"100004=30|100000=50","repeatRewards":"100004=40","repeatCost":"100000=24"},"7":{"id":7,"name":"WildBoss_Name-7","background":10003,"unlockLevel":7,"mosterList":100017,"mosterLevelList":30,"rewards":"100004=30|100023=1","repeatRewards":"100004=45","repeatCost":"100000=28"},"8":{"id":8,"name":"WildBoss_Name-8","background":10003,"unlockLevel":8,"mosterList":100017,"mosterLevelList":36,"rewards":"100004=36|100023=1","repeatRewards":"100004=50","repeatCost":"100000=32"},"9":{"id":9,"name":"WildBoss_Name-9","background":10003,"unlockLevel":9,"mosterList":100017,"mosterLevelList":43,"rewards":"100004=45|100023=1","repeatRewards":"100004=60","repeatCost":"100000=36"},"10":{"id":10,"name":"WildBoss_Name-10","background":10003,"unlockLevel":10,"mosterList":101003,"mosterLevelList":50,"rewards":"100004=40|100023=3","repeatRewards":"100004=65","repeatCost":"100000=40"},"11":{"id":11,"name":"WildBoss_Name-11","background":10003,"unlockLevel":11,"mosterList":101003,"mosterLevelList":56,"rewards":"100004=48|100023=3","repeatRewards":"100004=70","repeatCost":"100000=44"},"12":{"id":12,"name":"WildBoss_Name-12","background":10003,"unlockLevel":12,"mosterList":101003,"mosterLevelList":62,"rewards":"100004=60|100023=3","repeatRewards":"100004=80","repeatCost":"100000=48"},"13":{"id":13,"name":"WildBoss_Name-13","background":10003,"unlockLevel":13,"mosterList":101004,"mosterLevelList":70,"rewards":"100004=50|100023=5","repeatRewards":"100004=85","repeatCost":"100000=48"},"14":{"id":14,"name":"WildBoss_Name-14","background":10003,"unlockLevel":14,"mosterList":101004,"mosterLevelList":76,"rewards":"100004=60|100023=5","repeatRewards":"100004=90","repeatCost":"100000=48"},"15":{"id":15,"name":"WildBoss_Name-15","background":10003,"unlockLevel":15,"mosterList":101004,"mosterLevelList":81,"rewards":"100004=75|100023=5","repeatRewards":"100004=100","repeatCost":"100000=48"},"16":{"id":16,"name":"WildBoss_Name-16","background":10003,"unlockLevel":16,"mosterList":101005,"mosterLevelList":93,"rewards":"100004=60|100023=6","repeatRewards":"100004=105","repeatCost":"100000=48"},"17":{"id":17,"name":"WildBoss_Name-17","background":10003,"unlockLevel":17,"mosterList":101005,"mosterLevelList":102,"rewards":"100004=72|100023=6","repeatRewards":"100004=110","repeatCost":"100000=48"},"18":{"id":18,"name":"WildBoss_Name-18","background":10003,"unlockLevel":18,"mosterList":101005,"mosterLevelList":111,"rewards":"100004=90|100023=6","repeatRewards":"100004=120","repeatCost":"100000=48"},"19":{"id":19,"name":"WildBoss_Name-19","background":10003,"unlockLevel":19,"mosterList":101006,"mosterLevelList":123,"rewards":"100004=70|100023=8","repeatRewards":"100004=125","repeatCost":"100000=48"},"20":{"id":20,"name":"WildBoss_Name-20","background":10003,"unlockLevel":20,"mosterList":101006,"mosterLevelList":132,"rewards":"100004=84|100023=8","repeatRewards":"100004=130","repeatCost":"100000=48"},"21":{"id":21,"name":"WildBoss_Name-21","background":10003,"unlockLevel":21,"mosterList":101006,"mosterLevelList":140,"rewards":"100004=105|100023=8","repeatRewards":"100004=140","repeatCost":"100000=48"},"22":{"id":22,"name":"WildBoss_Name-22","background":10003,"unlockLevel":22,"mosterList":101007,"mosterLevelList":156,"rewards":"100004=80|100023=10","repeatRewards":"100004=145","repeatCost":"100000=48"},"23":{"id":23,"name":"WildBoss_Name-23","background":10003,"unlockLevel":23,"mosterList":101007,"mosterLevelList":168,"rewards":"100004=96|100023=10","repeatRewards":"100004=150","repeatCost":"100000=48"},"24":{"id":24,"name":"WildBoss_Name-24","background":10003,"unlockLevel":24,"mosterList":101007,"mosterLevelList":180,"rewards":"100004=120|100023=10","repeatRewards":"100004=160","repeatCost":"100000=48"},"25":{"id":25,"name":"WildBoss_Name-25","background":10003,"unlockLevel":25,"mosterList":101008,"mosterLevelList":199,"rewards":"100004=90|100023=10","repeatRewards":"100004=165","repeatCost":"100000=48"},"26":{"id":26,"name":"WildBoss_Name-26","background":10003,"unlockLevel":26,"mosterList":101008,"mosterLevelList":214,"rewards":"100004=108|100023=10","repeatRewards":"100004=170","repeatCost":"100000=48"},"27":{"id":27,"name":"WildBoss_Name-27","background":10003,"unlockLevel":27,"mosterList":101008,"mosterLevelList":229,"rewards":"100004=135|100023=10","repeatRewards":"100004=180","repeatCost":"100000=48"},"28":{"id":28,"name":"WildBoss_Name-28","background":10003,"unlockLevel":28,"mosterList":101009,"mosterLevelList":252,"rewards":"100004=100|100023=10","repeatRewards":"100004=185","repeatCost":"100000=48"},"29":{"id":29,"name":"WildBoss_Name-29","background":10003,"unlockLevel":29,"mosterList":101009,"mosterLevelList":270,"rewards":"100004=120|100023=10","repeatRewards":"100004=190","repeatCost":"100000=48"},"30":{"id":30,"name":"WildBoss_Name-30","background":10003,"unlockLevel":30,"mosterList":101009,"mosterLevelList":284,"rewards":"100004=150|100023=10","repeatRewards":"100004=200","repeatCost":"100000=48"},"31":{"id":31,"name":"WildBoss_Name-31","background":10003,"unlockLevel":31,"mosterList":101010,"mosterLevelList":298,"rewards":"100004=100|100023=10","repeatRewards":"100004=200","repeatCost":"100000=48"},"32":{"id":32,"name":"WildBoss_Name-32","background":10003,"unlockLevel":32,"mosterList":101010,"mosterLevelList":312,"rewards":"100004=150|100023=10","repeatRewards":"100004=200","repeatCost":"100000=48"},"33":{"id":33,"name":"WildBoss_Name-33","background":10003,"unlockLevel":33,"mosterList":101010,"mosterLevelList":326,"rewards":"100004=250|100023=10","repeatRewards":"100004=200","repeatCost":"100000=48"}}